timestamp,poa_wm2,tamb_c,wind_ms,pv_ac_kw,inverter_availability,curtailment_setpoint
2025-01-01 00:00,0.0,7.4,2.4,0.0,1.0,1.0
2025-01-01 01:00,0.0,6.6,2.3,0.0,1.0,1.0
2025-01-01 02:00,0.0,6.1,2.1,0.0,1.0,1.0
2025-01-01 03:00,0.0,5.9,1.9,0.0,1.0,1.0
2025-01-01 04:00,0.0,6.1,1.9,0.0,1.0,1.0
2025-01-01 05:00,0.0,6.6,2.1,0.0,1.0,1.0
2025-01-01 06:00,0.0,7.4,1.9,0.0,1.0,1.0
2025-01-01 07:00,8.0,8.4,1.7,37.7,1.0,1.0
2025-01-01 08:00,104.0,9.6,1.3,468.6,1.0,1.0
2025-01-01 09:00,172.0,10.9,1.9,775.7,1.0,1.0
2025-01-01 10:00,213.0,12.2,1.6,949.3,1.0,1.0
2025-01-01 11:00,224.0,13.4,2.2,1019.4,1.0,1.0
2025-01-01 12:00,249.0,14.4,4.0,1109.6,1.0,1.0
2025-01-01 13:00,215.0,15.2,3.9,975.3,1.0,1.0
2025-01-01 14:00,172.0,15.7,3.6,763.0,1.0,1.0
2025-01-01 15:00,97.0,15.9,3.0,441.3,1.0,1.0
2025-01-01 16:00,7.0,15.7,3.9,32.0,1.0,1.0
2025-01-01 17:00,0.0,15.2,4.0,0.0,1.0,1.0
2025-01-01 18:00,0.0,14.4,3.8,0.0,1.0,1.0
2025-01-01 19:00,0.0,13.4,2.2,0.0,1.0,1.0
2025-01-01 20:00,0.0,12.2,3.2,0.0,1.0,1.0
2025-01-01 21:00,0.0,10.9,3.1,0.0,1.0,1.0
2025-01-01 22:00,0.0,9.6,1.1,0.0,1.0,1.0
2025-01-01 23:00,0.0,8.4,2.1,0.0,1.0,1.0
2025-01-02 00:00,0.0,3.4,2.7,0.0,1.0,1.0
2025-01-02 01:00,0.0,2.6,2.4,0.0,1.0,1.0
2025-01-02 02:00,0.0,2.1,1.9,0.0,1.0,1.0
2025-01-02 03:00,0.0,2.0,2.0,0.0,1.0,1.0
2025-01-02 04:00,0.0,2.1,2.7,0.0,1.0,1.0
2025-01-02 05:00,0.0,2.6,1.0,0.0,1.0,1.0
2025-01-02 06:00,0.0,3.4,2.8,0.0,1.0,1.0
2025-01-02 07:00,7.0,4.5,2.4,33.0,1.0,1.0
2025-01-02 08:00,82.0,5.7,1.8,382.7,1.0,1.0
2025-01-02 09:00,152.0,7.0,1.2,697.9,1.0,1.0
2025-01-02 10:00,198.0,8.3,3.1,908.2,1.0,1.0
2025-01-02 11:00,219.0,9.5,3.2,1003.8,1.0,1.0
2025-01-02 12:00,224.0,10.5,2.9,1002.0,1.0,1.0
2025-01-02 13:00,194.0,11.3,3.1,877.3,1.0,1.0
2025-01-02 14:00,139.0,11.8,4.2,640.9,1.0,1.0
2025-01-02 15:00,91.0,12.0,4.3,415.7,1.0,1.0
2025-01-02 16:00,7.0,11.8,3.5,31.6,1.0,1.0
2025-01-02 17:00,0.0,11.3,3.1,0.0,1.0,1.0
2025-01-02 18:00,0.0,10.5,3.0,0.0,1.0,1.0
2025-01-02 19:00,0.0,9.5,3.0,0.0,1.0,1.0
2025-01-02 20:00,0.0,8.3,2.8,0.0,1.0,1.0
2025-01-02 21:00,0.0,7.0,1.9,0.0,1.0,1.0
2025-01-02 22:00,0.0,5.7,1.1,0.0,1.0,1.0
2025-01-02 23:00,0.0,4.5,2.0,0.0,1.0,1.0
2025-01-03 00:00,0.0,2.6,2.3,0.0,1.0,1.0
2025-01-03 01:00,0.0,1.8,2.8,0.0,1.0,1.0
2025-01-03 02:00,0.0,1.3,1.4,0.0,1.0,1.0
2025-01-03 03:00,0.0,1.1,2.0,0.0,1.0,1.0
2025-01-03 04:00,0.0,1.3,2.2,0.0,1.0,1.0
2025-01-03 05:00,0.0,1.8,1.5,0.0,1.0,1.0
2025-01-03 06:00,0.0,2.6,2.5,0.0,1.0,1.0
2025-01-03 07:00,24.0,3.6,1.2,113.0,1.0,1.0
2025-01-03 08:00,146.0,4.8,2.4,682.9,1.0,1.0
2025-01-03 09:00,238.0,6.1,1.5,1082.8,1.0,1.0
2025-01-03 10:00,313.0,7.4,2.0,1442.0,1.0,1.0
2025-01-03 11:00,336.0,8.6,1.8,1501.2,1.0,1.0
2025-01-03 12:00,363.0,9.6,2.8,1657.6,1.0,1.0
2025-01-03 13:00,296.0,10.4,4.1,1355.2,1.0,1.0
2025-01-03 14:00,253.0,10.9,3.4,1128.1,1.0,1.0
2025-01-03 15:00,145.0,11.1,4.5,670.4,1.0,1.0
2025-01-03 16:00,25.0,10.9,4.2,115.4,1.0,1.0
2025-01-03 17:00,0.0,10.4,3.6,0.0,1.0,1.0
2025-01-03 18:00,0.0,9.6,2.2,0.0,1.0,1.0
2025-01-03 19:00,0.0,8.6,2.7,0.0,1.0,1.0
2025-01-03 20:00,0.0,7.4,2.8,0.0,1.0,1.0
2025-01-03 21:00,0.0,6.1,2.0,0.0,1.0,1.0
2025-01-03 22:00,0.0,4.8,2.5,0.0,1.0,1.0
2025-01-03 23:00,0.0,3.6,2.7,0.0,1.0,1.0
2025-01-04 00:00,0.0,4.0,1.8,0.0,1.0,1.0
2025-01-04 01:00,0.0,3.2,1.7,0.0,1.0,1.0
2025-01-04 02:00,0.0,2.7,1.4,0.0,1.0,1.0
2025-01-04 03:00,0.0,2.5,1.9,0.0,1.0,1.0
2025-01-04 04:00,0.0,2.7,0.6,0.0,1.0,1.0
2025-01-04 05:00,0.0,3.2,1.7,0.0,1.0,1.0
2025-01-04 06:00,0.0,4.0,2.1,0.0,1.0,1.0
2025-01-04 07:00,45.0,5.0,0.7,213.8,1.0,1.0
2025-01-04 08:00,248.0,6.2,2.1,1136.5,1.0,1.0
2025-01-04 09:00,351.0,7.5,1.8,1617.0,1.0,1.0
2025-01-04 10:00,466.0,8.8,2.3,2023.3,1.0,1.0
2025-01-04 11:00,547.0,10.0,2.9,2395.1,1.0,1.0
2025-01-04 12:00,519.0,11.0,2.1,2291.6,1.0,1.0
2025-01-04 13:00,466.0,11.8,2.7,2040.8,1.0,1.0
2025-01-04 14:00,369.0,12.3,3.7,1620.8,1.0,1.0
2025-01-04 15:00,234.0,12.5,4.1,1050.2,1.0,1.0
2025-01-04 16:00,43.0,12.3,3.7,196.4,1.0,1.0
2025-01-04 17:00,0.0,11.8,5.2,0.0,1.0,1.0
2025-01-04 18:00,0.0,11.0,3.3,0.0,1.0,1.0
2025-01-04 19:00,0.0,10.0,3.2,0.0,1.0,1.0
2025-01-04 20:00,0.0,8.8,2.6,0.0,1.0,1.0
2025-01-04 21:00,0.0,7.5,1.8,0.0,1.0,1.0
2025-01-04 22:00,0.0,6.2,2.7,0.0,1.0,1.0
2025-01-04 23:00,0.0,5.0,1.3,0.0,1.0,1.0
2025-01-05 00:00,0.0,4.3,1.7,0.0,1.0,1.0
2025-01-05 01:00,0.0,3.5,1.2,0.0,1.0,1.0
2025-01-05 02:00,0.0,3.0,3.0,0.0,1.0,1.0
2025-01-05 03:00,0.0,2.8,1.8,0.0,1.0,1.0
2025-01-05 04:00,0.0,3.0,1.9,0.0,1.0,1.0
2025-01-05 05:00,0.0,3.5,1.8,0.0,1.0,1.0
2025-01-05 06:00,0.0,4.3,2.3,0.0,1.0,1.0
2025-01-05 07:00,15.0,5.3,2.0,71.2,1.0,1.0
2025-01-05 08:00,109.0,6.5,1.7,514.3,1.0,1.0
2025-01-05 09:00,166.0,7.8,1.6,741.6,1.0,1.0
2025-01-05 10:00,223.0,9.1,2.2,1011.4,1.0,1.0
2025-01-05 11:00,255.0,10.3,1.9,1141.6,1.0,1.0
2025-01-05 12:00,271.0,11.4,4.2,1218.8,1.0,1.0
2025-01-05 13:00,240.0,12.2,2.9,1078.2,1.0,1.0
2025-01-05 14:00,183.0,12.7,4.1,829.9,1.0,1.0
2025-01-05 15:00,109.0,12.8,4.2,498.6,1.0,1.0
2025-01-05 16:00,16.0,12.7,3.5,74.4,1.0,1.0
2025-01-05 17:00,0.0,12.2,2.5,0.0,1.0,1.0
2025-01-05 18:00,0.0,11.4,2.9,0.0,1.0,1.0
2025-01-05 19:00,0.0,10.3,2.6,0.0,1.0,1.0
2025-01-05 20:00,0.0,9.1,2.0,0.0,1.0,1.0
2025-01-05 21:00,0.0,7.8,2.3,0.0,1.0,1.0
2025-01-05 22:00,0.0,6.5,1.7,0.0,1.0,1.0
2025-01-05 23:00,0.0,5.3,1.5,0.0,1.0,1.0
2025-01-06 00:00,0.0,5.7,1.7,0.0,1.0,1.0
2025-01-06 01:00,0.0,4.9,2.6,0.0,1.0,1.0
2025-01-06 02:00,0.0,4.4,1.9,0.0,1.0,1.0
2025-01-06 03:00,0.0,4.3,1.6,0.0,1.0,1.0
2025-01-06 04:00,0.0,4.4,1.4,0.0,1.0,1.0
2025-01-06 05:00,0.0,4.9,2.5,0.0,1.0,1.0
2025-01-06 06:00,0.0,5.7,2.4,0.0,1.0,1.0
2025-01-06 07:00,10.0,6.8,1.5,47.4,1.0,1.0
2025-01-06 08:00,83.0,8.0,1.8,384.2,1.0,1.0
2025-01-06 09:00,147.0,9.3,2.7,675.0,1.0,1.0
2025-01-06 10:00,188.0,10.6,2.1,871.6,1.0,1.0
2025-01-06 11:00,195.0,11.8,3.8,888.6,1.0,1.0
2025-01-06 12:00,211.0,12.8,3.4,950.8,1.0,1.0
2025-01-06 13:00,176.0,13.6,2.6,797.3,1.0,1.0
2025-01-06 14:00,148.0,14.1,3.7,647.7,1.0,1.0
2025-01-06 15:00,83.0,14.3,4.6,371.0,1.0,1.0
2025-01-06 16:00,12.0,14.1,2.6,55.0,1.0,1.0
2025-01-06 17:00,0.0,13.6,3.7,0.0,1.0,1.0
2025-01-06 18:00,0.0,12.8,3.0,0.0,1.0,1.0
2025-01-06 19:00,0.0,11.8,2.7,0.0,1.0,1.0
2025-01-06 20:00,0.0,10.6,2.9,0.0,1.0,1.0
2025-01-06 21:00,0.0,9.3,2.4,0.0,1.0,1.0
2025-01-06 22:00,0.0,8.0,2.8,0.0,1.0,1.0
2025-01-06 23:00,0.0,6.8,2.5,0.0,1.0,1.0
2025-01-07 00:00,0.0,6.7,1.3,0.0,1.0,1.0
2025-01-07 01:00,0.0,5.9,1.6,0.0,1.0,1.0
2025-01-07 02:00,0.0,5.4,2.4,0.0,1.0,1.0
2025-01-07 03:00,0.0,5.2,1.6,0.0,1.0,1.0
2025-01-07 04:00,0.0,5.4,1.3,0.0,1.0,1.0
2025-01-07 05:00,0.0,5.9,1.2,0.0,1.0,1.0
2025-01-07 06:00,0.0,6.7,2.3,0.0,1.0,1.0
2025-01-07 07:00,14.0,7.7,2.7,64.8,1.0,1.0
2025-01-07 08:00,92.0,8.9,1.4,424.2,1.0,1.0
2025-01-07 09:00,164.0,10.2,1.4,751.9,1.0,1.0
2025-01-07 10:00,222.0,11.5,2.1,989.4,1.0,1.0
2025-01-07 11:00,231.0,12.7,1.7,1035.9,1.0,1.0
2025-01-07 12:00,233.0,13.7,3.5,1047.6,1.0,1.0
2025-01-07 13:00,206.0,14.5,3.7,921.8,1.0,1.0
2025-01-07 14:00,158.0,15.0,2.9,717.7,1.0,1.0
2025-01-07 15:00,94.0,15.2,5.0,428.6,1.0,1.0
2025-01-07 16:00,15.0,15.0,3.8,68.2,1.0,1.0
2025-01-07 17:00,0.0,14.5,3.7,0.0,1.0,1.0
2025-01-07 18:00,0.0,13.7,3.2,0.0,1.0,1.0
2025-01-07 19:00,0.0,12.7,2.4,0.0,1.0,1.0
2025-01-07 20:00,0.0,11.5,2.2,0.0,1.0,1.0
2025-01-07 21:00,0.0,10.2,1.4,0.0,1.0,1.0
2025-01-07 22:00,0.0,8.9,1.1,0.0,1.0,1.0
2025-01-07 23:00,0.0,7.7,2.4,0.0,1.0,1.0
2025-01-08 00:00,0.0,5.8,1.9,0.0,1.0,1.0
2025-01-08 01:00,0.0,5.0,2.9,0.0,1.0,1.0
2025-01-08 02:00,0.0,4.5,3.0,0.0,1.0,1.0
2025-01-08 03:00,0.0,4.3,2.8,0.0,1.0,1.0
2025-01-08 04:00,0.0,4.5,1.5,0.0,1.0,1.0
2025-01-08 05:00,0.0,5.0,2.0,0.0,1.0,1.0
2025-01-08 06:00,0.0,5.8,3.3,0.0,1.0,1.0
2025-01-08 07:00,18.0,6.8,1.2,84.0,1.0,1.0
2025-01-08 08:00,105.0,8.0,2.1,482.3,1.0,1.0
2025-01-08 09:00,176.0,9.3,1.8,812.2,1.0,1.0
2025-01-08 10:00,220.0,10.6,2.3,986.6,1.0,1.0
2025-01-08 11:00,260.0,11.8,2.8,1188.2,1.0,1.0
2025-01-08 12:00,264.0,12.8,2.8,1176.7,1.0,1.0
2025-01-08 13:00,227.0,13.6,3.8,1028.7,1.0,1.0
2025-01-08 14:00,184.0,14.1,4.2,846.2,1.0,1.0
2025-01-08 15:00,106.0,14.3,2.5,480.1,1.0,1.0
2025-01-08 16:00,17.0,14.1,3.7,76.5,1.0,1.0
2025-01-08 17:00,0.0,13.6,3.1,0.0,1.0,1.0
2025-01-08 18:00,0.0,12.8,3.6,0.0,1.0,1.0
2025-01-08 19:00,0.0,11.8,3.1,0.0,1.0,1.0
2025-01-08 20:00,0.0,10.6,2.1,0.0,1.0,1.0
2025-01-08 21:00,0.0,9.3,2.0,0.0,1.0,1.0
2025-01-08 22:00,0.0,8.0,1.7,0.0,1.0,1.0
2025-01-08 23:00,0.0,6.8,2.0,0.0,1.0,1.0
2025-01-09 00:00,0.0,2.0,2.1,0.0,1.0,1.0
2025-01-09 01:00,0.0,1.2,2.7,0.0,1.0,1.0
2025-01-09 02:00,0.0,0.7,0.9,0.0,1.0,1.0
2025-01-09 03:00,0.0,0.5,0.9,0.0,1.0,1.0
2025-01-09 04:00,0.0,0.7,1.4,0.0,1.0,1.0
2025-01-09 05:00,0.0,1.2,1.7,0.0,1.0,1.0
2025-01-09 06:00,0.0,2.0,1.5,0.0,1.0,1.0
2025-01-09 07:00,42.0,3.0,2.3,200.6,1.0,1.0
2025-01-09 08:00,200.0,4.2,2.5,925.5,1.0,1.0
2025-01-09 09:00,298.0,5.5,2.0,1402.1,1.0,1.0
2025-01-09 10:00,401.0,6.8,3.2,1824.9,1.0,1.0
2025-01-09 11:00,432.0,8.0,3.3,1943.5,1.0,1.0
2025-01-09 12:00,435.0,9.0,2.0,1918.5,1.0,1.0
2025-01-09 13:00,380.0,9.8,3.9,1712.2,1.0,1.0
2025-01-09 14:00,312.0,10.3,3.8,1385.0,1.0,1.0
2025-01-09 15:00,203.0,10.5,4.0,937.5,1.0,1.0
2025-01-09 16:00,45.0,10.3,3.9,207.4,1.0,1.0
2025-01-09 17:00,0.0,9.8,3.7,0.0,1.0,1.0
2025-01-09 18:00,0.0,9.0,2.9,0.0,1.0,1.0
2025-01-09 19:00,0.0,8.0,2.5,0.0,1.0,1.0
2025-01-09 20:00,0.0,6.8,3.0,0.0,1.0,1.0
2025-01-09 21:00,0.0,5.5,3.0,0.0,1.0,1.0
2025-01-09 22:00,0.0,4.2,2.6,0.0,1.0,1.0
2025-01-09 23:00,0.0,3.0,2.0,0.0,1.0,1.0
2025-01-10 00:00,0.0,6.4,1.8,0.0,1.0,1.0
2025-01-10 01:00,0.0,5.6,3.3,0.0,1.0,1.0
2025-01-10 02:00,0.0,5.1,2.7,0.0,1.0,1.0
2025-01-10 03:00,0.0,5.0,1.9,0.0,1.0,1.0
2025-01-10 04:00,0.0,5.1,2.4,0.0,1.0,1.0
2025-01-10 05:00,0.0,5.6,2.0,0.0,1.0,1.0
2025-01-10 06:00,0.0,6.4,2.4,0.0,1.0,1.0
2025-01-10 07:00,37.0,7.5,3.0,171.4,1.0,1.0
2025-01-10 08:00,167.0,8.7,2.4,765.0,1.0,1.0
2025-01-10 09:00,278.0,10.0,2.3,1257.8,1.0,1.0
2025-01-10 10:00,346.0,11.2,3.0,1538.1,1.0,1.0
2025-01-10 11:00,387.0,12.5,3.7,1695.6,1.0,1.0
2025-01-10 12:00,388.0,13.5,3.3,1733.7,1.0,1.0
2025-01-10 13:00,340.0,14.3,3.2,1497.4,1.0,1.0
2025-01-10 14:00,258.0,14.8,3.2,1142.9,1.0,1.0
2025-01-10 15:00,175.0,15.0,3.4,779.1,1.0,1.0
2025-01-10 16:00,37.0,14.8,4.7,170.0,1.0,1.0
2025-01-10 17:00,0.0,14.3,3.1,0.0,1.0,1.0
2025-01-10 18:00,0.0,13.5,2.7,0.0,1.0,1.0
2025-01-10 19:00,0.0,12.5,2.9,0.0,1.0,1.0
2025-01-10 20:00,0.0,11.2,2.1,0.0,1.0,1.0
2025-01-10 21:00,0.0,10.0,1.8,0.0,1.0,1.0
2025-01-10 22:00,0.0,8.7,2.9,0.0,1.0,1.0
2025-01-10 23:00,0.0,7.5,1.3,0.0,1.0,1.0
2025-01-11 00:00,0.0,2.2,3.1,0.0,1.0,1.0
2025-01-11 01:00,0.0,1.4,2.7,0.0,1.0,1.0
2025-01-11 02:00,0.0,0.9,1.2,0.0,1.0,1.0
2025-01-11 03:00,0.0,0.7,2.7,0.0,1.0,1.0
2025-01-11 04:00,0.0,0.9,1.6,0.0,1.0,1.0
2025-01-11 05:00,0.0,1.4,1.8,0.0,1.0,1.0
2025-01-11 06:00,0.0,2.2,1.1,0.0,1.0,1.0
2025-01-11 07:00,26.0,3.2,1.5,122.0,1.0,1.0
2025-01-11 08:00,131.0,4.4,2.0,598.8,1.0,1.0
2025-01-11 09:00,203.0,5.7,2.0,934.0,1.0,1.0
2025-01-11 10:00,262.0,7.0,2.4,1189.7,1.0,1.0
2025-01-11 11:00,293.0,8.2,2.9,1301.8,1.0,1.0
2025-01-11 12:00,274.0,9.3,2.9,1256.6,1.0,1.0
2025-01-11 13:00,259.0,10.1,2.9,1194.9,1.0,1.0
2025-01-11 14:00,205.0,10.6,2.5,925.6,1.0,1.0
2025-01-11 15:00,128.0,10.7,3.8,575.1,1.0,1.0
2025-01-11 16:00,22.0,10.6,4.3,103.9,1.0,1.0
2025-01-11 17:00,0.0,10.1,3.8,0.0,1.0,1.0
2025-01-11 18:00,0.0,9.3,3.1,0.0,1.0,1.0
2025-01-11 19:00,0.0,8.2,2.7,0.0,1.0,1.0
2025-01-11 20:00,0.0,7.0,1.8,0.0,1.0,1.0
2025-01-11 21:00,0.0,5.7,1.0,0.0,1.0,1.0
2025-01-11 22:00,0.0,4.4,1.8,0.0,1.0,1.0
2025-01-11 23:00,0.0,3.2,2.1,0.0,1.0,1.0
2025-01-12 00:00,0.0,3.4,2.2,0.0,1.0,1.0
2025-01-12 01:00,0.0,2.6,3.1,0.0,1.0,1.0
2025-01-12 02:00,0.0,2.1,0.9,0.0,1.0,1.0
2025-01-12 03:00,0.0,1.9,0.8,0.0,1.0,1.0
2025-01-12 04:00,0.0,2.1,2.2,0.0,1.0,1.0
2025-01-12 05:00,0.0,2.6,2.9,0.0,1.0,1.0
2025-01-12 06:00,0.0,3.4,1.9,0.0,1.0,1.0
2025-01-12 07:00,29.0,4.4,2.4,134.9,1.0,1.0
2025-01-12 08:00,128.0,5.6,2.3,596.4,1.0,1.0
2025-01-12 09:00,221.0,6.9,3.2,1007.9,1.0,1.0
2025-01-12 10:00,273.0,8.2,1.4,1250.4,1.0,1.0
2025-01-12 11:00,310.0,9.4,1.4,1402.8,1.0,1.0
2025-01-12 12:00,311.0,10.5,3.3,1390.5,1.0,1.0
2025-01-12 13:00,296.0,11.3,2.9,1364.3,1.0,1.0
2025-01-12 14:00,221.0,11.8,4.8,995.5,1.0,1.0
2025-01-12 15:00,140.0,11.9,3.3,631.9,1.0,1.0
2025-01-12 16:00,29.0,11.8,4.0,134.7,1.0,1.0
2025-01-12 17:00,0.0,11.3,3.7,0.0,1.0,1.0
2025-01-12 18:00,0.0,10.5,3.8,0.0,1.0,1.0
2025-01-12 19:00,0.0,9.4,2.3,0.0,1.0,1.0
2025-01-12 20:00,0.0,8.2,3.0,0.0,1.0,1.0
2025-01-12 21:00,0.0,6.9,2.2,0.0,1.0,1.0
2025-01-12 22:00,0.0,5.6,2.5,0.0,1.0,1.0
2025-01-12 23:00,0.0,4.4,2.1,0.0,1.0,1.0
2025-01-13 00:00,0.0,4.4,1.4,0.0,1.0,1.0
2025-01-13 01:00,0.0,3.7,2.2,0.0,1.0,1.0
2025-01-13 02:00,0.0,3.2,2.3,0.0,1.0,1.0
2025-01-13 03:00,0.0,3.0,1.3,0.0,1.0,1.0
2025-01-13 04:00,0.0,3.2,1.3,0.0,1.0,1.0
2025-01-13 05:00,0.0,3.7,1.2,0.0,1.0,1.0
2025-01-13 06:00,0.0,4.4,2.1,0.0,1.0,1.0
2025-01-13 07:00,73.0,5.5,1.7,334.0,1.0,1.0
2025-01-13 08:00,281.0,6.7,2.3,1282.6,1.0,1.0
2025-01-13 09:00,429.0,8.0,1.4,1915.4,1.0,1.0
2025-01-13 10:00,553.0,9.3,2.1,2401.2,1.0,1.0
2025-01-13 11:00,559.0,10.5,2.3,2410.6,1.0,1.0
2025-01-13 12:00,580.0,11.5,3.0,2578.3,1.0,1.0
2025-01-13 13:00,531.0,12.3,3.0,2288.5,1.0,1.0
2025-01-13 14:00,435.0,12.8,3.6,1875.1,1.0,1.0
2025-01-13 15:00,289.0,13.0,3.6,1287.2,1.0,1.0
2025-01-13 16:00,77.0,12.8,2.9,351.7,1.0,1.0
2025-01-13 17:00,0.0,12.3,3.2,0.0,1.0,1.0
2025-01-13 18:00,0.0,11.5,2.6,0.0,1.0,1.0
2025-01-13 19:00,0.0,10.5,2.3,0.0,1.0,1.0
2025-01-13 20:00,0.0,9.3,2.6,0.0,1.0,1.0
2025-01-13 21:00,0.0,8.0,1.9,0.0,1.0,1.0
2025-01-13 22:00,0.0,6.7,3.3,0.0,1.0,1.0
2025-01-13 23:00,0.0,5.5,2.5,0.0,1.0,1.0
2025-01-14 00:00,0.0,6.5,1.8,0.0,1.0,1.0
2025-01-14 01:00,0.0,5.7,1.3,0.0,1.0,1.0
2025-01-14 02:00,0.0,5.2,1.8,0.0,1.0,1.0
2025-01-14 03:00,0.0,5.0,1.6,0.0,1.0,1.0
2025-01-14 04:00,0.0,5.2,3.0,0.0,1.0,1.0
2025-01-14 05:00,0.0,5.7,1.9,0.0,1.0,1.0
2025-01-14 06:00,0.0,6.5,1.8,0.0,1.0,1.0
2025-01-14 07:00,62.0,7.5,2.0,288.4,1.0,1.0
2025-01-14 08:00,241.0,8.7,2.3,1106.0,1.0,1.0
2025-01-14 09:00,351.0,10.0,2.7,1558.1,1.0,1.0
2025-01-14 10:00,460.0,11.3,3.0,2037.9,1.0,1.0
2025-01-14 11:00,511.0,12.5,2.4,2213.9,1.0,1.0
2025-01-14 12:00,465.0,13.5,1.6,2014.7,1.0,1.0
2025-01-14 13:00,484.0,14.3,3.8,2087.0,1.0,1.0
2025-01-14 14:00,379.0,14.8,3.7,1646.8,1.0,1.0
2025-01-14 15:00,238.0,15.0,3.6,1065.8,1.0,1.0
2025-01-14 16:00,52.0,14.8,3.5,231.7,1.0,1.0
2025-01-14 17:00,0.0,14.3,4.1,0.0,1.0,1.0
2025-01-14 18:00,0.0,13.5,3.8,0.0,1.0,1.0
2025-01-14 19:00,0.0,12.5,3.2,0.0,1.0,1.0
2025-01-14 20:00,0.0,11.3,2.0,0.0,1.0,1.0
2025-01-14 21:00,0.0,10.0,2.3,0.0,1.0,1.0
2025-01-14 22:00,0.0,8.7,1.5,0.0,1.0,1.0
2025-01-14 23:00,0.0,7.5,1.9,0.0,1.0,1.0
2025-01-15 00:00,0.0,6.1,2.0,0.0,1.0,1.0
2025-01-15 01:00,0.0,5.3,2.3,0.0,1.0,1.0
2025-01-15 02:00,0.0,4.8,2.2,0.0,1.0,1.0
2025-01-15 03:00,0.0,4.6,1.8,0.0,1.0,1.0
2025-01-15 04:00,0.0,4.8,1.6,0.0,1.0,1.0
2025-01-15 05:00,0.0,5.3,1.5,0.0,1.0,1.0
2025-01-15 06:00,0.0,6.1,1.5,0.0,1.0,1.0
2025-01-15 07:00,13.0,7.1,1.2,60.6,1.0,1.0
2025-01-15 08:00,65.0,8.3,1.2,301.1,1.0,1.0
2025-01-15 09:00,120.0,9.6,1.3,565.1,1.0,1.0
2025-01-15 10:00,144.0,10.9,3.6,639.7,1.0,1.0
2025-01-15 11:00,169.0,12.1,4.4,768.4,1.0,1.0
2025-01-15 12:00,176.0,13.1,3.0,795.6,1.0,1.0
2025-01-15 13:00,159.0,13.9,3.6,712.2,1.0,1.0
2025-01-15 14:00,118.0,14.4,3.6,534.6,1.0,1.0
2025-01-15 15:00,71.0,14.6,3.6,310.4,1.0,1.0
2025-01-15 16:00,12.0,14.4,3.9,55.1,1.0,1.0
2025-01-15 17:00,0.0,13.9,3.8,0.0,1.0,1.0
2025-01-15 18:00,0.0,13.1,2.7,0.0,1.0,1.0
2025-01-15 19:00,0.0,12.1,2.5,0.0,1.0,1.0
2025-01-15 20:00,0.0,10.9,2.1,0.0,1.0,1.0
2025-01-15 21:00,0.0,9.6,2.5,0.0,1.0,1.0
2025-01-15 22:00,0.0,8.3,2.3,0.0,1.0,1.0
2025-01-15 23:00,0.0,7.1,2.9,0.0,1.0,1.0
2025-01-16 00:00,0.0,4.8,2.0,0.0,1.0,1.0
2025-01-16 01:00,0.0,4.0,1.5,0.0,1.0,1.0
2025-01-16 02:00,0.0,3.5,2.0,0.0,1.0,1.0
2025-01-16 03:00,0.0,3.3,2.3,0.0,1.0,1.0
2025-01-16 04:00,0.0,3.5,2.3,0.0,1.0,1.0
2025-01-16 05:00,0.0,4.0,1.8,0.0,1.0,1.0
2025-01-16 06:00,0.0,4.8,2.2,0.0,1.0,1.0
2025-01-16 07:00,53.0,5.8,1.5,243.3,1.0,1.0
2025-01-16 08:00,198.0,7.0,2.2,918.7,1.0,1.0
2025-01-16 09:00,312.0,8.3,1.7,1406.7,1.0,1.0
2025-01-16 10:00,412.0,9.6,2.0,1819.7,1.0,1.0
2025-01-16 11:00,450.0,10.8,3.7,1987.4,1.0,1.0
2025-01-16 12:00,440.0,11.9,4.0,1973.9,1.0,1.0
2025-01-16 13:00,405.0,12.7,3.5,1830.1,1.0,1.0
2025-01-16 14:00,319.0,13.2,2.9,1420.4,1.0,1.0
2025-01-16 15:00,204.0,13.3,3.7,906.4,1.0,1.0
2025-01-16 16:00,52.0,13.2,2.4,237.9,1.0,1.0
2025-01-16 17:00,0.0,12.7,4.0,0.0,1.0,1.0
2025-01-16 18:00,0.0,11.9,3.8,0.0,1.0,1.0
2025-01-16 19:00,0.0,10.8,2.9,0.0,1.0,1.0
2025-01-16 20:00,0.0,9.6,2.6,0.0,1.0,1.0
2025-01-16 21:00,0.0,8.3,1.9,0.0,1.0,1.0
2025-01-16 22:00,0.0,7.0,1.5,0.0,1.0,1.0
2025-01-16 23:00,0.0,5.8,1.0,0.0,1.0,1.0
2025-01-17 00:00,0.0,7.6,2.0,0.0,1.0,1.0
2025-01-17 01:00,0.0,6.8,2.6,0.0,1.0,1.0
2025-01-17 02:00,0.0,6.3,2.7,0.0,1.0,1.0
2025-01-17 03:00,0.0,6.1,1.2,0.0,1.0,1.0
2025-01-17 04:00,0.0,6.3,1.2,0.0,1.0,1.0
2025-01-17 05:00,0.0,6.8,1.2,0.0,1.0,1.0
2025-01-17 06:00,0.0,7.6,1.6,0.0,1.0,1.0
2025-01-17 07:00,13.0,8.6,2.2,61.0,1.0,1.0
2025-01-17 08:00,69.0,9.8,2.4,325.4,1.0,1.0
2025-01-17 09:00,117.0,11.1,1.6,533.8,1.0,1.0
2025-01-17 10:00,140.0,12.4,2.3,633.4,1.0,1.0
2025-01-17 11:00,172.0,13.6,2.0,769.6,1.0,1.0
2025-01-17 12:00,170.0,14.6,3.8,766.2,1.0,1.0
2025-01-17 13:00,148.0,15.4,2.4,668.4,1.0,1.0
2025-01-17 14:00,120.0,15.9,2.9,538.3,1.0,1.0
2025-01-17 15:00,74.0,16.1,4.3,333.8,1.0,1.0
2025-01-17 16:00,13.0,15.9,3.4,58.6,1.0,1.0
2025-01-17 17:00,0.0,15.4,3.5,0.0,1.0,1.0
2025-01-17 18:00,0.0,14.6,2.7,0.0,1.0,1.0
2025-01-17 19:00,0.0,13.6,2.4,0.0,1.0,1.0
2025-01-17 20:00,0.0,12.4,2.0,0.0,1.0,1.0
2025-01-17 21:00,0.0,11.1,1.7,0.0,1.0,1.0
2025-01-17 22:00,0.0,9.8,2.2,0.0,1.0,1.0
2025-01-17 23:00,0.0,8.6,1.9,0.0,1.0,1.0
2025-01-18 00:00,0.0,4.7,1.2,0.0,1.0,1.0
2025-01-18 01:00,0.0,3.9,2.4,0.0,1.0,1.0
2025-01-18 02:00,0.0,3.4,1.7,0.0,1.0,1.0
2025-01-18 03:00,0.0,3.3,2.9,0.0,1.0,1.0
2025-01-18 04:00,0.0,3.4,1.4,0.0,1.0,1.0
2025-01-18 05:00,0.0,3.9,2.6,0.0,1.0,1.0
2025-01-18 06:00,0.0,4.7,2.4,0.0,1.0,1.0
2025-01-18 07:00,106.0,5.8,1.9,501.6,1.0,1.0
2025-01-18 08:00,315.0,7.0,2.4,1457.5,1.0,1.0
2025-01-18 09:00,481.0,8.3,3.0,2137.0,1.0,1.0
2025-01-18 10:00,582.0,9.5,2.9,2553.6,1.0,1.0
2025-01-18 11:00,659.0,10.8,1.6,2851.5,1.0,1.0
2025-01-18 12:00,687.0,11.8,3.0,2983.4,1.0,1.0
2025-01-18 13:00,592.0,12.6,3.0,2548.2,1.0,1.0
2025-01-18 14:00,520.0,13.1,2.1,2224.4,1.0,1.0
2025-01-18 15:00,315.0,13.3,2.3,1390.8,1.0,1.0
2025-01-18 16:00,97.0,13.1,3.8,439.8,1.0,1.0
2025-01-18 17:00,0.0,12.6,3.1,0.0,1.0,1.0
2025-01-18 18:00,0.0,11.8,3.8,0.0,1.0,1.0
2025-01-18 19:00,0.0,10.8,2.3,0.0,1.0,1.0
2025-01-18 20:00,0.0,9.5,4.0,0.0,1.0,1.0
2025-01-18 21:00,0.0,8.3,1.5,0.0,1.0,1.0
2025-01-18 22:00,0.0,7.0,2.5,0.0,1.0,1.0
2025-01-18 23:00,0.0,5.8,3.2,0.0,1.0,1.0
2025-01-19 00:00,0.0,3.9,2.7,0.0,1.0,1.0
2025-01-19 01:00,0.0,3.2,2.3,0.0,1.0,1.0
2025-01-19 02:00,0.0,2.7,1.4,0.0,1.0,1.0
2025-01-19 03:00,0.0,2.5,2.9,0.0,1.0,1.0
2025-01-19 04:00,0.0,2.7,1.4,0.0,1.0,1.0
2025-01-19 05:00,0.0,3.2,1.5,0.0,1.0,1.0
2025-01-19 06:00,0.0,3.9,2.0,0.0,1.0,1.0
2025-01-19 07:00,54.0,5.0,3.7,249.2,1.0,1.0
2025-01-19 08:00,188.0,6.2,2.7,864.0,1.0,1.0
2025-01-19 09:00,318.0,7.5,2.2,1446.9,1.0,1.0
2025-01-19 10:00,356.0,8.8,1.3,1580.3,1.0,1.0
2025-01-19 11:00,463.0,10.0,3.6,2065.9,1.0,1.0
2025-01-19 12:00,423.0,11.0,2.7,1860.9,1.0,1.0
2025-01-19 13:00,386.0,11.8,3.5,1713.8,1.0,1.0
2025-01-19 14:00,304.0,12.3,3.9,1347.9,1.0,1.0
2025-01-19 15:00,208.0,12.5,3.1,942.8,1.0,1.0
2025-01-19 16:00,55.0,12.3,3.0,254.9,1.0,1.0
2025-01-19 17:00,0.0,11.8,3.3,0.0,1.0,1.0
2025-01-19 18:00,0.0,11.0,2.9,0.0,1.0,1.0
2025-01-19 19:00,0.0,10.0,3.1,0.0,1.0,1.0
2025-01-19 20:00,0.0,8.8,2.6,0.0,1.0,1.0
2025-01-19 21:00,0.0,7.5,1.6,0.0,1.0,1.0
2025-01-19 22:00,0.0,6.2,1.3,0.0,1.0,1.0
2025-01-19 23:00,0.0,5.0,1.5,0.0,1.0,1.0
2025-01-20 00:00,0.0,6.2,1.1,0.0,1.0,1.0
2025-01-20 01:00,0.0,5.4,2.7,0.0,1.0,1.0
2025-01-20 02:00,0.0,4.9,1.7,0.0,1.0,1.0
2025-01-20 03:00,0.0,4.7,1.3,0.0,1.0,1.0
2025-01-20 04:00,0.0,4.9,1.7,0.0,1.0,1.0
2025-01-20 05:00,0.0,5.4,2.7,0.0,1.0,1.0
2025-01-20 06:00,0.0,6.2,1.8,0.0,1.0,1.0
2025-01-20 07:00,55.0,7.2,0.7,260.3,1.0,1.0
2025-01-20 08:00,188.0,8.4,2.6,849.7,1.0,1.0
2025-01-20 09:00,305.0,9.7,1.4,1359.4,1.0,1.0
2025-01-20 10:00,374.0,11.0,2.6,1656.1,1.0,1.0
2025-01-20 11:00,400.0,12.2,2.2,1757.5,1.0,1.0
2025-01-20 12:00,393.0,13.2,3.1,1709.5,1.0,1.0
2025-01-20 13:00,368.0,14.0,3.6,1602.0,1.0,1.0
2025-01-20 14:00,294.0,14.5,3.0,1314.5,1.0,1.0
2025-01-20 15:00,176.0,14.7,3.8,786.3,1.0,1.0
2025-01-20 16:00,50.0,14.5,4.4,227.3,1.0,1.0
2025-01-20 17:00,0.0,14.0,3.4,0.0,1.0,1.0
2025-01-20 18:00,0.0,13.2,3.6,0.0,1.0,1.0
2025-01-20 19:00,0.0,12.2,3.2,0.0,1.0,1.0
2025-01-20 20:00,0.0,11.0,3.1,0.0,1.0,1.0
2025-01-20 21:00,0.0,9.7,1.9,0.0,1.0,1.0
2025-01-20 22:00,0.0,8.4,3.0,0.0,1.0,1.0
2025-01-20 23:00,0.0,7.2,2.4,0.0,1.0,1.0
2025-01-21 00:00,0.0,6.0,1.2,0.0,1.0,1.0
2025-01-21 01:00,0.0,5.2,2.3,0.0,1.0,1.0
2025-01-21 02:00,0.0,4.7,2.7,0.0,1.0,1.0
2025-01-21 03:00,0.0,4.6,2.9,0.0,1.0,1.0
2025-01-21 04:00,0.0,4.7,3.3,0.0,1.0,1.0
2025-01-21 05:00,0.0,5.2,1.9,0.0,1.0,1.0
2025-01-21 06:00,0.0,6.0,1.4,0.0,1.0,1.0
2025-01-21 07:00,62.0,7.1,2.9,285.1,1.0,1.0
2025-01-21 08:00,213.0,8.3,1.3,955.6,1.0,1.0
2025-01-21 09:00,336.0,9.6,2.2,1516.8,1.0,1.0
2025-01-21 10:00,420.0,10.9,2.0,1849.0,1.0,1.0
2025-01-21 11:00,452.0,12.1,2.7,2012.4,1.0,1.0
2025-01-21 12:00,483.0,13.1,4.2,2082.5,1.0,1.0
2025-01-21 13:00,400.0,13.9,3.5,1801.4,1.0,1.0
2025-01-21 14:00,342.0,14.4,3.1,1499.8,1.0,1.0
2025-01-21 15:00,218.0,14.6,4.4,966.3,1.0,1.0
2025-01-21 16:00,68.0,14.4,3.8,307.1,1.0,1.0
2025-01-21 17:00,0.0,13.9,3.5,0.0,1.0,1.0
2025-01-21 18:00,0.0,13.1,2.3,0.0,1.0,1.0
2025-01-21 19:00,0.0,12.1,2.9,0.0,1.0,1.0
2025-01-21 20:00,0.0,10.9,2.0,0.0,1.0,1.0
2025-01-21 21:00,0.0,9.6,2.8,0.0,1.0,1.0
2025-01-21 22:00,0.0,8.3,1.5,0.0,1.0,1.0
2025-01-21 23:00,0.0,7.1,0.9,0.0,1.0,1.0
2025-01-22 00:00,0.0,8.9,1.9,0.0,1.0,1.0
2025-01-22 01:00,0.0,8.1,1.7,0.0,1.0,1.0
2025-01-22 02:00,0.0,7.6,2.2,0.0,1.0,1.0
2025-01-22 03:00,0.0,7.4,2.2,0.0,1.0,1.0
2025-01-22 04:00,0.0,7.6,2.5,0.0,1.0,1.0
2025-01-22 05:00,0.0,8.1,1.3,0.0,1.0,1.0
2025-01-22 06:00,0.0,8.9,2.3,0.0,1.0,1.0
2025-01-22 07:00,120.0,9.9,0.9,545.7,1.0,1.0
2025-01-22 08:00,335.0,11.2,1.3,1485.6,1.0,1.0
2025-01-22 09:00,509.0,12.4,1.2,2249.6,1.0,1.0
2025-01-22 10:00,616.0,13.7,3.0,2626.8,1.0,1.0
2025-01-22 11:00,668.0,14.9,2.3,2803.4,1.0,1.0
2025-01-22 12:00,734.0,16.0,3.7,3088.3,1.0,1.0
2025-01-22 13:00,640.0,16.8,4.0,2701.7,1.0,1.0
2025-01-22 14:00,488.0,17.3,2.7,2123.8,1.0,1.0
2025-01-22 15:00,340.0,17.4,3.6,1501.3,1.0,1.0
2025-01-22 16:00,107.0,17.3,3.5,471.0,1.0,1.0
2025-01-22 17:00,0.0,16.8,3.8,0.0,1.0,1.0
2025-01-22 18:00,0.0,16.0,2.5,0.0,1.0,1.0
2025-01-22 19:00,0.0,14.9,2.6,0.0,1.0,1.0
2025-01-22 20:00,0.0,13.7,1.8,0.0,1.0,1.0
2025-01-22 21:00,0.0,12.4,2.8,0.0,1.0,1.0
2025-01-22 22:00,0.0,11.2,2.8,0.0,1.0,1.0
2025-01-22 23:00,0.0,9.9,1.8,0.0,1.0,1.0
2025-01-23 00:00,0.0,4.9,1.9,0.0,1.0,1.0
2025-01-23 01:00,0.0,4.1,2.1,0.0,1.0,1.0
2025-01-23 02:00,0.0,3.6,2.0,0.0,1.0,1.0
2025-01-23 03:00,0.0,3.5,2.7,0.0,1.0,1.0
2025-01-23 04:00,0.0,3.6,2.3,0.0,1.0,1.0
2025-01-23 05:00,0.0,4.1,1.9,0.0,1.0,1.0
2025-01-23 06:00,0.0,4.9,2.4,0.0,1.0,1.0
2025-01-23 07:00,69.0,6.0,1.2,314.5,1.0,1.0
2025-01-23 08:00,204.0,7.2,1.8,921.6,1.0,1.0
2025-01-23 09:00,330.0,8.5,2.1,1490.2,1.0,1.0
2025-01-23 10:00,425.0,9.8,2.1,1910.3,1.0,1.0
2025-01-23 11:00,458.0,11.0,3.0,2022.6,1.0,1.0
2025-01-23 12:00,436.0,12.0,2.6,1926.4,1.0,1.0
2025-01-23 13:00,405.0,12.8,3.0,1798.3,1.0,1.0
2025-01-23 14:00,291.0,13.3,3.0,1271.9,1.0,1.0
2025-01-23 15:00,223.0,13.5,3.8,985.6,1.0,1.0
2025-01-23 16:00,64.0,13.3,3.6,291.0,1.0,1.0
2025-01-23 17:00,0.0,12.8,3.5,0.0,1.0,1.0
2025-01-23 18:00,0.0,12.0,2.9,0.0,1.0,1.0
2025-01-23 19:00,0.0,11.0,3.4,0.0,1.0,1.0
2025-01-23 20:00,0.0,9.8,2.8,0.0,1.0,1.0
2025-01-23 21:00,0.0,8.5,2.5,0.0,1.0,1.0
2025-01-23 22:00,0.0,7.2,1.4,0.0,1.0,1.0
2025-01-23 23:00,0.0,6.0,2.2,0.0,1.0,1.0
2025-01-24 00:00,0.0,7.1,2.6,0.0,1.0,1.0
2025-01-24 01:00,0.0,6.3,1.6,0.0,1.0,1.0
2025-01-24 02:00,0.0,5.8,1.2,0.0,1.0,1.0
2025-01-24 03:00,0.0,5.7,3.3,0.0,1.0,1.0
2025-01-24 04:00,0.0,5.8,1.6,0.0,1.0,1.0
2025-01-24 05:00,0.0,6.3,2.2,0.0,1.0,1.0
2025-01-24 06:00,0.0,7.1,1.8,0.0,1.0,1.0
2025-01-24 07:00,28.0,8.2,1.1,127.2,1.0,1.0
2025-01-24 08:00,102.0,9.4,2.1,455.9,1.0,1.0
2025-01-24 09:00,166.0,10.7,1.5,757.6,1.0,1.0
2025-01-24 10:00,227.0,11.9,2.0,1038.4,1.0,1.0
2025-01-24 11:00,242.0,13.2,2.4,1111.5,1.0,1.0
2025-01-24 12:00,253.0,14.2,2.6,1138.2,1.0,1.0
2025-01-24 13:00,204.0,15.0,2.7,915.6,1.0,1.0
2025-01-24 14:00,175.0,15.5,3.8,783.0,1.0,1.0
2025-01-24 15:00,104.0,15.7,3.7,461.3,1.0,1.0
2025-01-24 16:00,28.0,15.5,4.5,124.6,1.0,1.0
2025-01-24 17:00,0.0,15.0,3.8,0.0,1.0,1.0
2025-01-24 18:00,0.0,14.2,3.0,0.0,1.0,1.0
2025-01-24 19:00,0.0,13.2,4.0,0.0,1.0,1.0
2025-01-24 20:00,0.0,11.9,3.1,0.0,1.0,1.0
2025-01-24 21:00,0.0,10.7,2.8,0.0,1.0,1.0
2025-01-24 22:00,0.0,9.4,3.2,0.0,1.0,1.0
2025-01-24 23:00,0.0,8.2,0.7,0.0,1.0,1.0
2025-01-25 00:00,0.0,5.7,1.2,0.0,1.0,1.0
2025-01-25 01:00,0.0,5.0,0.9,0.0,1.0,1.0
2025-01-25 02:00,0.0,4.5,2.1,0.0,1.0,1.0
2025-01-25 03:00,0.0,4.3,2.1,0.0,1.0,1.0
2025-01-25 04:00,0.0,4.5,2.2,0.0,1.0,1.0
2025-01-25 05:00,0.0,5.0,2.8,0.0,1.0,1.0
2025-01-25 06:00,0.0,5.7,2.7,0.0,1.0,1.0
2025-01-25 07:00,52.0,6.8,3.1,240.1,1.0,1.0
2025-01-25 08:00,172.0,8.0,2.2,785.9,1.0,1.0
2025-01-25 09:00,282.0,9.3,2.0,1292.6,1.0,1.0
2025-01-25 10:00,346.0,10.6,1.3,1539.0,1.0,1.0
2025-01-25 11:00,391.0,11.8,2.6,1728.1,1.0,1.0
2025-01-25 12:00,388.0,12.8,4.3,1743.1,1.0,1.0
2025-01-25 13:00,347.0,13.6,3.4,1552.6,1.0,1.0
2025-01-25 14:00,264.0,14.1,3.4,1160.4,1.0,1.0
2025-01-25 15:00,171.0,14.3,4.7,775.0,1.0,1.0
2025-01-25 16:00,52.0,14.1,3.4,232.5,1.0,1.0
2025-01-25 17:00,0.0,13.6,3.5,0.0,1.0,1.0
2025-01-25 18:00,0.0,12.8,3.2,0.0,1.0,1.0
2025-01-25 19:00,0.0,11.8,2.6,0.0,1.0,1.0
2025-01-25 20:00,0.0,10.6,2.9,0.0,1.0,1.0
2025-01-25 21:00,0.0,9.3,1.4,0.0,1.0,1.0
2025-01-25 22:00,0.0,8.0,1.9,0.0,1.0,1.0
2025-01-25 23:00,0.0,6.8,2.1,0.0,1.0,1.0
2025-01-26 00:00,0.0,1.5,1.3,0.0,1.0,1.0
2025-01-26 01:00,0.0,0.7,2.1,0.0,1.0,1.0
2025-01-26 02:00,0.0,0.2,2.0,0.0,1.0,1.0
2025-01-26 03:00,0.0,0.0,2.5,0.0,1.0,1.0
2025-01-26 04:00,0.0,0.2,1.7,0.0,1.0,1.0
2025-01-26 05:00,0.0,0.7,1.1,0.0,1.0,1.0
2025-01-26 06:00,0.0,1.5,2.6,0.0,1.0,1.0
2025-01-26 07:00,26.0,2.5,1.5,122.0,1.0,1.0
2025-01-26 08:00,101.0,3.7,1.5,468.3,1.0,1.0
2025-01-26 09:00,174.0,5.0,2.4,803.5,1.0,1.0
2025-01-26 10:00,201.0,6.3,3.6,908.0,1.0,1.0
2025-01-26 11:00,229.0,7.5,2.2,1057.7,1.0,1.0
2025-01-26 12:00,232.0,8.6,4.2,1063.6,1.0,1.0
2025-01-26 13:00,210.0,9.4,3.6,951.2,1.0,1.0
2025-01-26 14:00,165.0,9.9,3.5,748.3,1.0,1.0
2025-01-26 15:00,103.0,10.0,4.1,476.4,1.0,1.0
2025-01-26 16:00,26.0,9.9,3.3,121.8,1.0,1.0
2025-01-26 17:00,0.0,9.4,3.7,0.0,1.0,1.0
2025-01-26 18:00,0.0,8.6,1.0,0.0,1.0,1.0
2025-01-26 19:00,0.0,7.5,1.6,0.0,1.0,1.0
2025-01-26 20:00,0.0,6.3,1.8,0.0,1.0,1.0
2025-01-26 21:00,0.0,5.0,1.7,0.0,1.0,1.0
2025-01-26 22:00,0.0,3.7,2.5,0.0,1.0,1.0
2025-01-26 23:00,0.0,2.5,2.2,0.0,1.0,1.0
2025-01-27 00:00,0.0,3.0,2.7,0.0,1.0,1.0
2025-01-27 01:00,0.0,2.2,2.7,0.0,1.0,1.0
2025-01-27 02:00,0.0,1.7,2.1,0.0,1.0,1.0
2025-01-27 03:00,0.0,1.6,2.9,0.0,1.0,1.0
2025-01-27 04:00,0.0,1.7,1.9,0.0,1.0,1.0
2025-01-27 05:00,0.0,2.2,2.0,0.0,1.0,1.0
2025-01-27 06:00,0.0,3.0,2.2,0.0,1.0,1.0
2025-01-27 07:00,108.0,4.1,1.7,499.1,1.0,1.0
2025-01-27 08:00,319.0,5.3,2.1,1481.7,1.0,1.0
2025-01-27 09:00,413.0,6.6,2.4,1881.8,1.0,1.0
2025-01-27 10:00,553.0,7.9,2.3,2469.0,1.0,1.0
2025-01-27 11:00,633.0,9.1,1.9,2739.1,1.0,1.0
2025-01-27 12:00,601.0,10.1,4.1,2663.2,1.0,1.0
2025-01-27 13:00,521.0,10.9,3.4,2287.0,1.0,1.0
2025-01-27 14:00,469.0,11.4,3.3,2109.0,1.0,1.0
2025-01-27 15:00,320.0,11.6,3.3,1424.4,1.0,1.0
2025-01-27 16:00,102.0,11.4,3.6,476.3,1.0,1.0
2025-01-27 17:00,0.0,10.9,3.1,0.0,1.0,1.0
2025-01-27 18:00,0.0,10.1,4.0,0.0,1.0,1.0
2025-01-27 19:00,0.0,9.1,3.7,0.0,1.0,1.0
2025-01-27 20:00,0.0,7.9,2.5,0.0,1.0,1.0
2025-01-27 21:00,0.0,6.6,2.4,0.0,1.0,1.0
2025-01-27 22:00,0.0,5.3,2.0,0.0,1.0,1.0
2025-01-27 23:00,0.0,4.1,2.4,0.0,1.0,1.0
2025-01-28 00:00,0.0,7.7,3.0,0.0,1.0,1.0
2025-01-28 01:00,0.0,7.0,1.3,0.0,1.0,1.0
2025-01-28 02:00,0.0,6.5,3.5,0.0,1.0,1.0
2025-01-28 03:00,0.0,6.3,1.8,0.0,1.0,1.0
2025-01-28 04:00,0.0,6.5,1.8,0.0,1.0,1.0
2025-01-28 05:00,0.0,7.0,2.0,0.0,1.0,1.0
2025-01-28 06:00,0.0,7.7,2.3,0.0,1.0,1.0
2025-01-28 07:00,99.0,8.8,2.4,457.2,1.0,1.0
2025-01-28 08:00,274.0,10.0,1.9,1224.9,1.0,1.0
2025-01-28 09:00,425.0,11.3,2.7,1851.1,1.0,1.0
2025-01-28 10:00,505.0,12.6,2.4,2191.7,1.0,1.0
2025-01-28 11:00,591.0,13.8,3.0,2530.8,1.0,1.0
2025-01-28 12:00,562.0,14.8,2.0,2423.7,1.0,1.0
2025-01-28 13:00,484.0,15.6,3.4,2120.1,1.0,1.0
2025-01-28 14:00,434.0,16.1,3.8,1889.0,1.0,1.0
2025-01-28 15:00,255.0,16.3,4.1,1134.2,1.0,1.0
2025-01-28 16:00,95.0,16.1,3.8,423.8,1.0,1.0
2025-01-28 17:00,0.0,15.6,4.0,0.0,1.0,1.0
2025-01-28 18:00,0.0,14.8,4.1,0.0,1.0,1.0
2025-01-28 19:00,0.0,13.8,3.4,0.0,1.0,1.0
2025-01-28 20:00,0.0,12.6,1.9,0.0,1.0,1.0
2025-01-28 21:00,0.0,11.3,1.9,0.0,1.0,1.0
2025-01-28 22:00,0.0,10.0,3.1,0.0,1.0,1.0
2025-01-28 23:00,0.0,8.8,2.3,0.0,1.0,1.0
2025-01-29 00:00,0.0,2.9,2.3,0.0,1.0,1.0
2025-01-29 01:00,0.0,2.1,2.0,0.0,1.0,1.0
2025-01-29 02:00,0.0,1.6,1.9,0.0,1.0,1.0
2025-01-29 03:00,0.0,1.5,2.3,0.0,1.0,1.0
2025-01-29 04:00,0.0,1.6,2.0,0.0,1.0,1.0
2025-01-29 05:00,0.0,2.1,2.1,0.0,1.0,1.0
2025-01-29 06:00,0.0,2.9,2.6,0.0,1.0,1.0
2025-01-29 07:00,8.0,4.0,1.8,37.6,1.0,1.0
2025-01-29 08:00,30.0,5.2,2.0,141.3,1.0,1.0
2025-01-29 09:00,46.0,6.5,1.8,216.3,1.0,1.0
2025-01-29 10:00,61.0,7.8,2.4,284.4,1.0,1.0
2025-01-29 11:00,64.0,9.0,3.1,293.3,1.0,1.0
2025-01-29 12:00,68.0,10.0,3.4,313.5,1.0,1.0
2025-01-29 13:00,62.0,10.8,3.6,284.7,1.0,1.0
2025-01-29 14:00,47.0,11.3,3.2,218.2,1.0,1.0
2025-01-29 15:00,28.0,11.5,2.9,130.3,1.0,1.0
2025-01-29 16:00,8.0,11.3,2.5,36.8,1.0,1.0
2025-01-29 17:00,0.0,10.8,3.8,0.0,1.0,1.0
2025-01-29 18:00,0.0,10.0,3.2,0.0,1.0,1.0
2025-01-29 19:00,0.0,9.0,2.3,0.0,1.0,1.0
2025-01-29 20:00,0.0,7.8,2.4,0.0,1.0,1.0
2025-01-29 21:00,0.0,6.5,2.7,0.0,1.0,1.0
2025-01-29 22:00,0.0,5.2,1.8,0.0,1.0,1.0
2025-01-29 23:00,0.0,4.0,2.5,0.0,1.0,1.0
2025-01-30 00:00,0.0,7.6,2.0,0.0,1.0,1.0
2025-01-30 01:00,0.0,6.8,2.0,0.0,1.0,1.0
2025-01-30 02:00,0.0,6.3,1.4,0.0,1.0,1.0
2025-01-30 03:00,0.0,6.1,1.7,0.0,1.0,1.0
2025-01-30 04:00,0.0,6.3,3.9,0.0,1.0,1.0
2025-01-30 05:00,0.0,6.8,1.4,0.0,1.0,1.0
2025-01-30 06:00,0.0,7.6,2.2,0.0,1.0,1.0
2025-01-30 07:00,142.0,8.6,2.6,668.7,1.0,1.0
2025-01-30 08:00,368.0,9.8,1.4,1638.8,1.0,1.0
2025-01-30 09:00,563.0,11.1,2.9,2430.8,1.0,1.0
2025-01-30 10:00,614.0,12.4,1.7,2623.1,1.0,1.0
2025-01-30 11:00,710.0,13.6,1.6,3008.1,1.0,1.0
2025-01-30 12:00,730.0,14.6,3.3,3139.5,1.0,1.0
2025-01-30 13:00,595.0,15.4,3.1,2567.5,1.0,1.0
2025-01-30 14:00,503.0,15.9,3.0,2202.4,1.0,1.0
2025-01-30 15:00,362.0,16.1,3.2,1572.1,1.0,1.0
2025-01-30 16:00,145.0,15.9,2.5,649.7,1.0,1.0
2025-01-30 17:00,0.0,15.4,3.4,0.0,1.0,1.0
2025-01-30 18:00,0.0,14.6,3.6,0.0,1.0,1.0
2025-01-30 19:00,0.0,13.6,3.7,0.0,1.0,1.0
2025-01-30 20:00,0.0,12.4,1.9,0.0,1.0,1.0
2025-01-30 21:00,0.0,11.1,1.8,0.0,1.0,1.0
2025-01-30 22:00,0.0,9.8,2.7,0.0,1.0,1.0
2025-01-30 23:00,0.0,8.6,2.1,0.0,1.0,1.0
2025-01-31 00:00,0.0,4.5,2.4,0.0,1.0,1.0
2025-01-31 01:00,0.0,3.8,1.9,0.0,1.0,1.0
2025-01-31 02:00,0.0,3.3,1.2,0.0,1.0,1.0
2025-01-31 03:00,0.0,3.1,2.2,0.0,1.0,1.0
2025-01-31 04:00,0.0,3.3,2.5,0.0,1.0,1.0
2025-01-31 05:00,0.0,3.8,2.4,0.0,1.0,1.0
2025-01-31 06:00,0.0,4.5,2.5,0.0,1.0,1.0
2025-01-31 07:00,8.0,5.6,2.2,37.2,1.0,1.0
2025-01-31 08:00,30.0,6.8,2.4,137.9,1.0,1.0
2025-01-31 09:00,46.0,8.1,1.5,214.6,1.0,1.0
2025-01-31 10:00,60.0,9.4,2.0,275.0,1.0,1.0
2025-01-31 11:00,64.0,10.6,3.6,293.8,1.0,1.0
2025-01-31 12:00,63.0,11.6,2.8,289.0,1.0,1.0
2025-01-31 13:00,59.0,12.4,3.5,268.0,1.0,1.0
2025-01-31 14:00,45.0,12.9,2.3,206.8,1.0,1.0
2025-01-31 15:00,31.0,13.1,4.7,143.0,1.0,1.0
2025-01-31 16:00,9.0,12.9,4.5,41.7,1.0,1.0
2025-01-31 17:00,0.0,12.4,1.9,0.0,1.0,1.0
2025-01-31 18:00,0.0,11.6,2.4,0.0,1.0,1.0
2025-01-31 19:00,0.0,10.6,2.0,0.0,1.0,1.0
2025-01-31 20:00,0.0,9.4,2.2,0.0,1.0,1.0
2025-01-31 21:00,0.0,8.1,1.3,0.0,1.0,1.0
2025-01-31 22:00,0.0,6.8,2.0,0.0,1.0,1.0
2025-01-31 23:00,0.0,5.6,1.8,0.0,1.0,1.0
2025-02-01 00:00,0.0,3.5,2.4,0.0,1.0,1.0
2025-02-01 01:00,0.0,2.6,1.6,0.0,1.0,1.0
2025-02-01 02:00,0.0,2.0,1.6,0.0,1.0,1.0
2025-02-01 03:00,0.0,1.8,1.6,0.0,1.0,1.0
2025-02-01 04:00,0.0,2.0,2.9,0.0,1.0,1.0
2025-02-01 05:00,0.0,2.6,1.8,0.0,1.0,1.0
2025-02-01 06:00,0.0,3.5,0.9,0.0,1.0,1.0
2025-02-01 07:00,20.0,4.8,1.8,93.3,1.0,1.0
2025-02-01 08:00,73.0,6.2,1.7,342.8,1.0,1.0
2025-02-01 09:00,120.0,7.8,1.7,552.0,1.0,1.0
2025-02-01 10:00,147.0,9.3,2.5,673.0,1.0,1.0
2025-02-01 11:00,161.0,10.8,3.9,740.9,1.0,1.0
2025-02-01 12:00,161.0,12.0,3.3,723.2,1.0,1.0
2025-02-01 13:00,147.0,12.9,3.4,651.5,1.0,1.0
2025-02-01 14:00,117.0,13.5,3.5,519.0,1.0,1.0
2025-02-01 15:00,74.0,13.8,3.0,338.4,1.0,1.0
2025-02-01 16:00,22.0,13.5,4.9,102.9,1.0,1.0
2025-02-01 17:00,0.0,12.9,3.2,0.0,1.0,1.0
2025-02-01 18:00,0.0,12.0,3.3,0.0,1.0,1.0
2025-02-01 19:00,0.0,10.8,2.0,0.0,1.0,1.0
2025-02-01 20:00,0.0,9.3,3.2,0.0,1.0,1.0
2025-02-01 21:00,0.0,7.8,3.0,0.0,1.0,1.0
2025-02-01 22:00,0.0,6.2,2.5,0.0,1.0,1.0
2025-02-01 23:00,0.0,4.8,2.0,0.0,1.0,1.0
2025-02-02 00:00,0.0,5.3,1.9,0.0,1.0,1.0
2025-02-02 01:00,0.0,4.3,2.0,0.0,1.0,1.0
2025-02-02 02:00,0.0,3.7,1.2,0.0,1.0,1.0
2025-02-02 03:00,0.0,3.5,3.4,0.0,1.0,1.0
2025-02-02 04:00,0.0,3.7,2.0,0.0,1.0,1.0
2025-02-02 05:00,0.0,4.3,2.9,0.0,1.0,1.0
2025-02-02 06:00,0.0,5.3,2.7,0.0,1.0,1.0
2025-02-02 07:00,160.0,6.5,1.5,731.6,1.0,1.0
2025-02-02 08:00,377.0,8.0,2.7,1668.8,1.0,1.0
2025-02-02 09:00,580.0,9.5,1.4,2477.4,1.0,1.0
2025-02-02 10:00,709.0,11.1,2.4,3058.8,1.0,1.0
2025-02-02 11:00,765.0,12.5,3.1,3281.0,1.0,1.0
2025-02-02 12:00,750.0,13.8,3.0,3193.2,1.0,1.0
2025-02-02 13:00,709.0,14.7,3.0,2896.5,1.0,1.0
2025-02-02 14:00,580.0,15.3,4.2,2501.9,1.0,1.0
2025-02-02 15:00,374.0,15.5,3.8,1664.2,1.0,1.0
2025-02-02 16:00,150.0,15.3,3.1,674.5,1.0,1.0
2025-02-02 17:00,0.0,14.7,3.2,0.0,1.0,1.0
2025-02-02 18:00,0.0,13.8,4.0,0.0,1.0,1.0
2025-02-02 19:00,0.0,12.5,2.0,0.0,1.0,1.0
2025-02-02 20:00,0.0,11.1,3.1,0.0,1.0,1.0
2025-02-02 21:00,0.0,9.5,1.6,0.0,1.0,1.0
2025-02-02 22:00,0.0,8.0,2.0,0.0,1.0,1.0
2025-02-02 23:00,0.0,6.5,1.2,0.0,1.0,1.0
2025-02-03 00:00,0.0,4.5,1.2,0.0,1.0,1.0
2025-02-03 01:00,0.0,3.5,1.5,0.0,1.0,1.0
2025-02-03 02:00,0.0,2.9,1.9,0.0,1.0,1.0
2025-02-03 03:00,0.0,2.7,1.9,0.0,1.0,1.0
2025-02-03 04:00,0.0,2.9,1.5,0.0,1.0,1.0
2025-02-03 05:00,0.0,3.5,1.5,0.0,1.0,1.0
2025-02-03 06:00,0.0,4.5,2.8,0.0,1.0,1.0
2025-02-03 07:00,108.0,5.7,2.2,503.8,1.0,1.0
2025-02-03 08:00,285.0,7.2,2.4,1268.7,1.0,1.0
2025-02-03 09:00,421.0,8.7,1.0,1838.5,1.0,1.0
2025-02-03 10:00,504.0,10.3,2.0,2230.2,1.0,1.0
2025-02-03 11:00,582.0,11.7,3.2,2560.7,1.0,1.0
2025-02-03 12:00,564.0,13.0,3.4,2410.0,1.0,1.0
2025-02-03 13:00,537.0,13.9,4.2,2307.8,1.0,1.0
2025-02-03 14:00,401.0,14.5,1.9,1728.9,1.0,1.0
2025-02-03 15:00,269.0,14.7,3.9,1184.8,1.0,1.0
2025-02-03 16:00,113.0,14.5,3.5,512.4,1.0,1.0
2025-02-03 17:00,0.0,13.9,2.8,0.0,1.0,1.0
2025-02-03 18:00,0.0,13.0,3.3,0.0,1.0,1.0
2025-02-03 19:00,0.0,11.7,2.6,0.0,1.0,1.0
2025-02-03 20:00,0.0,10.3,2.8,0.0,1.0,1.0
2025-02-03 21:00,0.0,8.7,0.6,0.0,1.0,1.0
2025-02-03 22:00,0.0,7.2,1.7,0.0,1.0,1.0
2025-02-03 23:00,0.0,5.7,2.1,0.0,1.0,1.0
2025-02-04 00:00,0.0,4.4,2.1,0.0,1.0,1.0
2025-02-04 01:00,0.0,3.5,2.3,0.0,1.0,1.0
2025-02-04 02:00,0.0,2.9,1.3,0.0,1.0,1.0
2025-02-04 03:00,0.0,2.7,2.7,0.0,1.0,1.0
2025-02-04 04:00,0.0,2.9,3.1,0.0,1.0,1.0
2025-02-04 05:00,0.0,3.5,2.4,0.0,1.0,1.0
2025-02-04 06:00,0.0,4.4,3.1,0.0,1.0,1.0
2025-02-04 07:00,125.0,5.7,1.9,576.3,1.0,1.0
2025-02-04 08:00,325.0,7.1,2.6,1495.9,1.0,1.0
2025-02-04 09:00,476.0,8.7,0.8,2123.8,1.0,1.0
2025-02-04 10:00,556.0,10.2,2.6,2446.8,1.0,1.0
2025-02-04 11:00,688.0,11.7,3.4,2997.4,1.0,1.0
2025-02-04 12:00,647.0,12.9,3.2,2757.2,1.0,1.0
2025-02-04 13:00,556.0,13.9,3.5,2351.6,1.0,1.0
2025-02-04 14:00,487.0,14.5,2.9,2038.6,1.0,1.0
2025-02-04 15:00,333.0,14.7,3.7,1464.4,1.0,1.0
2025-02-04 16:00,138.0,14.5,3.9,618.1,1.0,1.0
2025-02-04 17:00,0.0,13.9,2.9,0.0,1.0,1.0
2025-02-04 18:00,0.0,12.9,3.2,0.0,1.0,1.0
2025-02-04 19:00,0.0,11.7,2.0,0.0,1.0,1.0
2025-02-04 20:00,0.0,10.2,3.1,0.0,1.0,1.0
2025-02-04 21:00,0.0,8.7,2.8,0.0,1.0,1.0
2025-02-04 22:00,0.0,7.1,2.1,0.0,1.0,1.0
2025-02-04 23:00,0.0,5.7,1.4,0.0,1.0,1.0
2025-02-05 00:00,0.0,7.5,2.0,0.0,1.0,1.0
2025-02-05 01:00,0.0,6.5,1.8,0.0,1.0,1.0
2025-02-05 02:00,0.0,5.9,1.3,0.0,1.0,1.0
2025-02-05 03:00,0.0,5.7,2.6,0.0,1.0,1.0
2025-02-05 04:00,0.0,5.9,2.8,0.0,1.0,1.0
2025-02-05 05:00,0.0,6.5,1.2,0.0,1.0,1.0
2025-02-05 06:00,0.0,7.5,2.5,0.0,1.0,1.0
2025-02-05 07:00,76.0,8.7,1.5,358.8,1.0,1.0
2025-02-05 08:00,197.0,10.2,2.6,888.1,1.0,1.0
2025-02-05 09:00,303.0,11.7,2.2,1364.1,1.0,1.0
2025-02-05 10:00,365.0,13.3,1.7,1627.8,1.0,1.0
2025-02-05 11:00,402.0,14.7,2.8,1796.0,1.0,1.0
2025-02-05 12:00,417.0,16.0,2.6,1787.6,1.0,1.0
2025-02-05 13:00,355.0,16.9,3.4,1549.5,1.0,1.0
2025-02-05 14:00,305.0,17.5,3.2,1347.4,1.0,1.0
2025-02-05 15:00,195.0,17.7,4.0,874.7,1.0,1.0
2025-02-05 16:00,72.0,17.5,2.9,329.8,1.0,1.0
2025-02-05 17:00,0.0,16.9,3.6,0.0,1.0,1.0
2025-02-05 18:00,0.0,16.0,1.8,0.0,1.0,1.0
2025-02-05 19:00,0.0,14.7,3.5,0.0,1.0,1.0
2025-02-05 20:00,0.0,13.3,1.1,0.0,1.0,1.0
2025-02-05 21:00,0.0,11.7,3.6,0.0,1.0,1.0
2025-02-05 22:00,0.0,10.2,2.2,0.0,1.0,1.0
2025-02-05 23:00,0.0,8.7,2.0,0.0,1.0,1.0
2025-02-06 00:00,0.0,6.3,1.4,0.0,1.0,1.0
2025-02-06 01:00,0.0,5.3,2.0,0.0,1.0,1.0
2025-02-06 02:00,0.0,4.7,1.5,0.0,1.0,1.0
2025-02-06 03:00,0.0,4.5,1.6,0.0,1.0,1.0
2025-02-06 04:00,0.0,4.7,2.4,0.0,1.0,1.0
2025-02-06 05:00,0.0,5.3,2.4,0.0,1.0,1.0
2025-02-06 06:00,0.0,6.3,1.3,0.0,1.0,1.0
2025-02-06 07:00,87.0,7.5,1.6,405.8,1.0,1.0
2025-02-06 08:00,232.0,9.0,1.9,1021.6,1.0,1.0
2025-02-06 09:00,340.0,10.5,3.0,1494.7,1.0,1.0
2025-02-06 10:00,379.0,12.1,3.3,1671.7,1.0,1.0
2025-02-06 11:00,435.0,13.5,3.3,1916.6,1.0,1.0
2025-02-06 12:00,462.0,14.8,3.2,2051.7,1.0,1.0
2025-02-06 13:00,398.0,15.7,2.8,1767.3,1.0,1.0
2025-02-06 14:00,304.0,16.3,2.7,1342.0,1.0,1.0
2025-02-06 15:00,217.0,16.5,4.7,979.8,1.0,1.0
2025-02-06 16:00,80.0,16.3,2.1,357.0,1.0,1.0
2025-02-06 17:00,0.0,15.7,3.4,0.0,1.0,1.0
2025-02-06 18:00,0.0,14.8,3.0,0.0,1.0,1.0
2025-02-06 19:00,0.0,13.5,2.0,0.0,1.0,1.0
2025-02-06 20:00,0.0,12.1,3.1,0.0,1.0,1.0
2025-02-06 21:00,0.0,10.5,1.5,0.0,1.0,1.0
2025-02-06 22:00,0.0,9.0,1.4,0.0,1.0,1.0
2025-02-06 23:00,0.0,7.5,2.2,0.0,1.0,1.0
2025-02-07 00:00,0.0,6.3,1.6,0.0,1.0,1.0
2025-02-07 01:00,0.0,5.4,2.3,0.0,1.0,1.0
2025-02-07 02:00,0.0,4.8,2.2,0.0,1.0,1.0
2025-02-07 03:00,0.0,4.6,1.6,0.0,1.0,1.0
2025-02-07 04:00,0.0,4.8,2.7,0.0,1.0,1.0
2025-02-07 05:00,0.0,5.4,1.8,0.0,1.0,1.0
2025-02-07 06:00,0.0,6.3,2.4,0.0,1.0,1.0
2025-02-07 07:00,140.0,7.6,1.9,639.1,1.0,1.0
2025-02-07 08:00,327.0,9.0,2.3,1467.6,1.0,1.0
2025-02-07 09:00,477.0,10.6,2.7,2116.4,1.0,1.0
2025-02-07 10:00,570.0,12.1,2.0,2434.3,1.0,1.0
2025-02-07 11:00,699.0,13.6,2.3,2961.0,1.0,1.0
2025-02-07 12:00,653.0,14.8,4.6,2809.0,1.0,1.0
2025-02-07 13:00,563.0,15.8,2.8,2442.3,1.0,1.0
2025-02-07 14:00,492.0,16.4,3.3,2177.8,1.0,1.0
2025-02-07 15:00,336.0,16.6,3.6,1445.4,1.0,1.0
2025-02-07 16:00,136.0,16.4,3.8,616.2,1.0,1.0
2025-02-07 17:00,0.0,15.8,3.9,0.0,1.0,1.0
2025-02-07 18:00,0.0,14.8,2.9,0.0,1.0,1.0
2025-02-07 19:00,0.0,13.6,2.4,0.0,1.0,1.0
2025-02-07 20:00,0.0,12.1,3.4,0.0,1.0,1.0
2025-02-07 21:00,0.0,10.6,2.6,0.0,1.0,1.0
2025-02-07 22:00,0.0,9.0,1.6,0.0,1.0,1.0
2025-02-07 23:00,0.0,7.6,1.7,0.0,1.0,1.0
2025-02-08 00:00,0.0,8.5,2.6,0.0,1.0,1.0
2025-02-08 01:00,0.0,7.6,1.7,0.0,1.0,1.0
2025-02-08 02:00,0.0,7.0,1.2,0.0,1.0,1.0
2025-02-08 03:00,0.0,6.8,3.3,0.0,1.0,1.0
2025-02-08 04:00,0.0,7.0,2.0,0.0,1.0,1.0
2025-02-08 05:00,0.0,7.6,1.6,0.0,1.0,1.0
2025-02-08 06:00,0.0,8.5,1.8,0.0,1.0,1.0
2025-02-08 07:00,96.0,9.8,1.6,444.0,1.0,1.0
2025-02-08 08:00,246.0,11.2,2.5,1101.2,1.0,1.0
2025-02-08 09:00,343.0,12.8,3.0,1555.0,1.0,1.0
2025-02-08 10:00,407.0,14.3,2.2,1790.2,1.0,1.0
2025-02-08 11:00,481.0,15.8,2.8,2126.5,1.0,1.0
2025-02-08 12:00,482.0,17.0,2.7,2135.2,1.0,1.0
2025-02-08 13:00,413.0,18.0,3.4,1778.0,1.0,1.0
2025-02-08 14:00,354.0,18.6,4.0,1526.8,1.0,1.0
2025-02-08 15:00,251.0,18.8,4.3,1103.5,1.0,1.0
2025-02-08 16:00,93.0,18.6,3.6,417.3,1.0,1.0
2025-02-08 17:00,0.0,18.0,2.9,0.0,1.0,1.0
2025-02-08 18:00,0.0,17.0,3.4,0.0,1.0,1.0
2025-02-08 19:00,0.0,15.8,2.6,0.0,1.0,1.0
2025-02-08 20:00,0.0,14.3,2.6,0.0,1.0,1.0
2025-02-08 21:00,0.0,12.8,1.6,0.0,1.0,1.0
2025-02-08 22:00,0.0,11.2,2.0,0.0,1.0,1.0
2025-02-08 23:00,0.0,9.8,2.3,0.0,1.0,1.0
2025-02-09 00:00,0.0,5.1,1.1,0.0,1.0,1.0
2025-02-09 01:00,0.0,4.1,1.6,0.0,1.0,1.0
2025-02-09 02:00,0.0,3.5,1.4,0.0,1.0,1.0
2025-02-09 03:00,0.0,3.3,1.4,0.0,1.0,1.0
2025-02-09 04:00,0.0,3.5,1.5,0.0,1.0,1.0
2025-02-09 05:00,0.0,4.1,3.4,0.0,1.0,1.0
2025-02-09 06:00,0.0,5.1,2.2,0.0,1.0,1.0
2025-02-09 07:00,133.0,6.3,1.0,614.9,1.0,1.0
2025-02-09 08:00,308.0,7.8,2.6,1383.8,1.0,1.0
2025-02-09 09:00,445.0,9.3,3.2,1982.3,1.0,1.0
2025-02-09 10:00,594.0,10.9,2.2,2543.5,1.0,1.0
2025-02-09 11:00,600.0,12.3,3.9,2595.5,1.0,1.0
2025-02-09 12:00,584.0,13.6,3.2,2452.8,1.0,1.0
2025-02-09 13:00,570.0,14.5,2.5,2411.1,1.0,1.0
2025-02-09 14:00,490.0,15.1,4.0,2147.9,1.0,1.0
2025-02-09 15:00,308.0,15.3,4.5,1348.5,1.0,1.0
2025-02-09 16:00,134.0,15.1,3.2,602.0,1.0,1.0
2025-02-09 17:00,0.0,14.5,2.7,0.0,1.0,1.0
2025-02-09 18:00,0.0,13.6,4.7,0.0,1.0,1.0
2025-02-09 19:00,0.0,12.3,3.2,0.0,1.0,1.0
2025-02-09 20:00,0.0,10.9,2.4,0.0,1.0,1.0
2025-02-09 21:00,0.0,9.3,1.4,0.0,1.0,1.0
2025-02-09 22:00,0.0,7.8,1.7,0.0,1.0,1.0
2025-02-09 23:00,0.0,6.3,2.3,0.0,1.0,1.0
2025-02-10 00:00,0.0,9.2,2.7,0.0,1.0,1.0
2025-02-10 01:00,0.0,8.2,1.4,0.0,1.0,1.0
2025-02-10 02:00,0.0,7.6,2.5,0.0,1.0,1.0
2025-02-10 03:00,0.0,7.4,1.7,0.0,1.0,1.0
2025-02-10 04:00,0.0,7.6,2.2,0.0,1.0,1.0
2025-02-10 05:00,0.0,8.2,1.8,0.0,1.0,1.0
2025-02-10 06:00,0.0,9.2,2.2,0.0,1.0,1.0
2025-02-10 07:00,76.0,10.4,0.9,350.7,1.0,1.0
2025-02-10 08:00,173.0,11.9,1.9,790.8,1.0,1.0
2025-02-10 09:00,267.0,13.4,1.8,1207.0,1.0,1.0
2025-02-10 10:00,338.0,15.0,2.1,1466.8,1.0,1.0
2025-02-10 11:00,362.0,16.4,2.6,1559.6,1.0,1.0
2025-02-10 12:00,365.0,17.7,3.0,1595.1,1.0,1.0
2025-02-10 13:00,334.0,18.6,3.8,1434.6,1.0,1.0
2025-02-10 14:00,271.0,19.2,4.2,1186.2,1.0,1.0
2025-02-10 15:00,184.0,19.4,3.3,828.7,1.0,1.0
2025-02-10 16:00,73.0,19.2,3.7,321.9,1.0,1.0
2025-02-10 17:00,0.0,18.6,3.6,0.0,1.0,1.0
2025-02-10 18:00,0.0,17.7,3.6,0.0,1.0,1.0
2025-02-10 19:00,0.0,16.4,1.8,0.0,1.0,1.0
2025-02-10 20:00,0.0,15.0,3.1,0.0,1.0,1.0
2025-02-10 21:00,0.0,13.4,1.7,0.0,1.0,1.0
2025-02-10 22:00,0.0,11.9,2.3,0.0,1.0,1.0
2025-02-10 23:00,0.0,10.4,1.8,0.0,1.0,1.0
2025-02-11 00:00,0.0,5.3,2.5,0.0,0.9,1.0
2025-02-11 01:00,0.0,4.4,2.1,0.0,0.9,1.0
2025-02-11 02:00,0.0,3.8,1.9,0.0,0.9,1.0
2025-02-11 03:00,0.0,3.6,1.7,0.0,0.9,1.0
2025-02-11 04:00,0.0,3.8,1.8,0.0,0.9,1.0
2025-02-11 05:00,0.0,4.4,1.4,0.0,0.9,1.0
2025-02-11 06:00,0.0,5.3,1.7,0.0,0.9,1.0
2025-02-11 07:00,127.0,6.6,3.8,531.0,0.9,1.0
2025-02-11 08:00,305.0,8.0,2.5,1250.5,0.9,1.0
2025-02-11 09:00,401.0,9.6,2.6,1641.0,0.9,1.0
2025-02-11 10:00,509.0,11.1,1.8,1994.9,0.9,1.0
2025-02-11 11:00,583.0,12.6,3.5,2226.8,0.9,1.0
2025-02-11 12:00,557.0,13.8,4.0,2176.0,0.9,1.0
2025-02-11 13:00,526.0,14.7,4.5,2085.5,0.9,1.0
2025-02-11 14:00,420.0,15.3,4.3,1661.2,0.9,1.0
2025-02-11 15:00,284.0,15.6,3.2,1136.3,0.9,1.0
2025-02-11 16:00,128.0,15.3,3.0,522.8,0.9,1.0
2025-02-11 17:00,0.0,14.7,4.0,0.0,0.9,1.0
2025-02-11 18:00,0.0,13.8,2.6,0.0,0.9,1.0
2025-02-11 19:00,0.0,12.6,3.7,0.0,0.9,1.0
2025-02-11 20:00,0.0,11.1,1.7,0.0,0.9,1.0
2025-02-11 21:00,0.0,9.6,2.3,0.0,0.9,1.0
2025-02-11 22:00,0.0,8.0,2.1,0.0,0.9,1.0
2025-02-11 23:00,0.0,6.6,2.7,0.0,0.9,1.0
2025-02-12 00:00,0.0,9.3,2.6,0.0,1.0,1.0
2025-02-12 01:00,0.0,8.3,2.6,0.0,1.0,1.0
2025-02-12 02:00,0.0,7.7,2.6,0.0,1.0,1.0
2025-02-12 03:00,0.0,7.5,1.6,0.0,1.0,1.0
2025-02-12 04:00,0.0,7.7,1.5,0.0,1.0,1.0
2025-02-12 05:00,0.0,8.3,2.7,0.0,1.0,1.0
2025-02-12 06:00,0.0,9.3,2.1,0.0,1.0,1.0
2025-02-12 07:00,109.0,10.5,2.2,493.0,1.0,1.0
2025-02-12 08:00,239.0,12.0,2.1,1055.1,1.0,1.0
2025-02-12 09:00,352.0,13.5,2.0,1576.5,1.0,1.0
2025-02-12 10:00,457.0,15.1,2.3,1961.3,1.0,1.0
2025-02-12 11:00,509.0,16.5,3.4,2191.9,1.0,1.0
2025-02-12 12:00,499.0,17.8,2.5,2147.6,1.0,1.0
2025-02-12 13:00,489.0,18.7,3.6,2110.9,1.0,1.0
2025-02-12 14:00,382.0,19.3,2.6,1653.6,1.0,1.0
2025-02-12 15:00,267.0,19.5,4.7,1170.6,1.0,1.0
2025-02-12 16:00,114.0,19.3,3.9,505.4,1.0,1.0
2025-02-12 17:00,0.0,18.7,3.8,0.0,1.0,1.0
2025-02-12 18:00,0.0,17.8,3.1,0.0,1.0,1.0
2025-02-12 19:00,0.0,16.5,2.9,0.0,1.0,1.0
2025-02-12 20:00,0.0,15.1,3.0,0.0,1.0,1.0
2025-02-12 21:00,0.0,13.5,1.5,0.0,1.0,1.0
2025-02-12 22:00,0.0,12.0,2.2,0.0,1.0,1.0
2025-02-12 23:00,0.0,10.5,2.4,0.0,1.0,1.0
2025-02-13 00:00,0.0,7.8,2.6,0.0,1.0,1.0
2025-02-13 01:00,0.0,6.8,1.7,0.0,1.0,1.0
2025-02-13 02:00,0.0,6.2,1.9,0.0,1.0,1.0
2025-02-13 03:00,0.0,6.0,1.4,0.0,1.0,1.0
2025-02-13 04:00,0.0,6.2,1.8,0.0,1.0,1.0
2025-02-13 05:00,0.0,6.8,2.5,0.0,1.0,1.0
2025-02-13 06:00,0.0,7.8,2.4,0.0,1.0,1.0
2025-02-13 07:00,124.0,9.0,2.8,568.3,1.0,1.0
2025-02-13 08:00,266.0,10.5,2.0,1191.2,1.0,1.0
2025-02-13 09:00,420.0,12.0,2.2,1828.2,1.0,1.0
2025-02-13 10:00,492.0,13.6,2.9,2102.0,1.0,1.0
2025-02-13 11:00,555.0,15.0,3.3,2387.9,1.0,1.0
2025-02-13 12:00,555.0,16.3,2.7,2362.6,1.0,1.0
2025-02-13 13:00,511.0,17.2,3.0,2191.8,1.0,1.0
2025-02-13 14:00,387.0,17.8,3.7,1682.8,1.0,1.0
2025-02-13 15:00,276.0,18.0,2.9,1216.0,1.0,1.0
2025-02-13 16:00,131.0,17.8,3.4,593.7,1.0,1.0
2025-02-13 17:00,0.0,17.2,2.9,0.0,1.0,1.0
2025-02-13 18:00,0.0,16.3,3.3,0.0,1.0,1.0
2025-02-13 19:00,0.0,15.0,2.4,0.0,1.0,1.0
2025-02-13 20:00,0.0,13.6,1.5,0.0,1.0,1.0
2025-02-13 21:00,0.0,12.0,1.1,0.0,1.0,1.0
2025-02-13 22:00,0.0,10.5,1.3,0.0,1.0,1.0
2025-02-13 23:00,0.0,9.0,2.1,0.0,1.0,1.0
2025-02-14 00:00,0.0,10.1,2.5,0.0,1.0,1.0
2025-02-14 01:00,0.0,9.1,0.9,0.0,1.0,1.0
2025-02-14 02:00,0.0,8.5,2.0,0.0,1.0,1.0
2025-02-14 03:00,0.0,8.3,1.9,0.0,1.0,1.0
2025-02-14 04:00,0.0,8.5,2.9,0.0,1.0,1.0
2025-02-14 05:00,0.0,9.1,1.7,0.0,1.0,1.0
2025-02-14 06:00,0.0,10.1,2.6,0.0,1.0,1.0
2025-02-14 07:00,156.0,11.3,1.8,702.4,1.0,1.0
2025-02-14 08:00,355.0,12.8,2.1,1617.6,1.0,1.0
2025-02-14 09:00,489.0,14.3,1.6,2135.2,1.0,1.0
2025-02-14 10:00,609.0,15.9,2.4,2567.8,1.0,1.0
2025-02-14 11:00,684.0,17.3,2.0,2889.9,1.0,1.0
2025-02-14 12:00,631.0,18.6,2.9,2672.2,1.0,1.0
2025-02-14 13:00,616.0,19.5,4.0,2635.9,1.0,1.0
2025-02-14 14:00,489.0,20.1,4.0,2087.0,1.0,1.0
2025-02-14 15:00,345.0,20.3,3.9,1497.3,1.0,1.0
2025-02-14 16:00,162.0,20.1,3.6,714.0,1.0,1.0
2025-02-14 17:00,0.0,19.5,3.1,0.0,1.0,1.0
2025-02-14 18:00,0.0,18.6,3.1,0.0,1.0,1.0
2025-02-14 19:00,0.0,17.3,2.3,0.0,1.0,1.0
2025-02-14 20:00,0.0,15.9,2.2,0.0,1.0,1.0
2025-02-14 21:00,0.0,14.3,2.2,0.0,1.0,1.0
2025-02-14 22:00,0.0,12.8,2.2,0.0,1.0,1.0
2025-02-14 23:00,0.0,11.3,1.4,0.0,1.0,1.0
2025-02-15 00:00,0.0,6.3,1.4,0.0,1.0,1.0
2025-02-15 01:00,0.0,5.3,3.1,0.0,1.0,1.0
2025-02-15 02:00,0.0,4.7,2.0,0.0,1.0,1.0
2025-02-15 03:00,0.0,4.5,1.5,0.0,1.0,1.0
2025-02-15 04:00,0.0,4.7,2.2,0.0,1.0,1.0
2025-02-15 05:00,0.0,5.3,1.7,0.0,1.0,1.0
2025-02-15 06:00,0.0,6.3,2.4,0.0,1.0,1.0
2025-02-15 07:00,44.0,7.5,2.1,205.6,1.0,1.0
2025-02-15 08:00,101.0,9.0,2.0,470.5,1.0,1.0
2025-02-15 09:00,150.0,10.5,1.6,692.3,1.0,1.0
2025-02-15 10:00,192.0,12.1,3.1,868.4,1.0,1.0
2025-02-15 11:00,189.0,13.5,2.6,847.8,1.0,1.0
2025-02-15 12:00,202.0,14.8,3.7,879.7,1.0,1.0
2025-02-15 13:00,202.0,15.7,4.2,911.6,1.0,1.0
2025-02-15 14:00,148.0,16.3,5.2,664.5,1.0,1.0
2025-02-15 15:00,97.0,16.5,3.7,433.5,1.0,1.0
2025-02-15 16:00,42.0,16.3,3.8,188.9,1.0,1.0
2025-02-15 17:00,0.0,15.7,3.1,0.0,1.0,1.0
2025-02-15 18:00,0.0,14.8,2.4,0.0,1.0,1.0
2025-02-15 19:00,0.0,13.5,3.7,0.0,1.0,1.0
2025-02-15 20:00,0.0,12.1,2.3,0.0,1.0,1.0
2025-02-15 21:00,0.0,10.5,1.5,0.0,1.0,1.0
2025-02-15 22:00,0.0,9.0,2.2,0.0,1.0,1.0
2025-02-15 23:00,0.0,7.5,2.5,0.0,1.0,1.0
2025-02-16 00:00,0.0,7.3,1.7,0.0,1.0,1.0
2025-02-16 01:00,0.0,6.4,2.4,0.0,1.0,1.0
2025-02-16 02:00,0.0,5.8,1.2,0.0,1.0,1.0
2025-02-16 03:00,0.0,5.6,2.2,0.0,1.0,1.0
2025-02-16 04:00,0.0,5.8,1.3,0.0,1.0,1.0
2025-02-16 05:00,0.0,6.4,0.9,0.0,1.0,1.0
2025-02-16 06:00,0.0,7.3,2.0,0.0,1.0,1.0
2025-02-16 07:00,114.0,8.6,3.0,523.3,1.0,1.0
2025-02-16 08:00,284.0,10.0,1.8,1270.9,1.0,1.0
2025-02-16 09:00,418.0,11.6,2.8,1871.4,1.0,1.0
2025-02-16 10:00,471.0,13.1,0.5,2051.3,1.0,1.0
2025-02-16 11:00,547.0,14.6,4.1,2360.8,1.0,1.0
2025-02-16 12:00,526.0,15.8,3.0,2266.7,1.0,1.0
2025-02-16 13:00,451.0,16.7,4.0,1969.0,1.0,1.0
2025-02-16 14:00,387.0,17.3,2.3,1696.5,1.0,1.0
2025-02-16 15:00,271.0,17.6,4.5,1181.8,1.0,1.0
2025-02-16 16:00,121.0,17.3,3.5,545.5,1.0,1.0
2025-02-16 17:00,0.0,16.7,3.0,0.0,1.0,1.0
2025-02-16 18:00,0.0,15.8,3.4,0.0,1.0,1.0
2025-02-16 19:00,0.0,14.6,2.9,0.0,1.0,1.0
2025-02-16 20:00,0.0,13.1,2.3,0.0,1.0,1.0
2025-02-16 21:00,0.0,11.6,1.9,0.0,1.0,1.0
2025-02-16 22:00,0.0,10.0,2.6,0.0,1.0,1.0
2025-02-16 23:00,0.0,8.6,1.7,0.0,1.0,1.0
2025-02-17 00:00,0.0,6.0,2.2,0.0,1.0,1.0
2025-02-17 01:00,0.0,5.1,2.2,0.0,1.0,1.0
2025-02-17 02:00,0.0,4.5,1.5,0.0,1.0,1.0
2025-02-17 03:00,0.0,4.3,2.1,0.0,1.0,1.0
2025-02-17 04:00,0.0,4.5,1.9,0.0,1.0,1.0
2025-02-17 05:00,0.0,5.1,2.1,0.0,1.0,1.0
2025-02-17 06:00,0.0,6.0,2.0,0.0,1.0,1.0
2025-02-17 07:00,139.0,7.3,2.7,635.7,1.0,1.0
2025-02-17 08:00,307.0,8.7,1.3,1359.5,1.0,1.0
2025-02-17 09:00,413.0,10.3,1.7,1860.0,1.0,1.0
2025-02-17 10:00,498.0,11.8,2.0,2173.5,1.0,1.0
2025-02-17 11:00,561.0,13.3,2.4,2399.5,1.0,1.0
2025-02-17 12:00,563.0,14.5,2.7,2446.4,1.0,1.0
2025-02-17 13:00,486.0,15.5,3.2,2131.6,1.0,1.0
2025-02-17 14:00,416.0,16.1,4.3,1838.8,1.0,1.0
2025-02-17 15:00,276.0,16.3,3.0,1203.3,1.0,1.0
2025-02-17 16:00,130.0,16.1,3.9,568.1,1.0,1.0
2025-02-17 17:00,0.0,15.5,3.4,0.0,1.0,1.0
2025-02-17 18:00,0.0,14.5,4.0,0.0,1.0,1.0
2025-02-17 19:00,0.0,13.3,2.7,0.0,1.0,1.0
2025-02-17 20:00,0.0,11.8,2.1,0.0,1.0,1.0
2025-02-17 21:00,0.0,10.3,2.2,0.0,1.0,1.0
2025-02-17 22:00,0.0,8.7,1.7,0.0,1.0,1.0
2025-02-17 23:00,0.0,7.3,2.9,0.0,1.0,1.0
2025-02-18 00:00,0.0,9.8,1.3,0.0,1.0,1.0
2025-02-18 01:00,0.0,8.8,2.4,0.0,1.0,1.0
2025-02-18 02:00,0.0,8.2,1.9,0.0,1.0,1.0
2025-02-18 03:00,0.0,8.0,3.1,0.0,1.0,1.0
2025-02-18 04:00,0.0,8.2,2.3,0.0,1.0,1.0
2025-02-18 05:00,0.0,8.8,1.5,0.0,1.0,1.0
2025-02-18 06:00,0.0,9.8,1.3,0.0,1.0,1.0
2025-02-18 07:00,132.0,11.0,2.2,601.4,1.0,1.0
2025-02-18 08:00,287.0,12.4,2.3,1288.0,1.0,1.0
2025-02-18 09:00,407.0,14.0,2.5,1806.7,1.0,1.0
2025-02-18 10:00,496.0,15.5,2.6,2152.2,1.0,1.0
2025-02-18 11:00,579.0,17.0,4.0,2459.7,1.0,1.0
2025-02-18 12:00,571.0,18.2,4.1,2458.5,1.0,1.0
2025-02-18 13:00,472.0,19.2,2.9,2049.9,1.0,1.0
2025-02-18 14:00,381.0,19.8,3.1,1645.5,1.0,1.0
2025-02-18 15:00,278.0,20.0,3.9,1208.0,1.0,1.0
2025-02-18 16:00,138.0,19.8,3.1,595.0,1.0,1.0
2025-02-18 17:00,0.0,19.2,3.9,0.0,1.0,1.0
2025-02-18 18:00,0.0,18.2,3.7,0.0,1.0,1.0
2025-02-18 19:00,0.0,17.0,2.9,0.0,1.0,1.0
2025-02-18 20:00,0.0,15.5,2.8,0.0,1.0,1.0
2025-02-18 21:00,0.0,14.0,2.2,0.0,1.0,1.0
2025-02-18 22:00,0.0,12.4,1.8,0.0,1.0,1.0
2025-02-18 23:00,0.0,11.0,2.5,0.0,1.0,1.0
2025-02-19 00:00,0.0,3.5,2.5,0.0,1.0,1.0
2025-02-19 01:00,0.0,2.5,1.0,0.0,1.0,1.0
2025-02-19 02:00,0.0,1.9,1.5,0.0,1.0,1.0
2025-02-19 03:00,0.0,1.7,1.0,0.0,1.0,1.0
2025-02-19 04:00,0.0,1.9,1.2,0.0,1.0,1.0
2025-02-19 05:00,0.0,2.5,2.0,0.0,1.0,1.0
2025-02-19 06:00,0.0,3.5,2.4,0.0,1.0,1.0
2025-02-19 07:00,114.0,4.7,2.2,531.4,1.0,1.0
2025-02-19 08:00,254.0,6.2,2.6,1160.0,1.0,1.0
2025-02-19 09:00,352.0,7.7,1.5,1562.9,1.0,1.0
2025-02-19 10:00,463.0,9.3,2.6,2094.1,1.0,1.0
2025-02-19 11:00,465.0,10.7,2.9,2033.9,1.0,1.0
2025-02-19 12:00,470.0,11.9,2.9,2100.7,1.0,1.0
2025-02-19 13:00,438.0,12.9,3.3,1914.4,1.0,1.0
2025-02-19 14:00,357.0,13.5,4.0,1584.7,1.0,1.0
2025-02-19 15:00,256.0,13.7,3.3,1145.3,1.0,1.0
2025-02-19 16:00,119.0,13.5,3.9,539.7,1.0,1.0
2025-02-19 17:00,0.0,12.9,4.2,0.0,1.0,1.0
2025-02-19 18:00,0.0,11.9,3.2,0.0,1.0,1.0
2025-02-19 19:00,0.0,10.7,3.6,0.0,1.0,1.0
2025-02-19 20:00,0.0,9.3,3.2,0.0,1.0,1.0
2025-02-19 21:00,0.0,7.7,2.6,0.0,1.0,1.0
2025-02-19 22:00,0.0,6.2,2.3,0.0,1.0,1.0
2025-02-19 23:00,0.0,4.7,2.7,0.0,1.0,1.0
2025-02-20 00:00,0.0,7.3,1.8,0.0,1.0,1.0
2025-02-20 01:00,0.0,6.3,1.8,0.0,1.0,1.0
2025-02-20 02:00,0.0,5.7,2.1,0.0,1.0,1.0
2025-02-20 03:00,0.0,5.5,0.7,0.0,1.0,1.0
2025-02-20 04:00,0.0,5.7,2.2,0.0,1.0,1.0
2025-02-20 05:00,0.0,6.3,1.7,0.0,1.0,1.0
2025-02-20 06:00,0.0,7.3,1.5,0.0,1.0,1.0
2025-02-20 07:00,159.0,8.5,2.3,732.8,1.0,1.0
2025-02-20 08:00,331.0,9.9,2.3,1484.2,1.0,1.0
2025-02-20 09:00,481.0,11.5,2.3,2107.6,1.0,1.0
2025-02-20 10:00,610.0,13.0,2.1,2602.0,1.0,1.0
2025-02-20 11:00,638.0,14.5,1.7,2684.8,1.0,1.0
2025-02-20 12:00,645.0,15.7,4.1,2723.3,1.0,1.0
2025-02-20 13:00,567.0,16.7,2.9,2403.2,1.0,1.0
2025-02-20 14:00,479.0,17.3,2.8,2070.7,1.0,1.0
2025-02-20 15:00,338.0,17.5,3.9,1459.6,1.0,1.0
2025-02-20 16:00,161.0,17.3,4.0,723.5,1.0,1.0
2025-02-20 17:00,0.0,16.7,4.4,0.0,1.0,1.0
2025-02-20 18:00,0.0,15.7,3.1,0.0,1.0,1.0
2025-02-20 19:00,0.0,14.5,3.0,0.0,1.0,1.0
2025-02-20 20:00,0.0,13.0,3.4,0.0,1.0,1.0
2025-02-20 21:00,0.0,11.5,2.1,0.0,1.0,1.0
2025-02-20 22:00,0.0,9.9,2.9,0.0,1.0,1.0
2025-02-20 23:00,0.0,8.5,2.5,0.0,1.0,1.0
2025-02-21 00:00,0.0,8.5,2.4,0.0,1.0,1.0
2025-02-21 01:00,0.0,7.6,1.8,0.0,1.0,1.0
2025-02-21 02:00,0.0,7.0,1.5,0.0,1.0,1.0
2025-02-21 03:00,0.0,6.8,2.5,0.0,1.0,1.0
2025-02-21 04:00,0.0,7.0,1.1,0.0,1.0,1.0
2025-02-21 05:00,0.0,7.6,2.6,0.0,1.0,1.0
2025-02-21 06:00,0.0,8.5,2.8,0.0,1.0,1.0
2025-02-21 07:00,106.0,9.8,1.2,485.1,1.0,1.0
2025-02-21 08:00,225.0,11.2,2.4,1013.5,1.0,1.0
2025-02-21 09:00,325.0,12.8,2.9,1409.8,1.0,1.0
2025-02-21 10:00,372.0,14.3,2.6,1664.0,1.0,1.0
2025-02-21 11:00,446.0,15.8,2.4,1929.2,1.0,1.0
2025-02-21 12:00,394.0,17.0,4.4,1724.1,1.0,1.0
2025-02-21 13:00,372.0,18.0,2.3,1585.6,1.0,1.0
2025-02-21 14:00,324.0,18.6,2.9,1416.3,1.0,1.0
2025-02-21 15:00,219.0,18.8,2.9,970.5,1.0,1.0
2025-02-21 16:00,98.0,18.6,3.0,437.7,1.0,1.0
2025-02-21 17:00,0.0,18.0,3.4,0.0,1.0,1.0
2025-02-21 18:00,0.0,17.0,2.9,0.0,1.0,1.0
2025-02-21 19:00,0.0,15.8,2.9,0.0,1.0,1.0
2025-02-21 20:00,0.0,14.3,2.3,0.0,1.0,1.0
2025-02-21 21:00,0.0,12.8,2.3,0.0,1.0,1.0
2025-02-21 22:00,0.0,11.2,0.8,0.0,1.0,1.0
2025-02-21 23:00,0.0,9.8,1.7,0.0,1.0,1.0
2025-02-22 00:00,0.0,5.9,1.4,0.0,1.0,1.0
2025-02-22 01:00,0.0,4.9,2.7,0.0,1.0,1.0
2025-02-22 02:00,0.0,4.3,2.5,0.0,1.0,1.0
2025-02-22 03:00,0.0,4.1,1.8,0.0,1.0,1.0
2025-02-22 04:00,0.0,4.3,1.8,0.0,1.0,1.0
2025-02-22 05:00,0.0,4.9,1.5,0.0,1.0,1.0
2025-02-22 06:00,0.0,5.9,2.2,0.0,1.0,1.0
2025-02-22 07:00,121.0,7.1,3.2,562.3,1.0,1.0
2025-02-22 08:00,250.0,8.6,2.4,1138.4,1.0,1.0
2025-02-22 09:00,375.0,10.1,2.1,1663.0,1.0,1.0
2025-02-22 10:00,421.0,11.7,3.0,1879.3,1.0,1.0
2025-02-22 11:00,503.0,13.1,2.3,2229.1,1.0,1.0
2025-02-22 12:00,466.0,14.4,3.8,2018.4,1.0,1.0
2025-02-22 13:00,461.0,15.3,3.4,2019.2,1.0,1.0
2025-02-22 14:00,376.0,15.9,3.7,1629.5,1.0,1.0
2025-02-22 15:00,248.0,16.1,3.3,1072.4,1.0,1.0
2025-02-22 16:00,123.0,15.9,4.3,558.3,1.0,1.0
2025-02-22 17:00,0.0,15.3,3.1,0.0,1.0,1.0
2025-02-22 18:00,0.0,14.4,3.4,0.0,1.0,1.0
2025-02-22 19:00,0.0,13.1,2.9,0.0,1.0,1.0
2025-02-22 20:00,0.0,11.7,1.7,0.0,1.0,1.0
2025-02-22 21:00,0.0,10.1,2.0,0.0,1.0,1.0
2025-02-22 22:00,0.0,8.6,2.2,0.0,1.0,1.0
2025-02-22 23:00,0.0,7.1,1.0,0.0,1.0,1.0
2025-02-23 00:00,0.0,6.8,1.3,0.0,1.0,1.0
2025-02-23 01:00,0.0,5.9,1.8,0.0,1.0,1.0
2025-02-23 02:00,0.0,5.3,2.1,0.0,1.0,1.0
2025-02-23 03:00,0.0,5.1,2.2,0.0,1.0,1.0
2025-02-23 04:00,0.0,5.3,2.0,0.0,1.0,1.0
2025-02-23 05:00,0.0,5.9,2.8,0.0,1.0,1.0
2025-02-23 06:00,0.0,6.8,2.3,0.0,1.0,1.0
2025-02-23 07:00,172.0,8.1,2.3,791.8,1.0,1.0
2025-02-23 08:00,359.0,9.5,1.7,1601.6,1.0,1.0
2025-02-23 09:00,478.0,11.1,3.2,2074.1,1.0,1.0
2025-02-23 10:00,596.0,12.6,0.9,2559.2,1.0,1.0
2025-02-23 11:00,635.0,14.1,3.3,2701.1,1.0,1.0
2025-02-23 12:00,626.0,15.3,2.8,2647.8,1.0,1.0
2025-02-23 13:00,584.0,16.3,3.7,2501.9,1.0,1.0
2025-02-23 14:00,512.0,16.9,2.5,2159.8,1.0,1.0
2025-02-23 15:00,353.0,17.1,3.8,1556.7,1.0,1.0
2025-02-23 16:00,170.0,16.9,3.0,759.5,1.0,1.0
2025-02-23 17:00,0.0,16.3,2.9,0.0,1.0,1.0
2025-02-23 18:00,0.0,15.3,3.5,0.0,1.0,1.0
2025-02-23 19:00,0.0,14.1,2.8,0.0,1.0,1.0
2025-02-23 20:00,0.0,12.6,3.5,0.0,1.0,1.0
2025-02-23 21:00,0.0,11.1,2.6,0.0,1.0,1.0
2025-02-23 22:00,0.0,9.5,2.1,0.0,1.0,1.0
2025-02-23 23:00,0.0,8.1,2.4,0.0,1.0,1.0
2025-02-24 00:00,0.0,6.3,2.8,0.0,1.0,1.0
2025-02-24 01:00,0.0,5.3,1.7,0.0,1.0,1.0
2025-02-24 02:00,0.0,4.7,1.8,0.0,1.0,1.0
2025-02-24 03:00,0.0,4.5,2.2,0.0,1.0,1.0
2025-02-24 04:00,0.0,4.7,1.5,0.0,1.0,1.0
2025-02-24 05:00,0.0,5.3,1.2,0.0,1.0,1.0
2025-02-24 06:00,0.0,6.3,1.8,0.0,1.0,1.0
2025-02-24 07:00,209.0,7.5,2.4,930.6,1.0,1.0
2025-02-24 08:00,399.0,9.0,2.5,1761.6,1.0,1.0
2025-02-24 09:00,589.0,10.5,2.8,2532.4,1.0,1.0
2025-02-24 10:00,682.0,12.1,1.9,2899.3,1.0,1.0
2025-02-24 11:00,738.0,13.5,2.5,3087.7,1.0,1.0
2025-02-24 12:00,697.0,14.8,3.3,2982.0,1.0,1.0
2025-02-24 13:00,711.0,15.7,3.6,3007.6,1.0,1.0
2025-02-24 14:00,540.0,16.3,3.5,2326.4,1.0,1.0
2025-02-24 15:00,404.0,16.5,5.1,1755.1,1.0,1.0
2025-02-24 16:00,201.0,16.3,3.3,897.5,1.0,1.0
2025-02-24 17:00,0.0,15.7,3.2,0.0,1.0,1.0
2025-02-24 18:00,0.0,14.8,3.2,0.0,1.0,1.0
2025-02-24 19:00,0.0,13.5,2.2,0.0,1.0,1.0
2025-02-24 20:00,0.0,12.1,2.2,0.0,1.0,1.0
2025-02-24 21:00,0.0,10.5,2.1,0.0,1.0,1.0
2025-02-24 22:00,0.0,9.0,1.3,0.0,1.0,1.0
2025-02-24 23:00,0.0,7.5,2.0,0.0,1.0,1.0
2025-02-25 00:00,0.0,7.4,0.9,0.0,1.0,1.0
2025-02-25 01:00,0.0,6.5,2.2,0.0,1.0,1.0
2025-02-25 02:00,0.0,5.9,1.4,0.0,1.0,1.0
2025-02-25 03:00,0.0,5.7,2.9,0.0,1.0,1.0
2025-02-25 04:00,0.0,5.9,2.1,0.0,1.0,1.0
2025-02-25 05:00,0.0,6.5,2.0,0.0,1.0,1.0
2025-02-25 06:00,0.0,7.4,2.6,0.0,1.0,1.0
2025-02-25 07:00,151.0,8.7,3.6,690.5,1.0,1.0
2025-02-25 08:00,328.0,10.1,2.3,1457.4,1.0,1.0
2025-02-25 09:00,437.0,11.7,0.5,1906.4,1.0,1.0
2025-02-25 10:00,555.0,13.2,3.9,2407.2,1.0,1.0
2025-02-25 11:00,562.0,14.7,2.6,2425.0,1.0,1.0
2025-02-25 12:00,626.0,15.9,3.5,2635.8,1.0,1.0
2025-02-25 13:00,517.0,16.9,4.2,2191.5,1.0,1.0
2025-02-25 14:00,454.0,17.5,3.2,1962.1,1.0,1.0
2025-02-25 15:00,302.0,17.7,4.2,1326.9,1.0,1.0
2025-02-25 16:00,160.0,17.5,3.6,702.3,1.0,1.0
2025-02-25 17:00,0.0,16.9,4.0,0.0,1.0,1.0
2025-02-25 18:00,0.0,15.9,2.6,0.0,1.0,1.0
2025-02-25 19:00,0.0,14.7,2.5,0.0,1.0,1.0
2025-02-25 20:00,0.0,13.2,2.2,0.0,1.0,1.0
2025-02-25 21:00,0.0,11.7,2.3,0.0,1.0,1.0
2025-02-25 22:00,0.0,10.1,1.7,0.0,1.0,1.0
2025-02-25 23:00,0.0,8.7,1.7,0.0,1.0,1.0
2025-02-26 00:00,0.0,5.1,1.9,0.0,1.0,1.0
2025-02-26 01:00,0.0,4.2,1.6,0.0,1.0,1.0
2025-02-26 02:00,0.0,3.6,2.5,0.0,1.0,1.0
2025-02-26 03:00,0.0,3.3,2.6,0.0,1.0,1.0
2025-02-26 04:00,0.0,3.6,2.2,0.0,1.0,1.0
2025-02-26 05:00,0.0,4.2,2.7,0.0,1.0,1.0
2025-02-26 06:00,0.0,5.1,3.1,0.0,1.0,1.0
2025-02-26 07:00,168.0,6.3,2.0,770.7,1.0,1.0
2025-02-26 08:00,336.0,7.8,1.1,1519.9,1.0,1.0
2025-02-26 09:00,496.0,9.3,2.6,2214.6,1.0,1.0
2025-02-26 10:00,578.0,10.9,0.9,2474.7,1.0,1.0
2025-02-26 11:00,636.0,12.3,2.3,2740.7,1.0,1.0
2025-02-26 12:00,644.0,13.6,3.2,2709.7,1.0,1.0
2025-02-26 13:00,560.0,14.5,3.7,2460.1,1.0,1.0
2025-02-26 14:00,487.0,15.1,3.4,2185.2,1.0,1.0
2025-02-26 15:00,317.0,15.3,4.2,1409.5,1.0,1.0
2025-02-26 16:00,166.0,15.1,2.9,739.6,1.0,1.0
2025-02-26 17:00,0.0,14.5,3.0,0.0,1.0,1.0
2025-02-26 18:00,0.0,13.6,3.1,0.0,1.0,1.0
2025-02-26 19:00,0.0,12.3,2.3,0.0,1.0,1.0
2025-02-26 20:00,0.0,10.9,2.9,0.0,1.0,1.0
2025-02-26 21:00,0.0,9.3,3.0,0.0,1.0,1.0
2025-02-26 22:00,0.0,7.8,1.8,0.0,1.0,1.0
2025-02-26 23:00,0.0,6.3,2.2,0.0,1.0,1.0
2025-02-27 00:00,0.0,5.2,2.2,0.0,1.0,1.0
2025-02-27 01:00,0.0,4.3,1.9,0.0,1.0,1.0
2025-02-27 02:00,0.0,3.7,2.3,0.0,1.0,1.0
2025-02-27 03:00,0.0,3.5,1.9,0.0,1.0,1.0
2025-02-27 04:00,0.0,3.7,1.8,0.0,1.0,1.0
2025-02-27 05:00,0.0,4.3,3.1,0.0,1.0,1.0
2025-02-27 06:00,0.0,5.2,1.8,0.0,1.0,1.0
2025-02-27 07:00,154.0,6.5,0.8,710.3,1.0,1.0
2025-02-27 08:00,297.0,7.9,1.8,1338.9,1.0,1.0
2025-02-27 09:00,432.0,9.5,2.4,1876.2,1.0,1.0
2025-02-27 10:00,552.0,11.0,1.8,2404.8,1.0,1.0
2025-02-27 11:00,554.0,12.5,2.0,2430.1,1.0,1.0
2025-02-27 12:00,556.0,13.7,4.3,2452.0,1.0,1.0
2025-02-27 13:00,489.0,14.7,3.8,2139.7,1.0,1.0
2025-02-27 14:00,405.0,15.3,3.9,1755.8,1.0,1.0
2025-02-27 15:00,300.0,15.5,3.4,1330.5,1.0,1.0
2025-02-27 16:00,148.0,15.3,2.8,683.4,1.0,1.0
2025-02-27 17:00,0.0,14.7,3.9,0.0,1.0,1.0
2025-02-27 18:00,0.0,13.7,2.3,0.0,1.0,1.0
2025-02-27 19:00,0.0,12.5,3.0,0.0,1.0,1.0
2025-02-27 20:00,0.0,11.0,3.0,0.0,1.0,1.0
2025-02-27 21:00,0.0,9.5,2.7,0.0,1.0,1.0
2025-02-27 22:00,0.0,7.9,3.9,0.0,1.0,1.0
2025-02-27 23:00,0.0,6.5,1.3,0.0,1.0,1.0
2025-02-28 00:00,0.0,5.6,2.3,0.0,1.0,1.0
2025-02-28 01:00,0.0,4.7,1.4,0.0,1.0,1.0
2025-02-28 02:00,0.0,4.1,2.1,0.0,1.0,1.0
2025-02-28 03:00,0.0,3.8,2.3,0.0,1.0,1.0
2025-02-28 04:00,0.0,4.1,2.4,0.0,1.0,1.0
2025-02-28 05:00,0.0,4.7,1.7,0.0,1.0,1.0
2025-02-28 06:00,0.0,5.6,2.4,0.0,1.0,1.0
2025-02-28 07:00,98.0,6.8,2.4,458.7,1.0,1.0
2025-02-28 08:00,181.0,8.3,1.8,813.1,1.0,1.0
2025-02-28 09:00,279.0,9.8,2.9,1242.7,1.0,1.0
2025-02-28 10:00,339.0,11.4,2.2,1493.4,1.0,1.0
2025-02-28 11:00,363.0,12.8,2.5,1569.8,1.0,1.0
2025-02-28 12:00,357.0,14.1,3.8,1579.3,1.0,1.0
2025-02-28 13:00,342.0,15.0,3.2,1493.9,1.0,1.0
2025-02-28 14:00,274.0,15.6,3.3,1200.6,1.0,1.0
2025-02-28 15:00,205.0,15.8,3.4,926.6,1.0,1.0
2025-02-28 16:00,94.0,15.6,3.0,432.3,1.0,1.0
2025-02-28 17:00,0.0,15.0,2.6,0.0,1.0,1.0
2025-02-28 18:00,0.0,14.1,3.8,0.0,1.0,1.0
2025-02-28 19:00,0.0,12.8,3.1,0.0,1.0,1.0
2025-02-28 20:00,0.0,11.4,2.0,0.0,1.0,1.0
2025-02-28 21:00,0.0,9.8,2.0,0.0,1.0,1.0
2025-02-28 22:00,0.0,8.3,2.2,0.0,1.0,1.0
2025-02-28 23:00,0.0,6.8,0.9,0.0,1.0,1.0
2025-03-01 00:00,0.0,5.2,2.1,0.0,1.0,1.0
2025-03-01 01:00,0.0,4.1,1.7,0.0,1.0,1.0
2025-03-01 02:00,0.0,3.4,2.0,0.0,1.0,1.0
2025-03-01 03:00,0.0,3.2,1.9,0.0,1.0,1.0
2025-03-01 04:00,0.0,3.4,1.6,0.0,1.0,1.0
2025-03-01 05:00,0.0,4.1,2.3,0.0,1.0,1.0
2025-03-01 06:00,0.0,5.2,1.3,0.0,1.0,1.0
2025-03-01 07:00,149.0,6.7,1.5,682.6,1.0,1.0
2025-03-01 08:00,292.0,8.4,1.8,1328.1,1.0,1.0
2025-03-01 09:00,385.0,10.2,2.6,1696.8,1.0,1.0
2025-03-01 10:00,495.0,12.0,3.8,2162.3,1.0,0.6
2025-03-01 11:00,515.0,13.7,3.3,2220.6,1.0,0.6
2025-03-01 12:00,545.0,15.1,2.2,2325.8,1.0,0.6
2025-03-01 13:00,486.0,16.3,3.2,2069.7,1.0,0.6
2025-03-01 14:00,413.0,17.0,3.0,1786.8,1.0,0.6
2025-03-01 15:00,295.0,17.2,4.4,1297.4,1.0,1.0
2025-03-01 16:00,141.0,17.0,2.4,631.5,1.0,1.0
2025-03-01 17:00,0.0,16.3,2.7,0.0,1.0,1.0
2025-03-01 18:00,0.0,15.1,4.0,0.0,1.0,1.0
2025-03-01 19:00,0.0,13.7,2.7,0.0,1.0,1.0
2025-03-01 20:00,0.0,12.0,2.0,0.0,1.0,1.0
2025-03-01 21:00,0.0,10.2,2.3,0.0,1.0,1.0
2025-03-01 22:00,0.0,8.4,2.0,0.0,1.0,1.0
2025-03-01 23:00,0.0,6.7,2.6,0.0,1.0,1.0
2025-03-02 00:00,0.0,8.5,1.6,0.0,1.0,1.0
2025-03-02 01:00,0.0,7.4,1.6,0.0,1.0,1.0
2025-03-02 02:00,0.0,6.7,2.4,0.0,1.0,1.0
2025-03-02 03:00,0.0,6.5,3.0,0.0,1.0,1.0
2025-03-02 04:00,0.0,6.7,0.9,0.0,1.0,1.0
2025-03-02 05:00,0.0,7.4,3.3,0.0,1.0,1.0
2025-03-02 06:00,2.0,8.5,1.8,9.4,1.0,1.0
2025-03-02 07:00,249.0,10.0,1.7,1136.7,1.0,1.0
2025-03-02 08:00,489.0,11.7,1.6,2117.3,1.0,1.0
2025-03-02 09:00,676.0,13.5,1.9,2870.1,1.0,1.0
2025-03-02 10:00,783.0,15.3,1.7,3261.5,1.0,1.0
2025-03-02 11:00,877.0,17.0,2.8,3536.0,1.0,1.0
2025-03-02 12:00,877.0,18.4,2.3,3611.2,1.0,1.0
2025-03-02 13:00,809.0,19.5,3.4,3367.4,1.0,1.0
2025-03-02 14:00,665.0,20.2,3.5,2744.3,1.0,1.0
2025-03-02 15:00,483.0,20.5,3.8,2028.2,1.0,1.0
2025-03-02 16:00,245.0,20.2,4.2,1065.8,1.0,1.0
2025-03-02 17:00,2.0,19.5,2.8,9.0,1.0,1.0
2025-03-02 18:00,0.0,18.4,2.5,0.0,1.0,1.0
2025-03-02 19:00,0.0,17.0,2.2,0.0,1.0,1.0
2025-03-02 20:00,0.0,15.3,2.1,0.0,1.0,1.0
2025-03-02 21:00,0.0,13.5,1.5,0.0,1.0,1.0
2025-03-02 22:00,0.0,11.7,2.7,0.0,1.0,1.0
2025-03-02 23:00,0.0,10.0,1.1,0.0,1.0,1.0
2025-03-03 00:00,0.0,9.0,1.5,0.0,1.0,1.0
2025-03-03 01:00,0.0,7.9,2.5,0.0,1.0,1.0
2025-03-03 02:00,0.0,7.2,1.5,0.0,1.0,1.0
2025-03-03 03:00,0.0,6.9,1.5,0.0,1.0,1.0
2025-03-03 04:00,0.0,7.2,0.9,0.0,1.0,1.0
2025-03-03 05:00,0.0,7.9,2.4,0.0,1.0,1.0
2025-03-03 06:00,2.0,9.0,1.0,9.4,1.0,1.0
2025-03-03 07:00,217.0,10.4,1.8,988.0,1.0,1.0
2025-03-03 08:00,390.0,12.1,1.6,1753.5,1.0,1.0
2025-03-03 09:00,593.0,13.9,2.2,2557.3,1.0,1.0
2025-03-03 10:00,652.0,15.8,2.8,2735.4,1.0,1.0
2025-03-03 11:00,775.0,17.4,3.2,3274.3,1.0,1.0
2025-03-03 12:00,746.0,18.9,3.7,3046.8,1.0,1.0
2025-03-03 13:00,640.0,20.0,2.6,2655.0,1.0,1.0
2025-03-03 14:00,551.0,20.7,3.8,2300.2,1.0,1.0
2025-03-03 15:00,434.0,20.9,4.0,1861.1,1.0,1.0
2025-03-03 16:00,215.0,20.7,2.8,927.1,1.0,1.0
2025-03-03 17:00,3.0,20.0,3.8,13.6,1.0,1.0
2025-03-03 18:00,0.0,18.9,2.2,0.0,1.0,1.0
2025-03-03 19:00,0.0,17.4,1.8,0.0,1.0,1.0
2025-03-03 20:00,0.0,15.8,1.5,0.0,1.0,1.0
2025-03-03 21:00,0.0,13.9,1.8,0.0,1.0,1.0
2025-03-03 22:00,0.0,12.1,1.6,0.0,1.0,1.0
2025-03-03 23:00,0.0,10.4,3.0,0.0,1.0,1.0
2025-03-04 00:00,0.0,7.1,1.4,0.0,1.0,1.0
2025-03-04 01:00,0.0,6.0,0.9,0.0,1.0,1.0
2025-03-04 02:00,0.0,5.3,2.6,0.0,1.0,1.0
2025-03-04 03:00,0.0,5.1,2.5,0.0,1.0,1.0
2025-03-04 04:00,0.0,5.3,1.8,0.0,1.0,1.0
2025-03-04 05:00,0.0,6.0,2.5,0.0,1.0,1.0
2025-03-04 06:00,4.0,7.1,2.5,18.6,1.0,1.0
2025-03-04 07:00,219.0,8.6,1.7,997.9,1.0,1.0
2025-03-04 08:00,444.0,10.3,1.4,1976.9,1.0,1.0
2025-03-04 09:00,592.0,12.1,1.5,2600.5,1.0,1.0
2025-03-04 10:00,771.0,13.9,2.0,3248.6,1.0,1.0
2025-03-04 11:00,794.0,15.6,2.6,3317.4,1.0,1.0
2025-03-04 12:00,838.0,17.0,4.1,3540.8,1.0,1.0
2025-03-04 13:00,768.0,18.1,3.1,3166.5,1.0,1.0
2025-03-04 14:00,620.0,18.8,2.9,2612.1,1.0,1.0
2025-03-04 15:00,441.0,19.1,3.3,1897.0,1.0,1.0
2025-03-04 16:00,223.0,18.8,3.9,974.0,1.0,1.0
2025-03-04 17:00,4.0,18.1,2.9,18.1,1.0,1.0
2025-03-04 18:00,0.0,17.0,3.2,0.0,1.0,1.0
2025-03-04 19:00,0.0,15.6,2.1,0.0,1.0,1.0
2025-03-04 20:00,0.0,13.9,2.8,0.0,1.0,1.0
2025-03-04 21:00,0.0,12.1,2.8,0.0,1.0,1.0
2025-03-04 22:00,0.0,10.3,1.4,0.0,1.0,1.0
2025-03-04 23:00,0.0,8.6,2.8,0.0,1.0,1.0
2025-03-05 00:00,0.0,10.0,0.4,0.0,1.0,1.0
2025-03-05 01:00,0.0,8.9,2.0,0.0,1.0,1.0
2025-03-05 02:00,0.0,8.2,1.9,0.0,1.0,1.0
2025-03-05 03:00,0.0,8.0,1.7,0.0,1.0,1.0
2025-03-05 04:00,0.0,8.2,3.0,0.0,1.0,1.0
2025-03-05 05:00,0.0,8.9,1.7,0.0,1.0,1.0
2025-03-05 06:00,4.0,10.0,0.4,18.4,1.0,1.0
2025-03-05 07:00,139.0,11.5,2.6,638.0,1.0,1.0
2025-03-05 08:00,296.0,13.2,2.5,1298.1,1.0,1.0
2025-03-05 09:00,401.0,15.0,1.6,1763.9,1.0,1.0
2025-03-05 10:00,471.0,16.8,2.2,2012.3,1.0,1.0
2025-03-05 11:00,542.0,18.5,2.6,2317.0,1.0,1.0
2025-03-05 12:00,504.0,19.9,3.1,2143.1,1.0,1.0
2025-03-05 13:00,449.0,21.0,2.9,1907.2,1.0,1.0
2025-03-05 14:00,406.0,21.7,3.7,1739.9,1.0,1.0
2025-03-05 15:00,301.0,22.0,3.9,1292.2,1.0,1.0
2025-03-05 16:00,149.0,21.7,4.3,662.2,1.0,1.0
2025-03-05 17:00,4.0,21.0,3.4,18.1,1.0,1.0
2025-03-05 18:00,0.0,19.9,2.3,0.0,1.0,1.0
2025-03-05 19:00,0.0,18.5,3.1,0.0,1.0,1.0
2025-03-05 20:00,0.0,16.8,2.8,0.0,1.0,1.0
2025-03-05 21:00,0.0,15.0,1.3,0.0,1.0,1.0
2025-03-05 22:00,0.0,13.2,1.4,0.0,1.0,1.0
2025-03-05 23:00,0.0,11.5,1.5,0.0,1.0,1.0
2025-03-06 00:00,0.0,8.6,2.0,0.0,1.0,1.0
2025-03-06 01:00,0.0,7.5,1.8,0.0,1.0,1.0
2025-03-06 02:00,0.0,6.8,1.6,0.0,1.0,1.0
2025-03-06 03:00,0.0,6.6,1.8,0.0,1.0,1.0
2025-03-06 04:00,0.0,6.8,1.2,0.0,1.0,1.0
2025-03-06 05:00,0.0,7.5,2.0,0.0,1.0,1.0
2025-03-06 06:00,8.0,8.6,1.9,37.7,1.0,1.0
2025-03-06 07:00,218.0,10.1,2.2,978.8,1.0,1.0
2025-03-06 08:00,401.0,11.8,3.2,1766.3,1.0,1.0
2025-03-06 09:00,552.0,13.6,2.6,2425.5,1.0,1.0
2025-03-06 10:00,662.0,15.4,1.6,2400.0,1.0,0.6
2025-03-06 11:00,732.0,17.1,2.9,2400.0,1.0,0.6
2025-03-06 12:00,719.0,18.5,3.3,2400.0,1.0,0.6
2025-03-06 13:00,669.0,19.7,3.2,2400.0,1.0,0.6
2025-03-06 14:00,571.0,20.4,2.4,2400.0,1.0,0.6
2025-03-06 15:00,378.0,20.6,3.3,1648.9,1.0,1.0
2025-03-06 16:00,224.0,20.4,3.3,956.4,1.0,1.0
2025-03-06 17:00,8.0,19.7,1.8,35.6,1.0,1.0
2025-03-06 18:00,0.0,18.5,2.7,0.0,1.0,1.0
2025-03-06 19:00,0.0,17.1,3.3,0.0,1.0,1.0
2025-03-06 20:00,0.0,15.4,1.9,0.0,1.0,1.0
2025-03-06 21:00,0.0,13.6,1.0,0.0,1.0,1.0
2025-03-06 22:00,0.0,11.8,1.3,0.0,1.0,1.0
2025-03-06 23:00,0.0,10.1,2.4,0.0,1.0,1.0
2025-03-07 00:00,0.0,6.1,2.5,0.0,1.0,1.0
2025-03-07 01:00,0.0,5.0,1.5,0.0,1.0,1.0
2025-03-07 02:00,0.0,4.3,2.3,0.0,1.0,1.0
2025-03-07 03:00,0.0,4.0,1.6,0.0,1.0,1.0
2025-03-07 04:00,0.0,4.3,2.8,0.0,1.0,1.0
2025-03-07 05:00,0.0,5.0,2.6,0.0,1.0,1.0
2025-03-07 06:00,7.0,6.1,1.9,33.0,1.0,1.0
2025-03-07 07:00,160.0,7.5,1.9,740.5,1.0,1.0
2025-03-07 08:00,275.0,9.2,1.5,1246.7,1.0,1.0
2025-03-07 09:00,396.0,11.0,2.4,1767.7,1.0,1.0
2025-03-07 10:00,465.0,12.8,2.6,2064.4,1.0,1.0
2025-03-07 11:00,491.0,14.5,2.2,2119.1,1.0,1.0
2025-03-07 12:00,538.0,16.0,3.1,2342.3,1.0,1.0
2025-03-07 13:00,441.0,17.1,3.8,1937.2,1.0,1.0
2025-03-07 14:00,403.0,17.8,2.8,1758.3,1.0,1.0
2025-03-07 15:00,289.0,18.0,4.5,1257.1,1.0,1.0
2025-03-07 16:00,153.0,17.8,4.8,681.4,1.0,1.0
2025-03-07 17:00,8.0,17.1,3.8,36.7,1.0,1.0
2025-03-07 18:00,0.0,16.0,3.5,0.0,1.0,1.0
2025-03-07 19:00,0.0,14.5,3.0,0.0,1.0,1.0
2025-03-07 20:00,0.0,12.8,2.4,0.0,1.0,1.0
2025-03-07 21:00,0.0,11.0,1.5,0.0,1.0,1.0
2025-03-07 22:00,0.0,9.2,2.2,0.0,1.0,1.0
2025-03-07 23:00,0.0,7.5,2.9,0.0,1.0,1.0
2025-03-08 00:00,0.0,9.3,2.2,0.0,1.0,1.0
2025-03-08 01:00,0.0,8.1,2.0,0.0,1.0,1.0
2025-03-08 02:00,0.0,7.4,1.8,0.0,1.0,1.0
2025-03-08 03:00,0.0,7.2,2.1,0.0,1.0,1.0
2025-03-08 04:00,0.0,7.4,2.2,0.0,1.0,1.0
2025-03-08 05:00,0.0,8.1,1.6,0.0,1.0,1.0
2025-03-08 06:00,14.0,9.3,2.0,66.7,1.0,1.0
2025-03-08 07:00,280.0,10.7,1.7,1266.0,1.0,1.0
2025-03-08 08:00,499.0,12.4,1.4,2204.1,1.0,1.0
2025-03-08 09:00,697.0,14.2,0.7,2926.0,1.0,1.0
2025-03-08 10:00,812.0,16.0,1.7,2400.0,1.0,0.6
2025-03-08 11:00,876.0,17.7,2.3,2400.0,1.0,0.6
2025-03-08 12:00,898.0,19.2,3.5,2400.0,1.0,0.6
2025-03-08 13:00,830.0,20.3,2.7,2400.0,1.0,0.6
2025-03-08 14:00,697.0,21.0,4.0,2400.0,1.0,0.6
2025-03-08 15:00,509.0,21.2,3.4,2162.2,1.0,1.0
2025-03-08 16:00,280.0,21.0,3.6,1225.7,1.0,1.0
2025-03-08 17:00,14.0,20.3,3.5,63.0,1.0,1.0
2025-03-08 18:00,0.0,19.2,3.1,0.0,1.0,1.0
2025-03-08 19:00,0.0,17.7,2.9,0.0,1.0,1.0
2025-03-08 20:00,0.0,16.0,2.1,0.0,1.0,1.0
2025-03-08 21:00,0.0,14.2,3.1,0.0,1.0,1.0
2025-03-08 22:00,0.0,12.4,1.5,0.0,1.0,1.0
2025-03-08 23:00,0.0,10.7,1.5,0.0,1.0,1.0
2025-03-09 00:00,0.0,8.3,1.7,0.0,1.0,1.0
2025-03-09 01:00,0.0,7.2,2.0,0.0,1.0,1.0
2025-03-09 02:00,0.0,6.5,1.5,0.0,1.0,1.0
2025-03-09 03:00,0.0,6.2,1.6,0.0,1.0,1.0
2025-03-09 04:00,0.0,6.5,2.3,0.0,1.0,1.0
2025-03-09 05:00,0.0,7.2,3.1,0.0,1.0,1.0
2025-03-09 06:00,27.0,8.3,2.4,123.0,1.0,1.0
2025-03-09 07:00,250.0,9.7,2.5,1139.4,1.0,1.0
2025-03-09 08:00,458.0,11.4,1.9,2006.6,1.0,1.0
2025-03-09 09:00,607.0,13.2,0.5,2614.7,1.0,1.0
2025-03-09 10:00,765.0,15.0,2.1,2400.0,1.0,0.6
2025-03-09 11:00,802.0,16.7,2.0,2400.0,1.0,0.6
2025-03-09 12:00,779.0,18.2,3.0,2400.0,1.0,0.6
2025-03-09 13:00,717.0,19.3,2.9,2400.0,1.0,0.6
2025-03-09 14:00,594.0,20.0,3.7,2400.0,1.0,0.6
2025-03-09 15:00,467.0,20.2,4.3,2017.5,1.0,1.0
2025-03-09 16:00,257.0,20.0,4.1,1115.9,1.0,1.0
2025-03-09 17:00,28.0,19.3,3.6,125.3,1.0,1.0
2025-03-09 18:00,0.0,18.2,3.2,0.0,1.0,1.0
2025-03-09 19:00,0.0,16.7,2.8,0.0,1.0,1.0
2025-03-09 20:00,0.0,15.0,3.8,0.0,1.0,1.0
2025-03-09 21:00,0.0,13.2,1.9,0.0,1.0,1.0
2025-03-09 22:00,0.0,11.4,0.7,0.0,1.0,1.0
2025-03-09 23:00,0.0,9.7,1.6,0.0,1.0,1.0
2025-03-10 00:00,0.0,11.0,0.5,0.0,1.0,1.0
2025-03-10 01:00,0.0,9.9,3.0,0.0,1.0,1.0
2025-03-10 02:00,0.0,9.2,2.0,0.0,1.0,1.0
2025-03-10 03:00,0.0,9.0,1.5,0.0,1.0,1.0
2025-03-10 04:00,0.0,9.2,1.9,0.0,1.0,1.0
2025-03-10 05:00,0.0,9.9,2.5,0.0,1.0,1.0
2025-03-10 06:00,18.0,11.0,2.3,82.4,1.0,1.0
2025-03-10 07:00,153.0,12.5,1.4,691.1,1.0,1.0
2025-03-10 08:00,285.0,14.2,1.9,1265.9,1.0,1.0
2025-03-10 09:00,389.0,16.0,1.5,1696.4,1.0,1.0
2025-03-10 10:00,471.0,17.8,2.4,2023.0,1.0,1.0
2025-03-10 11:00,499.0,19.5,2.7,2139.7,1.0,1.0
2025-03-10 12:00,490.0,20.9,3.4,2074.3,1.0,1.0
2025-03-10 13:00,466.0,22.0,4.1,1947.3,1.0,1.0
2025-03-10 14:00,389.0,22.7,4.0,1674.4,1.0,1.0
2025-03-10 15:00,292.0,23.0,3.3,1259.0,1.0,1.0
2025-03-10 16:00,145.0,22.7,2.6,633.2,1.0,1.0
2025-03-10 17:00,17.0,22.0,2.7,76.0,1.0,1.0
2025-03-10 18:00,0.0,20.9,3.7,0.0,1.0,1.0
2025-03-10 19:00,0.0,19.5,3.3,0.0,1.0,1.0
2025-03-10 20:00,0.0,17.8,1.3,0.0,1.0,1.0
2025-03-10 21:00,0.0,16.0,0.4,0.0,1.0,1.0
2025-03-10 22:00,0.0,14.2,1.7,0.0,1.0,1.0
2025-03-10 23:00,0.0,12.5,2.2,0.0,1.0,1.0
2025-03-11 00:00,0.0,11.5,2.2,0.0,1.0,1.0
2025-03-11 01:00,0.0,10.4,2.1,0.0,1.0,1.0
2025-03-11 02:00,0.0,9.7,1.9,0.0,1.0,1.0
2025-03-11 03:00,0.0,9.4,2.4,0.0,1.0,1.0
2025-03-11 04:00,0.0,9.7,2.7,0.0,1.0,1.0
2025-03-11 05:00,0.0,10.4,3.6,0.0,1.0,1.0
2025-03-11 06:00,24.0,11.5,1.7,106.9,1.0,1.0
2025-03-11 07:00,204.0,12.9,0.8,930.0,1.0,1.0
2025-03-11 08:00,339.0,14.6,1.6,1481.5,1.0,1.0
2025-03-11 09:00,466.0,16.4,1.7,2018.8,1.0,1.0
2025-03-11 10:00,528.0,18.2,2.3,2234.3,1.0,1.0
2025-03-11 11:00,608.0,19.9,2.8,2540.3,1.0,1.0
2025-03-11 12:00,592.0,21.4,2.6,2481.2,1.0,1.0
2025-03-11 13:00,575.0,22.5,3.9,2410.9,1.0,1.0
2025-03-11 14:00,444.0,23.2,4.2,1920.7,1.0,1.0
2025-03-11 15:00,344.0,23.4,3.5,1467.4,1.0,1.0
2025-03-11 16:00,183.0,23.2,4.2,783.3,1.0,1.0
2025-03-11 17:00,24.0,22.5,3.4,107.7,1.0,1.0
2025-03-11 18:00,0.0,21.4,3.2,0.0,1.0,1.0
2025-03-11 19:00,0.0,19.9,2.1,0.0,1.0,1.0
2025-03-11 20:00,0.0,18.2,1.9,0.0,1.0,1.0
2025-03-11 21:00,0.0,16.4,1.3,0.0,1.0,1.0
2025-03-11 22:00,0.0,14.6,2.1,0.0,1.0,1.0
2025-03-11 23:00,0.0,12.9,2.2,0.0,1.0,1.0
2025-03-12 00:00,0.0,7.6,2.2,0.0,1.0,1.0
2025-03-12 01:00,0.0,6.5,1.6,0.0,1.0,1.0
2025-03-12 02:00,0.0,5.8,1.5,0.0,1.0,1.0
2025-03-12 03:00,0.0,5.6,1.0,0.0,1.0,1.0
2025-03-12 04:00,0.0,5.8,2.2,0.0,1.0,1.0
2025-03-12 05:00,0.0,6.5,2.6,0.0,1.0,1.0
2025-03-12 06:00,36.0,7.6,2.4,166.9,1.0,1.0
2025-03-12 07:00,265.0,9.1,3.2,1193.8,1.0,1.0
2025-03-12 08:00,471.0,10.8,1.4,2063.9,1.0,1.0
2025-03-12 09:00,637.0,12.6,1.0,2730.8,1.0,1.0
2025-03-12 10:00,743.0,14.4,1.7,3115.0,1.0,1.0
2025-03-12 11:00,786.0,16.1,3.0,3245.9,1.0,1.0
2025-03-12 12:00,779.0,17.5,3.0,3273.9,1.0,1.0
2025-03-12 13:00,771.0,18.6,3.4,3177.3,1.0,1.0
2025-03-12 14:00,640.0,19.3,4.5,2698.6,1.0,1.0
2025-03-12 15:00,431.0,19.6,3.4,1849.2,1.0,1.0
2025-03-12 16:00,251.0,19.3,4.5,1127.0,1.0,1.0
2025-03-12 17:00,38.0,18.6,2.8,170.6,1.0,1.0
2025-03-12 18:00,0.0,17.5,2.4,0.0,1.0,1.0
2025-03-12 19:00,0.0,16.1,2.7,0.0,1.0,1.0
2025-03-12 20:00,0.0,14.4,3.3,0.0,1.0,1.0
2025-03-12 21:00,0.0,12.6,2.6,0.0,1.0,1.0
2025-03-12 22:00,0.0,10.8,1.0,0.0,1.0,1.0
2025-03-12 23:00,0.0,9.1,1.8,0.0,1.0,1.0
2025-03-13 00:00,0.0,7.7,1.6,0.0,1.0,1.0
2025-03-13 01:00,0.0,6.6,2.0,0.0,1.0,1.0
2025-03-13 02:00,0.0,5.9,2.0,0.0,1.0,1.0
2025-03-13 03:00,0.0,5.6,2.7,0.0,1.0,1.0
2025-03-13 04:00,0.0,5.9,1.8,0.0,1.0,1.0
2025-03-13 05:00,0.0,6.6,1.2,0.0,1.0,1.0
2025-03-13 06:00,43.0,7.7,0.6,196.7,1.0,1.0
2025-03-13 07:00,272.0,9.1,1.5,1209.3,1.0,1.0
2025-03-13 08:00,497.0,10.8,1.9,2166.9,1.0,1.0
2025-03-13 09:00,713.0,12.6,1.4,2991.1,1.0,1.0
2025-03-13 10:00,846.0,14.4,2.5,3530.8,1.0,1.0
2025-03-13 11:00,889.0,16.1,2.2,3710.6,1.0,1.0
2025-03-13 12:00,915.0,17.6,2.6,3780.1,1.0,1.0
2025-03-13 13:00,846.0,18.7,3.6,3565.0,1.0,1.0
2025-03-13 14:00,713.0,19.4,3.0,2972.7,1.0,1.0
2025-03-13 15:00,525.0,19.6,3.3,2274.0,1.0,1.0
2025-03-13 16:00,283.0,19.4,3.3,1221.3,1.0,1.0
2025-03-13 17:00,46.0,18.7,4.0,210.1,1.0,1.0
2025-03-13 18:00,0.0,17.6,2.8,0.0,1.0,1.0
2025-03-13 19:00,0.0,16.1,3.7,0.0,1.0,1.0
2025-03-13 20:00,0.0,14.4,2.3,0.0,1.0,1.0
2025-03-13 21:00,0.0,12.6,1.6,0.0,1.0,1.0
2025-03-13 22:00,0.0,10.8,2.2,0.0,1.0,1.0
2025-03-13 23:00,0.0,9.1,2.0,0.0,1.0,1.0
2025-03-14 00:00,0.0,8.0,2.5,0.0,1.0,1.0
2025-03-14 01:00,0.0,6.9,2.4,0.0,1.0,1.0
2025-03-14 02:00,0.0,6.2,3.8,0.0,1.0,1.0
2025-03-14 03:00,0.0,5.9,0.7,0.0,1.0,1.0
2025-03-14 04:00,0.0,6.2,3.1,0.0,1.0,1.0
2025-03-14 05:00,0.0,6.9,1.6,0.0,1.0,1.0
2025-03-14 06:00,42.0,8.0,3.2,190.6,1.0,1.0
2025-03-14 07:00,247.0,9.4,2.0,1129.0,1.0,1.0
2025-03-14 08:00,454.0,11.1,2.5,2008.0,1.0,1.0
2025-03-14 09:00,596.0,12.9,2.6,2554.0,1.0,1.0
2025-03-14 10:00,725.0,14.7,2.1,3091.4,1.0,1.0
2025-03-14 11:00,758.0,16.4,3.1,3192.5,1.0,1.0
2025-03-14 12:00,777.0,17.9,3.5,3298.4,1.0,1.0
2025-03-14 13:00,750.0,19.0,4.2,3150.8,1.0,1.0
2025-03-14 14:00,582.0,19.7,3.8,2484.3,1.0,1.0
2025-03-14 15:00,460.0,19.9,2.9,1993.8,1.0,1.0
2025-03-14 16:00,246.0,19.7,2.8,1091.1,1.0,1.0
2025-03-14 17:00,41.0,19.0,2.9,186.9,1.0,1.0
2025-03-14 18:00,0.0,17.9,4.0,0.0,1.0,1.0
2025-03-14 19:00,0.0,16.4,2.5,0.0,1.0,1.0
2025-03-14 20:00,0.0,14.7,2.5,0.0,1.0,1.0
2025-03-14 21:00,0.0,12.9,2.8,0.0,1.0,1.0
2025-03-14 22:00,0.0,11.1,1.3,0.0,1.0,1.0
2025-03-14 23:00,0.0,9.4,2.4,0.0,1.0,1.0
2025-03-15 00:00,0.0,8.8,2.8,0.0,1.0,1.0
2025-03-15 01:00,0.0,7.7,1.8,0.0,1.0,1.0
2025-03-15 02:00,0.0,7.0,2.8,0.0,1.0,1.0
2025-03-15 03:00,0.0,6.7,2.1,0.0,1.0,1.0
2025-03-15 04:00,0.0,7.0,2.3,0.0,1.0,1.0
2025-03-15 05:00,0.0,7.7,2.2,0.0,1.0,1.0
2025-03-15 06:00,42.0,8.8,2.9,193.6,1.0,1.0
2025-03-15 07:00,239.0,10.2,2.6,1076.9,1.0,1.0
2025-03-15 08:00,437.0,11.9,2.3,1927.8,1.0,1.0
2025-03-15 09:00,615.0,13.7,2.6,2608.7,1.0,1.0
2025-03-15 10:00,667.0,15.5,1.9,2875.8,1.0,1.0
2025-03-15 11:00,782.0,17.2,2.8,3291.2,1.0,1.0
2025-03-15 12:00,766.0,18.7,2.9,3215.5,1.0,1.0
2025-03-15 13:00,689.0,19.8,4.0,2877.1,1.0,1.0
2025-03-15 14:00,629.0,20.5,3.6,2658.1,1.0,1.0
2025-03-15 15:00,437.0,20.7,2.3,1864.6,1.0,1.0
2025-03-15 16:00,263.0,20.5,3.2,1153.8,1.0,1.0
2025-03-15 17:00,43.0,19.8,3.3,194.4,1.0,1.0
2025-03-15 18:00,0.0,18.7,2.8,0.0,1.0,1.0
2025-03-15 19:00,0.0,17.2,3.2,0.0,1.0,1.0
2025-03-15 20:00,0.0,15.5,2.7,0.0,1.0,1.0
2025-03-15 21:00,0.0,13.7,2.7,0.0,1.0,1.0
2025-03-15 22:00,0.0,11.9,2.4,0.0,1.0,1.0
2025-03-15 23:00,0.0,10.2,1.7,0.0,1.0,1.0
2025-03-16 00:00,0.0,7.3,2.0,0.0,1.0,1.0
2025-03-16 01:00,0.0,6.2,1.6,0.0,1.0,1.0
2025-03-16 02:00,0.0,5.5,2.4,0.0,1.0,1.0
2025-03-16 03:00,0.0,5.3,2.7,0.0,1.0,1.0
2025-03-16 04:00,0.0,5.5,2.2,0.0,1.0,1.0
2025-03-16 05:00,0.0,6.2,1.8,0.0,1.0,1.0
2025-03-16 06:00,53.0,7.3,2.2,249.5,1.0,1.0
2025-03-16 07:00,270.0,8.8,2.5,1181.0,1.0,1.0
2025-03-16 08:00,482.0,10.5,1.0,2126.2,1.0,1.0
2025-03-16 09:00,653.0,12.3,2.2,2801.4,1.0,1.0
2025-03-16 10:00,742.0,14.1,3.1,3157.5,1.0,1.0
2025-03-16 11:00,791.0,15.8,3.9,3342.5,1.0,1.0
2025-03-16 12:00,815.0,17.2,3.4,3413.4,1.0,1.0
2025-03-16 13:00,731.0,18.4,4.8,3116.3,1.0,1.0
2025-03-16 14:00,639.0,19.1,3.8,2668.0,1.0,1.0
2025-03-16 15:00,494.0,19.3,3.6,2051.0,1.0,1.0
2025-03-16 16:00,278.0,19.1,4.4,1206.2,1.0,1.0
2025-03-16 17:00,50.0,18.4,3.4,228.4,1.0,1.0
2025-03-16 18:00,0.0,17.2,3.2,0.0,1.0,1.0
2025-03-16 19:00,0.0,15.8,2.5,0.0,1.0,1.0
2025-03-16 20:00,0.0,14.1,2.4,0.0,1.0,1.0
2025-03-16 21:00,0.0,12.3,2.4,0.0,1.0,1.0
2025-03-16 22:00,0.0,10.5,2.9,0.0,1.0,1.0
2025-03-16 23:00,0.0,8.8,2.1,0.0,1.0,1.0
2025-03-17 00:00,0.0,9.6,0.4,0.0,1.0,1.0
2025-03-17 01:00,0.0,8.5,2.4,0.0,1.0,1.0
2025-03-17 02:00,0.0,7.8,2.0,0.0,1.0,1.0
2025-03-17 03:00,0.0,7.5,2.8,0.0,1.0,1.0
2025-03-17 04:00,0.0,7.8,1.4,0.0,1.0,1.0
2025-03-17 05:00,0.0,8.5,1.8,0.0,1.0,1.0
2025-03-17 06:00,58.0,9.6,1.2,267.7,1.0,1.0
2025-03-17 07:00,299.0,11.0,1.7,1323.6,1.0,1.0
2025-03-17 08:00,494.0,12.7,3.3,2116.0,1.0,1.0
2025-03-17 09:00,659.0,14.5,3.0,2836.7,1.0,1.0
2025-03-17 10:00,820.0,16.4,3.2,3434.0,1.0,1.0
2025-03-17 11:00,872.0,18.0,2.6,3564.1,1.0,1.0
2025-03-17 12:00,896.0,19.5,3.5,3706.6,1.0,1.0
2025-03-17 13:00,795.0,20.6,3.9,3193.1,1.0,1.0
2025-03-17 14:00,709.0,21.3,3.7,2911.2,1.0,1.0
2025-03-17 15:00,494.0,21.5,4.4,2136.5,1.0,1.0
2025-03-17 16:00,287.0,21.3,3.7,1245.9,1.0,1.0
2025-03-17 17:00,61.0,20.6,2.8,273.9,1.0,1.0
2025-03-17 18:00,0.0,19.5,2.9,0.0,1.0,1.0
2025-03-17 19:00,0.0,18.0,3.1,0.0,1.0,1.0
2025-03-17 20:00,0.0,16.4,1.9,0.0,1.0,1.0
2025-03-17 21:00,0.0,14.5,1.4,0.0,1.0,1.0
2025-03-17 22:00,0.0,12.7,2.6,0.0,1.0,1.0
2025-03-17 23:00,0.0,11.0,2.2,0.0,1.0,1.0
2025-03-18 00:00,0.0,10.1,1.2,0.0,1.0,1.0
2025-03-18 01:00,0.0,8.9,1.2,0.0,1.0,1.0
2025-03-18 02:00,0.0,8.2,1.8,0.0,1.0,1.0
2025-03-18 03:00,0.0,8.0,0.8,0.0,1.0,1.0
2025-03-18 04:00,0.0,8.2,1.5,0.0,1.0,1.0
2025-03-18 05:00,0.0,8.9,1.9,0.0,1.0,1.0
2025-03-18 06:00,64.0,10.1,2.7,298.6,1.0,1.0
2025-03-18 07:00,309.0,11.5,1.6,1378.3,1.0,1.0
2025-03-18 08:00,512.0,13.2,2.5,2247.1,1.0,1.0
2025-03-18 09:00,704.0,15.0,2.6,3006.8,1.0,1.0
2025-03-18 10:00,840.0,16.8,1.6,2400.0,1.0,0.6
2025-03-18 11:00,931.0,18.5,2.5,2400.0,1.0,0.6
2025-03-18 12:00,888.0,20.0,4.2,2400.0,1.0,0.6
2025-03-18 13:00,811.0,21.1,2.4,2400.0,1.0,0.6
2025-03-18 14:00,729.0,21.8,2.4,2400.0,1.0,0.6
2025-03-18 15:00,541.0,22.0,3.5,2242.4,1.0,1.0
2025-03-18 16:00,304.0,21.8,3.9,1315.4,1.0,1.0
2025-03-18 17:00,63.0,21.1,3.7,279.6,1.0,1.0
2025-03-18 18:00,0.0,20.0,3.0,0.0,1.0,1.0
2025-03-18 19:00,0.0,18.5,2.4,0.0,1.0,1.0
2025-03-18 20:00,0.0,16.8,2.9,0.0,1.0,1.0
2025-03-18 21:00,0.0,15.0,2.1,0.0,1.0,1.0
2025-03-18 22:00,0.0,13.2,1.4,0.0,1.0,1.0
2025-03-18 23:00,0.0,11.5,0.6,0.0,1.0,1.0
2025-03-19 00:00,0.0,9.5,1.8,0.0,1.0,1.0
2025-03-19 01:00,0.0,8.4,1.7,0.0,1.0,1.0
2025-03-19 02:00,0.0,7.7,1.8,0.0,1.0,1.0
2025-03-19 03:00,0.0,7.5,1.6,0.0,1.0,1.0
2025-03-19 04:00,0.0,7.7,2.2,0.0,1.0,1.0
2025-03-19 05:00,0.0,8.4,2.6,0.0,1.0,1.0
2025-03-19 06:00,42.0,9.5,2.7,197.5,1.0,1.0
2025-03-19 07:00,193.0,11.0,2.7,869.6,1.0,1.0
2025-03-19 08:00,356.0,12.7,1.8,1599.2,1.0,1.0
2025-03-19 09:00,422.0,14.5,1.9,1793.6,1.0,1.0
2025-03-19 10:00,532.0,16.3,2.0,2320.3,1.0,0.6
2025-03-19 11:00,560.0,18.0,2.1,2354.2,1.0,0.6
2025-03-19 12:00,588.0,19.4,2.5,2400.0,1.0,0.6
2025-03-19 13:00,567.0,20.6,2.9,2392.4,1.0,0.6
2025-03-19 14:00,443.0,21.3,3.6,1851.1,1.0,0.6
2025-03-19 15:00,343.0,21.5,3.0,1476.9,1.0,1.0
2025-03-19 16:00,194.0,21.3,3.5,836.5,1.0,1.0
2025-03-19 17:00,41.0,20.6,4.7,183.4,1.0,1.0
2025-03-19 18:00,0.0,19.4,3.3,0.0,1.0,1.0
2025-03-19 19:00,0.0,18.0,2.6,0.0,1.0,1.0
2025-03-19 20:00,0.0,16.3,1.4,0.0,1.0,1.0
2025-03-19 21:00,0.0,14.5,2.3,0.0,1.0,1.0
2025-03-19 22:00,0.0,12.7,1.7,0.0,1.0,1.0
2025-03-19 23:00,0.0,11.0,2.6,0.0,1.0,1.0
2025-03-20 00:00,0.0,5.5,1.3,0.0,1.0,1.0
2025-03-20 01:00,0.0,4.4,1.4,0.0,1.0,1.0
2025-03-20 02:00,0.0,3.7,2.8,0.0,1.0,1.0
2025-03-20 03:00,0.0,3.5,1.6,0.0,1.0,1.0
2025-03-20 04:00,0.0,3.7,2.7,0.0,1.0,1.0
2025-03-20 05:00,0.0,4.4,3.0,0.0,1.0,1.0
2025-03-20 06:00,66.0,5.5,1.8,310.0,1.0,1.0
2025-03-20 07:00,280.0,7.0,2.2,1297.6,1.0,1.0
2025-03-20 08:00,486.0,8.7,2.0,2137.1,1.0,1.0
2025-03-20 09:00,727.0,10.5,1.2,3128.0,1.0,1.0
2025-03-20 10:00,815.0,12.3,2.8,2400.0,1.0,0.6
2025-03-20 11:00,848.0,14.0,3.1,2400.0,1.0,0.6
2025-03-20 12:00,909.0,15.4,2.7,2400.0,1.0,0.6
2025-03-20 13:00,811.0,16.6,3.0,2400.0,1.0,0.6
2025-03-20 14:00,712.0,17.3,3.9,2400.0,1.0,0.6
2025-03-20 15:00,517.0,17.5,4.1,2219.8,1.0,1.0
2025-03-20 16:00,283.0,17.3,3.8,1249.1,1.0,1.0
2025-03-20 17:00,60.0,16.6,4.6,274.5,1.0,1.0
2025-03-20 18:00,0.0,15.4,3.4,0.0,1.0,1.0
2025-03-20 19:00,0.0,14.0,3.2,0.0,1.0,1.0
2025-03-20 20:00,0.0,12.3,2.7,0.0,1.0,1.0
2025-03-20 21:00,0.0,10.5,2.3,0.0,1.0,1.0
2025-03-20 22:00,0.0,8.7,1.5,0.0,1.0,1.0
2025-03-20 23:00,0.0,7.0,1.8,0.0,1.0,1.0
2025-03-21 00:00,0.0,9.9,1.7,0.0,1.0,1.0
2025-03-21 01:00,0.0,8.8,2.0,0.0,1.0,1.0
2025-03-21 02:00,0.0,8.1,1.1,0.0,1.0,1.0
2025-03-21 03:00,0.0,7.8,1.5,0.0,1.0,1.0
2025-03-21 04:00,0.0,8.1,1.6,0.0,1.0,1.0
2025-03-21 05:00,0.0,8.8,1.3,0.0,1.0,1.0
2025-03-21 06:00,70.0,9.9,1.9,322.0,1.0,1.0
2025-03-21 07:00,280.0,11.3,1.3,1256.9,1.0,1.0
2025-03-21 08:00,549.0,13.0,2.2,2364.8,1.0,1.0
2025-03-21 09:00,734.0,14.8,1.4,3097.5,1.0,1.0
2025-03-21 10:00,866.0,16.6,3.7,3562.2,1.0,1.0
2025-03-21 11:00,887.0,18.3,2.1,3597.7,1.0,1.0
2025-03-21 12:00,879.0,19.8,3.3,3604.5,1.0,1.0
2025-03-21 13:00,819.0,20.9,3.5,3415.1,1.0,1.0
2025-03-21 14:00,730.0,21.6,4.2,3049.9,1.0,1.0
2025-03-21 15:00,523.0,21.8,4.0,2192.9,1.0,1.0
2025-03-21 16:00,300.0,21.6,4.0,1274.9,1.0,1.0
2025-03-21 17:00,74.0,20.9,3.4,322.5,1.0,1.0
2025-03-21 18:00,0.0,19.8,3.9,0.0,1.0,1.0
2025-03-21 19:00,0.0,18.3,3.3,0.0,1.0,1.0
2025-03-21 20:00,0.0,16.6,2.4,0.0,1.0,1.0
2025-03-21 21:00,0.0,14.8,1.2,0.0,1.0,1.0
2025-03-21 22:00,0.0,13.0,2.2,0.0,1.0,1.0
2025-03-21 23:00,0.0,11.3,0.6,0.0,1.0,1.0
2025-03-22 00:00,0.0,10.3,1.8,0.0,1.0,1.0
2025-03-22 01:00,0.0,9.1,1.1,0.0,1.0,1.0
2025-03-22 02:00,0.0,8.4,1.5,0.0,1.0,1.0
2025-03-22 03:00,0.0,8.2,1.9,0.0,1.0,1.0
2025-03-22 04:00,0.0,8.4,1.7,0.0,1.0,1.0
2025-03-22 05:00,0.0,9.1,1.8,0.0,1.0,1.0
2025-03-22 06:00,58.0,10.3,2.0,268.0,1.0,1.0
2025-03-22 07:00,237.0,11.7,2.5,1056.7,1.0,1.0
2025-03-22 08:00,448.0,13.4,2.3,1903.0,1.0,1.0
2025-03-22 09:00,571.0,15.2,2.1,2469.7,1.0,1.0
2025-03-22 10:00,656.0,17.0,2.5,2755.0,1.0,1.0
2025-03-22 11:00,729.0,18.7,2.7,3106.4,1.0,1.0
2025-03-22 12:00,720.0,20.2,4.6,2990.2,1.0,1.0
2025-03-22 13:00,654.0,21.3,3.8,2776.1,1.0,1.0
2025-03-22 14:00,531.0,22.0,4.1,2236.8,1.0,1.0
2025-03-22 15:00,426.0,22.2,3.2,1832.7,1.0,1.0
2025-03-22 16:00,242.0,22.0,3.7,1037.6,1.0,1.0
2025-03-22 17:00,59.0,21.3,2.4,262.5,1.0,1.0
2025-03-22 18:00,0.0,20.2,3.4,0.0,1.0,1.0
2025-03-22 19:00,0.0,18.7,3.3,0.0,1.0,1.0
2025-03-22 20:00,0.0,17.0,3.1,0.0,1.0,1.0
2025-03-22 21:00,0.0,15.2,1.8,0.0,1.0,1.0
2025-03-22 22:00,0.0,13.4,2.4,0.0,1.0,1.0
2025-03-22 23:00,0.0,11.7,3.0,0.0,1.0,1.0
2025-03-23 00:00,0.0,9.0,1.6,0.0,1.0,1.0
2025-03-23 01:00,0.0,7.9,0.8,0.0,1.0,1.0
2025-03-23 02:00,0.0,7.2,1.3,0.0,1.0,1.0
2025-03-23 03:00,0.0,7.0,2.4,0.0,1.0,1.0
2025-03-23 04:00,0.0,7.2,3.0,0.0,1.0,1.0
2025-03-23 05:00,0.0,7.9,2.1,0.0,1.0,1.0
2025-03-23 06:00,81.0,9.0,2.0,373.8,1.0,1.0
2025-03-23 07:00,328.0,10.5,2.5,1442.2,1.0,1.0
2025-03-23 08:00,545.0,12.2,2.8,2387.1,1.0,1.0
2025-03-23 09:00,744.0,14.0,1.6,3186.7,1.0,1.0
2025-03-23 10:00,877.0,15.8,2.5,3622.3,1.0,1.0
2025-03-23 11:00,945.0,17.5,1.3,3728.5,1.0,1.0
2025-03-23 12:00,905.0,18.9,3.8,3735.0,1.0,1.0
2025-03-23 13:00,873.0,20.0,3.4,3627.6,1.0,1.0
2025-03-23 14:00,744.0,20.7,3.2,3058.6,1.0,1.0
2025-03-23 15:00,556.0,21.0,3.7,2324.0,1.0,1.0
2025-03-23 16:00,322.0,20.7,3.6,1395.7,1.0,1.0
2025-03-23 17:00,81.0,20.0,4.2,368.0,1.0,1.0
2025-03-23 18:00,0.0,18.9,2.7,0.0,1.0,1.0
2025-03-23 19:00,0.0,17.5,2.7,0.0,1.0,1.0
2025-03-23 20:00,0.0,15.8,3.1,0.0,1.0,1.0
2025-03-23 21:00,0.0,14.0,3.3,0.0,1.0,1.0
2025-03-23 22:00,0.0,12.2,1.6,0.0,1.0,1.0
2025-03-23 23:00,0.0,10.5,2.8,0.0,1.0,1.0
2025-03-24 00:00,0.0,9.5,2.0,0.0,1.0,1.0
2025-03-24 01:00,0.0,8.4,1.9,0.0,1.0,1.0
2025-03-24 02:00,0.0,7.7,1.4,0.0,1.0,1.0
2025-03-24 03:00,0.0,7.4,1.6,0.0,1.0,1.0
2025-03-24 04:00,0.0,7.7,1.3,0.0,1.0,1.0
2025-03-24 05:00,0.0,8.4,0.6,0.0,1.0,1.0
2025-03-24 06:00,76.0,9.5,1.5,350.3,1.0,1.0
2025-03-24 07:00,295.0,10.9,1.7,1332.9,1.0,1.0
2025-03-24 08:00,474.0,12.6,2.6,2030.5,1.0,1.0
2025-03-24 09:00,655.0,14.4,1.9,2773.7,1.0,1.0
2025-03-24 10:00,733.0,16.3,2.5,3123.0,1.0,1.0
2025-03-24 11:00,828.0,17.9,2.3,3416.5,1.0,1.0
2025-03-24 12:00,826.0,19.4,3.3,3365.4,1.0,1.0
2025-03-24 13:00,747.0,20.5,3.7,3087.5,1.0,1.0
2025-03-24 14:00,660.0,21.2,3.4,2782.5,1.0,1.0
2025-03-24 15:00,467.0,21.4,4.4,1972.0,1.0,1.0
2025-03-24 16:00,307.0,21.2,2.8,1335.3,1.0,1.0
2025-03-24 17:00,74.0,20.5,3.5,329.7,1.0,1.0
2025-03-24 18:00,0.0,19.4,2.7,0.0,1.0,1.0
2025-03-24 19:00,0.0,17.9,3.0,0.0,1.0,1.0
2025-03-24 20:00,0.0,16.3,0.8,0.0,1.0,1.0
2025-03-24 21:00,0.0,14.4,1.4,0.0,1.0,1.0
2025-03-24 22:00,0.0,12.6,2.0,0.0,1.0,1.0
2025-03-24 23:00,0.0,10.9,2.1,0.0,1.0,1.0
2025-03-25 00:00,0.0,9.8,1.9,0.0,1.0,1.0
2025-03-25 01:00,0.0,8.7,1.0,0.0,1.0,1.0
2025-03-25 02:00,0.0,8.0,1.8,0.0,1.0,1.0
2025-03-25 03:00,0.0,7.7,3.0,0.0,1.0,1.0
2025-03-25 04:00,0.0,8.0,2.2,0.0,1.0,1.0
2025-03-25 05:00,0.0,8.7,3.3,0.0,1.0,1.0
2025-03-25 06:00,67.0,9.8,1.4,308.0,1.0,1.0
2025-03-25 07:00,267.0,11.2,2.1,1202.6,1.0,1.0
2025-03-25 08:00,429.0,12.9,2.5,1870.9,1.0,1.0
2025-03-25 09:00,614.0,14.7,1.8,2642.0,1.0,1.0
2025-03-25 10:00,730.0,16.5,2.2,3069.5,1.0,1.0
2025-03-25 11:00,701.0,18.2,2.4,3006.5,1.0,1.0
2025-03-25 12:00,683.0,19.7,2.2,2872.1,1.0,1.0
2025-03-25 13:00,667.0,20.8,3.1,2754.0,1.0,1.0
2025-03-25 14:00,605.0,21.5,3.4,2520.9,1.0,1.0
2025-03-25 15:00,452.0,21.7,3.8,1933.3,1.0,1.0
2025-03-25 16:00,257.0,21.5,4.5,1133.5,1.0,1.0
2025-03-25 17:00,69.0,20.8,3.5,305.8,1.0,1.0
2025-03-25 18:00,0.0,19.7,2.6,0.0,1.0,1.0
2025-03-25 19:00,0.0,18.2,2.2,0.0,1.0,1.0
2025-03-25 20:00,0.0,16.5,2.1,0.0,1.0,1.0
2025-03-25 21:00,0.0,14.7,2.5,0.0,1.0,1.0
2025-03-25 22:00,0.0,12.9,2.0,0.0,1.0,1.0
2025-03-25 23:00,0.0,11.2,1.5,0.0,1.0,1.0
2025-03-26 00:00,0.0,10.9,1.1,0.0,1.0,1.0
2025-03-26 01:00,0.0,9.7,3.0,0.0,1.0,1.0
2025-03-26 02:00,0.0,9.1,2.3,0.0,1.0,1.0
2025-03-26 03:00,0.0,8.8,2.1,0.0,1.0,1.0
2025-03-26 04:00,0.0,9.1,2.5,0.0,1.0,1.0
2025-03-26 05:00,0.0,9.7,1.9,0.0,1.0,1.0
2025-03-26 06:00,74.0,10.9,2.0,341.5,1.0,1.0
2025-03-26 07:00,271.0,12.3,2.1,1230.1,1.0,1.0
2025-03-26 08:00,446.0,14.0,3.1,1956.5,1.0,1.0
2025-03-26 09:00,625.0,15.8,1.8,2653.7,1.0,1.0
2025-03-26 10:00,735.0,17.6,3.1,2400.0,1.0,0.6
2025-03-26 11:00,742.0,19.3,2.0,2400.0,1.0,0.6
2025-03-26 12:00,752.0,20.8,2.8,2400.0,1.0,0.6
2025-03-26 13:00,730.0,21.9,3.3,2400.0,1.0,0.6
2025-03-26 14:00,632.0,22.6,3.6,2400.0,1.0,0.6
2025-03-26 15:00,478.0,22.8,3.5,2041.5,1.0,1.0
2025-03-26 16:00,268.0,22.6,3.8,1164.7,1.0,1.0
2025-03-26 17:00,76.0,21.9,3.5,335.1,1.0,1.0
2025-03-26 18:00,0.0,20.8,3.3,0.0,1.0,1.0
2025-03-26 19:00,0.0,19.3,4.3,0.0,1.0,1.0
2025-03-26 20:00,0.0,17.6,1.2,0.0,1.0,1.0
2025-03-26 21:00,0.0,15.8,2.0,0.0,1.0,1.0
2025-03-26 22:00,0.0,14.0,1.7,0.0,1.0,1.0
2025-03-26 23:00,0.0,12.3,2.2,0.0,1.0,1.0
2025-03-27 00:00,0.0,7.2,2.0,0.0,1.0,1.0
2025-03-27 01:00,0.0,6.1,1.8,0.0,1.0,1.0
2025-03-27 02:00,0.0,5.4,2.0,0.0,1.0,1.0
2025-03-27 03:00,0.0,5.1,1.1,0.0,1.0,1.0
2025-03-27 04:00,0.0,5.4,1.1,0.0,1.0,1.0
2025-03-27 05:00,0.0,6.1,1.7,0.0,1.0,1.0
2025-03-27 06:00,84.0,7.2,1.5,386.8,1.0,1.0
2025-03-27 07:00,325.0,8.6,2.7,1446.6,1.0,1.0
2025-03-27 08:00,515.0,10.3,2.5,2277.0,1.0,1.0
2025-03-27 09:00,752.0,12.1,2.9,3174.7,1.0,1.0
2025-03-27 10:00,885.0,13.9,2.1,2400.0,1.0,0.6
2025-03-27 11:00,923.0,15.6,1.6,2400.0,1.0,0.6
2025-03-27 12:00,873.0,17.1,4.2,2400.0,1.0,0.6
2025-03-27 13:00,827.0,18.2,3.1,2400.0,1.0,0.6
2025-03-27 14:00,729.0,18.9,3.5,2400.0,1.0,0.6
2025-03-27 15:00,536.0,19.1,3.2,2287.8,1.0,1.0
2025-03-27 16:00,333.0,18.9,3.8,1460.8,1.0,1.0
2025-03-27 17:00,90.0,18.2,3.1,403.7,1.0,1.0
2025-03-27 18:00,0.0,17.1,3.5,0.0,1.0,1.0
2025-03-27 19:00,0.0,15.6,3.8,0.0,1.0,1.0
2025-03-27 20:00,0.0,13.9,3.6,0.0,1.0,1.0
2025-03-27 21:00,0.0,12.1,1.8,0.0,1.0,1.0
2025-03-27 22:00,0.0,10.3,1.1,0.0,1.0,1.0
2025-03-27 23:00,0.0,8.6,2.3,0.0,1.0,1.0
2025-03-28 00:00,0.0,11.4,1.9,0.0,1.0,1.0
2025-03-28 01:00,0.0,10.3,2.0,0.0,1.0,1.0
2025-03-28 02:00,0.0,9.6,2.5,0.0,1.0,1.0
2025-03-28 03:00,0.0,9.4,1.7,0.0,1.0,1.0
2025-03-28 04:00,0.0,9.6,1.6,0.0,1.0,1.0
2025-03-28 05:00,0.0,10.3,3.0,0.0,1.0,1.0
2025-03-28 06:00,75.0,11.4,3.0,342.3,1.0,1.0
2025-03-28 07:00,238.0,12.9,1.8,1040.9,1.0,1.0
2025-03-28 08:00,433.0,14.6,1.5,1896.3,1.0,1.0
2025-03-28 09:00,541.0,16.4,2.5,2353.0,1.0,1.0
2025-03-28 10:00,666.0,18.2,2.5,2883.2,1.0,1.0
2025-03-28 11:00,661.0,19.9,3.6,2772.1,1.0,1.0
2025-03-28 12:00,703.0,21.3,2.2,2963.4,1.0,1.0
2025-03-28 13:00,666.0,22.5,2.9,2781.9,1.0,1.0
2025-03-28 14:00,540.0,23.2,4.2,2267.0,1.0,1.0
2025-03-28 15:00,429.0,23.4,4.7,1813.2,1.0,1.0
2025-03-28 16:00,253.0,23.2,4.3,1097.3,1.0,1.0
2025-03-28 17:00,75.0,22.5,3.4,329.0,1.0,1.0
2025-03-28 18:00,0.0,21.3,2.7,0.0,1.0,1.0
2025-03-28 19:00,0.0,19.9,2.6,0.0,1.0,1.0
2025-03-28 20:00,0.0,18.2,1.4,0.0,1.0,1.0
2025-03-28 21:00,0.0,16.4,2.0,0.0,1.0,1.0
2025-03-28 22:00,0.0,14.6,1.8,0.0,1.0,1.0
2025-03-28 23:00,0.0,12.9,2.5,0.0,1.0,1.0
2025-03-29 00:00,0.0,10.6,1.8,0.0,1.0,1.0
2025-03-29 01:00,0.0,9.5,1.4,0.0,1.0,1.0
2025-03-29 02:00,0.0,8.8,2.1,0.0,1.0,1.0
2025-03-29 03:00,0.0,8.6,3.0,0.0,1.0,1.0
2025-03-29 04:00,0.0,8.8,2.4,0.0,1.0,1.0
2025-03-29 05:00,0.0,9.5,2.7,0.0,1.0,1.0
2025-03-29 06:00,67.0,10.6,2.6,308.4,1.0,1.0
2025-03-29 07:00,218.0,12.1,2.5,1001.7,1.0,1.0
2025-03-29 08:00,361.0,13.8,2.5,1607.7,1.0,1.0
2025-03-29 09:00,458.0,15.6,2.5,1991.3,1.0,1.0
2025-03-29 10:00,533.0,17.4,4.0,2328.3,1.0,1.0
2025-03-29 11:00,625.0,19.1,4.0,2594.6,1.0,1.0
2025-03-29 12:00,608.0,20.5,3.7,2534.7,1.0,1.0
2025-03-29 13:00,534.0,21.6,3.0,2182.7,1.0,1.0
2025-03-29 14:00,454.0,22.3,3.3,1961.8,1.0,1.0
2025-03-29 15:00,362.0,22.6,4.1,1525.1,1.0,1.0
2025-03-29 16:00,211.0,22.3,4.2,913.7,1.0,1.0
2025-03-29 17:00,64.0,21.6,2.3,282.3,1.0,1.0
2025-03-29 18:00,0.0,20.5,3.7,0.0,1.0,1.0
2025-03-29 19:00,0.0,19.1,3.6,0.0,1.0,1.0
2025-03-29 20:00,0.0,17.4,3.2,0.0,1.0,1.0
2025-03-29 21:00,0.0,15.6,2.2,0.0,1.0,1.0
2025-03-29 22:00,0.0,13.8,1.9,0.0,1.0,1.0
2025-03-29 23:00,0.0,12.1,2.6,0.0,1.0,1.0
2025-03-30 00:00,0.0,9.4,2.0,0.0,1.0,1.0
2025-03-30 01:00,0.0,8.3,1.2,0.0,1.0,1.0
2025-03-30 02:00,0.0,7.6,1.2,0.0,1.0,1.0
2025-03-30 03:00,0.0,7.3,1.9,0.0,1.0,1.0
2025-03-30 04:00,0.0,7.6,1.1,0.0,1.0,1.0
2025-03-30 05:00,0.0,8.3,1.6,0.0,1.0,1.0
2025-03-30 06:00,86.0,9.4,2.1,398.3,1.0,1.0
2025-03-30 07:00,298.0,10.8,2.5,1336.8,1.0,1.0
2025-03-30 08:00,477.0,12.5,2.4,2094.4,1.0,1.0
2025-03-30 09:00,656.0,14.3,1.9,2751.1,1.0,1.0
2025-03-30 10:00,746.0,16.2,3.0,2400.0,1.0,0.6
2025-03-30 11:00,806.0,17.8,2.4,2400.0,1.0,0.6
2025-03-30 12:00,803.0,19.3,1.8,2400.0,1.0,0.6
2025-03-30 13:00,715.0,20.4,3.5,2400.0,1.0,0.6
2025-03-30 14:00,648.0,21.1,3.3,2400.0,1.0,0.6
2025-03-30 15:00,481.0,21.3,4.3,2028.4,1.0,1.0
2025-03-30 16:00,297.0,21.1,3.6,1310.8,1.0,1.0
2025-03-30 17:00,89.0,20.4,2.5,402.7,1.0,1.0
2025-03-30 18:00,0.0,19.3,2.8,0.0,1.0,1.0
2025-03-30 19:00,0.0,17.8,2.5,0.0,1.0,1.0
2025-03-30 20:00,0.0,16.2,2.5,0.0,1.0,1.0
2025-03-30 21:00,0.0,14.3,1.7,0.0,1.0,1.0
2025-03-30 22:00,0.0,12.5,1.6,0.0,1.0,1.0
2025-03-30 23:00,0.0,10.8,2.8,0.0,1.0,1.0
2025-03-31 00:00,0.0,8.3,1.8,0.0,1.0,1.0
2025-03-31 01:00,0.0,7.2,3.1,0.0,1.0,1.0
2025-03-31 02:00,0.0,6.5,2.0,0.0,1.0,1.0
2025-03-31 03:00,0.0,6.2,2.2,0.0,1.0,1.0
2025-03-31 04:00,0.0,6.5,1.5,0.0,1.0,1.0
2025-03-31 05:00,0.0,7.2,1.9,0.0,1.0,1.0
2025-03-31 06:00,91.0,8.3,2.0,412.6,1.0,1.0
2025-03-31 07:00,308.0,9.7,2.4,1389.6,1.0,1.0
2025-03-31 08:00,490.0,11.4,0.6,2145.9,1.0,1.0
2025-03-31 09:00,643.0,13.2,2.9,2717.5,1.0,1.0
2025-03-31 10:00,788.0,15.1,2.9,3315.5,1.0,1.0
2025-03-31 11:00,820.0,16.7,2.0,3353.4,1.0,1.0
2025-03-31 12:00,859.0,18.2,3.0,3568.7,1.0,1.0
2025-03-31 13:00,808.0,19.3,3.2,3301.3,1.0,1.0
2025-03-31 14:00,612.0,20.0,3.2,2552.0,1.0,1.0
2025-03-31 15:00,478.0,20.2,3.7,2080.4,1.0,1.0
2025-03-31 16:00,317.0,20.0,3.5,1373.8,1.0,1.0
2025-03-31 17:00,89.0,19.3,2.5,399.4,1.0,1.0
2025-03-31 18:00,0.0,18.2,2.2,0.0,1.0,1.0
2025-03-31 19:00,0.0,16.7,2.6,0.0,1.0,1.0
2025-03-31 20:00,0.0,15.1,2.5,0.0,1.0,1.0
2025-03-31 21:00,0.0,13.2,2.1,0.0,1.0,1.0
2025-03-31 22:00,0.0,11.4,0.9,0.0,1.0,1.0
2025-03-31 23:00,0.0,9.7,1.8,0.0,1.0,1.0
2025-04-01 00:00,0.0,11.0,2.0,0.0,1.0,1.0
2025-04-01 01:00,0.0,9.7,1.5,0.0,1.0,1.0
2025-04-01 02:00,0.0,8.9,2.7,0.0,1.0,1.0
2025-04-01 03:00,0.0,8.6,1.4,0.0,1.0,1.0
2025-04-01 04:00,0.0,8.9,2.6,0.0,1.0,1.0
2025-04-01 05:00,0.0,9.7,2.9,0.0,1.0,1.0
2025-04-01 06:00,108.0,11.0,1.7,481.4,1.0,1.0
2025-04-01 07:00,347.0,12.6,1.7,1516.3,1.0,1.0
2025-04-01 08:00,572.0,14.5,1.8,2463.3,1.0,1.0
2025-04-01 09:00,767.0,16.6,1.3,3157.2,1.0,1.0
2025-04-01 10:00,824.0,18.7,1.8,2400.0,1.0,0.6
2025-04-01 11:00,885.0,20.6,3.7,2400.0,1.0,0.6
2025-04-01 12:00,918.0,22.3,3.1,2400.0,1.0,0.6
2025-04-01 13:00,899.0,23.5,4.0,2400.0,1.0,0.6
2025-04-01 14:00,767.0,24.3,3.5,2400.0,1.0,0.6
2025-04-01 15:00,581.0,24.6,4.5,2364.5,1.0,1.0
2025-04-01 16:00,350.0,24.3,3.7,1492.8,1.0,1.0
2025-04-01 17:00,108.0,23.5,3.4,484.6,1.0,1.0
2025-04-01 18:00,0.0,22.3,3.6,0.0,1.0,1.0
2025-04-01 19:00,0.0,20.6,1.9,0.0,1.0,1.0
2025-04-01 20:00,0.0,18.7,2.6,0.0,1.0,1.0
2025-04-01 21:00,0.0,16.6,1.3,0.0,1.0,1.0
2025-04-01 22:00,0.0,14.5,1.9,0.0,1.0,1.0
2025-04-01 23:00,0.0,12.6,1.5,0.0,1.0,1.0
2025-04-02 00:00,0.0,13.5,1.6,0.0,1.0,1.0
2025-04-02 01:00,0.0,12.3,2.5,0.0,1.0,1.0
2025-04-02 02:00,0.0,11.5,1.5,0.0,1.0,1.0
2025-04-02 03:00,0.0,11.2,1.6,0.0,1.0,1.0
2025-04-02 04:00,0.0,11.5,2.2,0.0,1.0,1.0
2025-04-02 05:00,0.0,12.3,2.0,0.0,1.0,1.0
2025-04-02 06:00,111.0,13.5,2.3,505.8,1.0,1.0
2025-04-02 07:00,351.0,15.2,2.0,1528.0,1.0,1.0
2025-04-02 08:00,581.0,17.1,2.1,2453.0,1.0,1.0
2025-04-02 09:00,770.0,19.2,2.5,3187.3,1.0,1.0
2025-04-02 10:00,858.0,21.3,2.8,3435.7,1.0,1.0
2025-04-02 11:00,970.0,23.2,2.5,3833.8,1.0,1.0
2025-04-02 12:00,970.0,24.8,2.7,3804.0,1.0,1.0
2025-04-02 13:00,902.0,26.1,3.5,3618.4,1.0,1.0
2025-04-02 14:00,770.0,26.9,3.4,3081.5,1.0,1.0
2025-04-02 15:00,558.0,27.2,4.5,2301.2,1.0,1.0
2025-04-02 16:00,350.0,26.9,2.9,1458.7,1.0,1.0
2025-04-02 17:00,108.0,26.1,2.2,464.8,1.0,1.0
2025-04-02 18:00,0.0,24.8,3.6,0.0,1.0,1.0
2025-04-02 19:00,0.0,23.2,2.7,0.0,1.0,1.0
2025-04-02 20:00,0.0,21.3,3.0,0.0,1.0,1.0
2025-04-02 21:00,0.0,19.2,2.4,0.0,1.0,1.0
2025-04-02 22:00,0.0,17.1,2.2,0.0,1.0,1.0
2025-04-02 23:00,0.0,15.2,2.3,0.0,1.0,1.0
2025-04-03 00:00,0.0,10.0,1.7,0.0,1.0,1.0
2025-04-03 01:00,0.0,8.7,1.6,0.0,1.0,1.0
2025-04-03 02:00,0.0,7.9,2.9,0.0,1.0,1.0
2025-04-03 03:00,0.0,7.7,2.1,0.0,1.0,1.0
2025-04-03 04:00,0.0,7.9,3.4,0.0,1.0,1.0
2025-04-03 05:00,0.0,8.7,1.6,0.0,1.0,1.0
2025-04-03 06:00,113.0,10.0,2.4,516.6,1.0,1.0
2025-04-03 07:00,358.0,11.7,2.3,1559.5,1.0,1.0
2025-04-03 08:00,572.0,13.6,1.3,2491.1,1.0,1.0
2025-04-03 09:00,765.0,15.7,1.0,3154.9,1.0,1.0
2025-04-03 10:00,904.0,17.7,2.7,3764.8,1.0,1.0
2025-04-03 11:00,967.0,19.7,2.4,3864.8,1.0,1.0
2025-04-03 12:00,958.0,21.3,3.1,3924.1,1.0,1.0
2025-04-03 13:00,893.0,22.6,4.3,3662.7,1.0,1.0
2025-04-03 14:00,723.0,23.4,3.2,2894.6,1.0,1.0
2025-04-03 15:00,549.0,23.7,3.6,2302.7,1.0,1.0
2025-04-03 16:00,353.0,23.4,4.1,1491.9,1.0,1.0
2025-04-03 17:00,113.0,22.6,2.8,501.9,1.0,1.0
2025-04-03 18:00,0.0,21.3,2.9,0.0,1.0,1.0
2025-04-03 19:00,0.0,19.7,2.7,0.0,1.0,1.0
2025-04-03 20:00,0.0,17.7,1.9,0.0,1.0,1.0
2025-04-03 21:00,0.0,15.7,1.1,0.0,1.0,1.0
2025-04-03 22:00,0.0,13.6,1.8,0.0,1.0,1.0
2025-04-03 23:00,0.0,11.7,1.7,0.0,1.0,1.0
2025-04-04 00:00,0.0,10.9,1.8,0.0,1.0,1.0
2025-04-04 01:00,0.0,9.6,0.9,0.0,1.0,1.0
2025-04-04 02:00,0.0,8.8,2.0,0.0,1.0,1.0
2025-04-04 03:00,0.0,8.5,1.7,0.0,1.0,1.0
2025-04-04 04:00,0.0,8.8,2.5,0.0,1.0,1.0
2025-04-04 05:00,0.0,9.6,3.1,0.0,1.0,1.0
2025-04-04 06:00,109.0,10.9,2.1,500.7,1.0,1.0
2025-04-04 07:00,361.0,12.5,2.2,1610.1,1.0,1.0
2025-04-04 08:00,588.0,14.5,2.4,2549.5,1.0,1.0
2025-04-04 09:00,719.0,16.5,1.5,3020.2,1.0,1.0
2025-04-04 10:00,897.0,18.6,2.4,3642.9,1.0,1.0
2025-04-04 11:00,975.0,20.5,1.9,3855.3,1.0,1.0
2025-04-04 12:00,935.0,22.2,3.8,3697.7,1.0,1.0
2025-04-04 13:00,851.0,23.5,4.0,3409.1,1.0,1.0
2025-04-04 14:00,734.0,24.3,2.7,3009.4,1.0,1.0
2025-04-04 15:00,548.0,24.5,3.9,2328.2,1.0,1.0
2025-04-04 16:00,358.0,24.3,4.6,1554.8,1.0,1.0
2025-04-04 17:00,117.0,23.5,4.6,518.4,1.0,1.0
2025-04-04 18:00,0.0,22.2,3.2,0.0,1.0,1.0
2025-04-04 19:00,0.0,20.5,2.4,0.0,1.0,1.0
2025-04-04 20:00,0.0,18.6,2.9,0.0,1.0,1.0
2025-04-04 21:00,0.0,16.5,2.6,0.0,1.0,1.0
2025-04-04 22:00,0.0,14.5,2.2,0.0,1.0,1.0
2025-04-04 23:00,0.0,12.5,2.5,0.0,1.0,1.0
2025-04-05 00:00,0.0,6.6,2.5,0.0,1.0,1.0
2025-04-05 01:00,0.0,5.3,1.6,0.0,1.0,1.0
2025-04-05 02:00,0.0,4.5,1.6,0.0,1.0,1.0
2025-04-05 03:00,0.0,4.3,1.6,0.0,1.0,1.0
2025-04-05 04:00,0.0,4.5,2.0,0.0,1.0,1.0
2025-04-05 05:00,0.0,5.3,2.7,0.0,1.0,1.0
2025-04-05 06:00,119.0,6.6,2.0,556.3,1.0,1.0
2025-04-05 07:00,338.0,8.3,1.8,1530.4,1.0,1.0
2025-04-05 08:00,576.0,10.2,3.1,2546.6,1.0,1.0
2025-04-05 09:00,741.0,12.3,1.9,3123.8,1.0,1.0
2025-04-05 10:00,875.0,14.3,0.9,3550.1,1.0,1.0
2025-04-05 11:00,966.0,16.3,2.6,3903.0,1.0,1.0
2025-04-05 12:00,875.0,17.9,2.8,3630.4,1.0,1.0
2025-04-05 13:00,908.0,19.2,2.9,3707.1,1.0,1.0
2025-04-05 14:00,733.0,20.0,3.0,3051.0,1.0,1.0
2025-04-05 15:00,553.0,20.3,2.8,2323.9,1.0,1.0
2025-04-05 16:00,354.0,20.0,4.0,1539.9,1.0,1.0
2025-04-05 17:00,116.0,19.2,4.0,514.0,1.0,1.0
2025-04-05 18:00,0.0,17.9,3.2,0.0,1.0,1.0
2025-04-05 19:00,0.0,16.3,2.3,0.0,1.0,1.0
2025-04-05 20:00,0.0,14.3,1.6,0.0,1.0,1.0
2025-04-05 21:00,0.0,12.3,2.1,0.0,1.0,1.0
2025-04-05 22:00,0.0,10.2,1.3,0.0,1.0,1.0
2025-04-05 23:00,0.0,8.3,3.0,0.0,1.0,1.0
2025-04-06 00:00,0.0,9.3,3.1,0.0,1.0,1.0
2025-04-06 01:00,0.0,8.1,1.5,0.0,1.0,1.0
2025-04-06 02:00,0.0,7.3,2.7,0.0,1.0,1.0
2025-04-06 03:00,0.0,7.0,3.1,0.0,1.0,1.0
2025-04-06 04:00,0.0,7.3,2.1,0.0,1.0,1.0
2025-04-06 05:00,0.0,8.1,1.8,0.0,1.0,1.0
2025-04-06 06:00,122.0,9.3,2.5,558.1,1.0,1.0
2025-04-06 07:00,367.0,11.0,2.7,1628.4,1.0,1.0
2025-04-06 08:00,590.0,12.9,2.1,2604.2,1.0,1.0
2025-04-06 09:00,779.0,15.0,3.1,3269.7,1.0,1.0
2025-04-06 10:00,911.0,17.1,2.3,2400.0,1.0,0.6
2025-04-06 11:00,979.0,19.0,2.8,2400.0,1.0,0.6
2025-04-06 12:00,967.0,20.7,3.4,2400.0,1.0,0.6
2025-04-06 13:00,911.0,21.9,2.8,2400.0,1.0,0.6
2025-04-06 14:00,779.0,22.7,3.2,2400.0,1.0,0.6
2025-04-06 15:00,575.0,23.0,4.8,2384.0,1.0,1.0
2025-04-06 16:00,367.0,22.7,4.5,1594.0,1.0,1.0
2025-04-06 17:00,119.0,21.9,3.9,524.5,1.0,1.0
2025-04-06 18:00,0.0,20.7,3.8,0.0,1.0,1.0
2025-04-06 19:00,0.0,19.0,2.4,0.0,1.0,1.0
2025-04-06 20:00,0.0,17.1,2.6,0.0,1.0,1.0
2025-04-06 21:00,0.0,15.0,2.0,0.0,1.0,1.0
2025-04-06 22:00,0.0,12.9,2.6,0.0,1.0,1.0
2025-04-06 23:00,0.0,11.0,3.2,0.0,1.0,1.0
2025-04-07 00:00,0.0,7.5,2.0,0.0,1.0,1.0
2025-04-07 01:00,0.0,6.2,2.5,0.0,1.0,1.0
2025-04-07 02:00,0.0,5.4,1.4,0.0,1.0,1.0
2025-04-07 03:00,0.0,5.2,2.4,0.0,1.0,1.0
2025-04-07 04:00,0.0,5.4,2.4,0.0,1.0,1.0
2025-04-07 05:00,0.0,6.2,2.1,0.0,1.0,1.0
2025-04-07 06:00,85.0,7.5,1.3,387.3,1.0,1.0
2025-04-07 07:00,222.0,9.2,1.7,997.2,1.0,1.0
2025-04-07 08:00,362.0,11.1,1.1,1610.2,1.0,1.0
2025-04-07 09:00,466.0,13.2,2.9,2048.7,1.0,1.0
2025-04-07 10:00,577.0,15.2,2.7,2444.5,1.0,1.0
2025-04-07 11:00,585.0,17.2,2.2,2420.9,1.0,1.0
2025-04-07 12:00,619.0,18.8,2.9,2647.8,1.0,1.0
2025-04-07 13:00,525.0,20.1,2.9,2259.8,1.0,1.0
2025-04-07 14:00,501.0,20.9,3.5,2118.6,1.0,1.0
2025-04-07 15:00,389.0,21.2,4.0,1679.7,1.0,1.0
2025-04-07 16:00,215.0,20.9,4.0,944.7,1.0,1.0
2025-04-07 17:00,85.0,20.1,4.1,376.3,1.0,1.0
2025-04-07 18:00,0.0,18.8,3.0,0.0,1.0,1.0
2025-04-07 19:00,0.0,17.2,3.5,0.0,1.0,1.0
2025-04-07 20:00,0.0,15.2,1.4,0.0,1.0,1.0
2025-04-07 21:00,0.0,13.2,1.8,0.0,1.0,1.0
2025-04-07 22:00,0.0,11.1,1.5,0.0,1.0,1.0
2025-04-07 23:00,0.0,9.2,1.7,0.0,1.0,1.0
2025-04-08 00:00,0.0,13.8,2.0,0.0,1.0,1.0
2025-04-08 01:00,0.0,12.5,1.9,0.0,1.0,1.0
2025-04-08 02:00,0.0,11.7,2.0,0.0,1.0,1.0
2025-04-08 03:00,0.0,11.4,3.1,0.0,1.0,1.0
2025-04-08 04:00,0.0,11.7,2.3,0.0,1.0,1.0
2025-04-08 05:00,0.0,12.5,2.6,0.0,1.0,1.0
2025-04-08 06:00,127.0,13.8,1.5,570.3,1.0,1.0
2025-04-08 07:00,357.0,15.4,2.1,1541.2,1.0,1.0
2025-04-08 08:00,574.0,17.4,1.1,2466.4,1.0,1.0
2025-04-08 09:00,762.0,19.4,1.7,3153.3,1.0,1.0
2025-04-08 10:00,898.0,21.5,2.0,2400.0,1.0,0.6
2025-04-08 11:00,919.0,23.4,3.4,2400.0,1.0,0.6
2025-04-08 12:00,899.0,25.1,2.8,2400.0,1.0,0.6
2025-04-08 13:00,842.0,26.4,2.8,2400.0,1.0,0.6
2025-04-08 14:00,754.0,27.2,3.3,2400.0,1.0,0.6
2025-04-08 15:00,590.0,27.4,2.9,2408.6,1.0,1.0
2025-04-08 16:00,341.0,27.2,3.9,1413.9,1.0,1.0
2025-04-08 17:00,123.0,26.4,5.0,527.7,1.0,1.0
2025-04-08 18:00,0.0,25.1,4.2,0.0,1.0,1.0
2025-04-08 19:00,0.0,23.4,1.8,0.0,1.0,1.0
2025-04-08 20:00,0.0,21.5,2.3,0.0,1.0,1.0
2025-04-08 21:00,0.0,19.4,2.0,0.0,1.0,1.0
2025-04-08 22:00,0.0,17.4,2.5,0.0,1.0,1.0
2025-04-08 23:00,0.0,15.4,2.8,0.0,1.0,1.0
2025-04-09 00:00,0.0,10.5,1.5,0.0,1.0,1.0
2025-04-09 01:00,0.0,9.2,1.8,0.0,1.0,1.0
2025-04-09 02:00,0.0,8.4,1.3,0.0,1.0,1.0
2025-04-09 03:00,0.0,8.1,2.2,0.0,1.0,1.0
2025-04-09 04:00,0.0,8.4,2.3,0.0,1.0,1.0
2025-04-09 05:00,0.0,9.2,2.3,0.0,1.0,1.0
2025-04-09 06:00,104.0,10.5,2.7,475.4,1.0,1.0
2025-04-09 07:00,277.0,12.1,1.5,1219.6,1.0,1.0
2025-04-09 08:00,402.0,14.1,2.5,1733.3,1.0,1.0
2025-04-09 09:00,575.0,16.1,1.7,2467.1,1.0,1.0
2025-04-09 10:00,710.0,18.2,2.3,2945.6,1.0,1.0
2025-04-09 11:00,748.0,20.1,2.3,3096.3,1.0,1.0
2025-04-09 12:00,775.0,21.8,2.8,3130.5,1.0,1.0
2025-04-09 13:00,690.0,23.1,3.7,2834.2,1.0,1.0
2025-04-09 14:00,577.0,23.9,3.0,2375.5,1.0,1.0
2025-04-09 15:00,450.0,24.1,3.5,1911.6,1.0,1.0
2025-04-09 16:00,286.0,23.9,3.7,1225.2,1.0,1.0
2025-04-09 17:00,102.0,23.1,3.6,436.9,1.0,1.0
2025-04-09 18:00,0.0,21.8,3.5,0.0,1.0,1.0
2025-04-09 19:00,0.0,20.1,3.0,0.0,1.0,1.0
2025-04-09 20:00,0.0,18.2,2.8,0.0,1.0,1.0
2025-04-09 21:00,0.0,16.1,3.0,0.0,1.0,1.0
2025-04-09 22:00,0.0,14.1,2.2,0.0,1.0,1.0
2025-04-09 23:00,0.0,12.1,3.1,0.0,1.0,1.0
2025-04-10 00:00,0.0,12.0,1.3,0.0,1.0,1.0
2025-04-10 01:00,0.0,10.7,1.3,0.0,1.0,1.0
2025-04-10 02:00,0.0,9.9,1.4,0.0,1.0,1.0
2025-04-10 03:00,0.0,9.6,1.9,0.0,1.0,1.0
2025-04-10 04:00,0.0,9.9,0.7,0.0,1.0,1.0
2025-04-10 05:00,0.0,10.7,2.1,0.0,1.0,1.0
2025-04-10 06:00,127.0,12.0,1.9,585.4,1.0,1.0
2025-04-10 07:00,339.0,13.6,2.3,1457.8,1.0,1.0
2025-04-10 08:00,574.0,15.6,1.2,2465.4,1.0,1.0
2025-04-10 09:00,756.0,17.6,2.7,3193.9,1.0,1.0
2025-04-10 10:00,865.0,19.7,3.0,3453.9,1.0,1.0
2025-04-10 11:00,938.0,21.6,3.3,3797.3,1.0,1.0
2025-04-10 12:00,894.0,23.3,3.8,3603.9,1.0,1.0
2025-04-10 13:00,870.0,24.6,3.5,3547.8,1.0,1.0
2025-04-10 14:00,737.0,25.4,2.9,3016.2,1.0,1.0
2025-04-10 15:00,562.0,25.6,3.4,2319.9,1.0,1.0
2025-04-10 16:00,341.0,25.4,3.1,1427.2,1.0,1.0
2025-04-10 17:00,124.0,24.6,3.3,556.8,1.0,1.0
2025-04-10 18:00,0.0,23.3,2.8,0.0,1.0,1.0
2025-04-10 19:00,0.0,21.6,1.8,0.0,1.0,1.0
2025-04-10 20:00,0.0,19.7,2.3,0.0,1.0,1.0
2025-04-10 21:00,0.0,17.6,1.7,0.0,1.0,1.0
2025-04-10 22:00,0.0,15.6,2.3,0.0,1.0,1.0
2025-04-10 23:00,0.0,13.6,3.0,0.0,1.0,1.0
2025-04-11 00:00,0.0,10.0,1.4,0.0,1.0,1.0
2025-04-11 01:00,0.0,8.7,1.2,0.0,1.0,1.0
2025-04-11 02:00,0.0,7.9,2.7,0.0,1.0,1.0
2025-04-11 03:00,0.0,7.6,1.5,0.0,1.0,1.0
2025-04-11 04:00,0.0,7.9,1.6,0.0,1.0,1.0
2025-04-11 05:00,0.0,8.7,2.4,0.0,1.0,1.0
2025-04-11 06:00,123.0,10.0,2.2,552.9,1.0,1.0
2025-04-11 07:00,352.0,11.6,2.4,1574.2,1.0,1.0
2025-04-11 08:00,548.0,13.6,1.8,2403.8,1.0,1.0
2025-04-11 09:00,757.0,15.6,1.6,3152.7,1.0,1.0
2025-04-11 10:00,843.0,17.7,2.0,3424.2,1.0,1.0
2025-04-11 11:00,883.0,19.6,2.6,3607.1,1.0,1.0
2025-04-11 12:00,899.0,21.3,3.4,3639.4,1.0,1.0
2025-04-11 13:00,891.0,22.6,3.7,3561.4,1.0,1.0
2025-04-11 14:00,730.0,23.4,2.4,2968.6,1.0,1.0
2025-04-11 15:00,578.0,23.6,3.1,2413.5,1.0,1.0
2025-04-11 16:00,351.0,23.4,4.0,1510.1,1.0,1.0
2025-04-11 17:00,127.0,22.6,2.9,546.7,1.0,1.0
2025-04-11 18:00,0.0,21.3,3.3,0.0,1.0,1.0
2025-04-11 19:00,0.0,19.6,3.1,0.0,1.0,1.0
2025-04-11 20:00,0.0,17.7,3.4,0.0,1.0,1.0
2025-04-11 21:00,0.0,15.6,1.3,0.0,1.0,1.0
2025-04-11 22:00,0.0,13.6,1.5,0.0,1.0,1.0
2025-04-11 23:00,0.0,11.6,1.6,0.0,1.0,1.0
2025-04-12 00:00,0.0,7.1,1.9,0.0,1.0,1.0
2025-04-12 01:00,0.0,5.8,1.7,0.0,1.0,1.0
2025-04-12 02:00,0.0,5.0,1.6,0.0,1.0,1.0
2025-04-12 03:00,0.0,4.7,2.5,0.0,1.0,1.0
2025-04-12 04:00,0.0,5.0,2.0,0.0,1.0,1.0
2025-04-12 05:00,0.0,5.8,1.9,0.0,1.0,1.0
2025-04-12 06:00,132.0,7.1,2.6,604.2,1.0,1.0
2025-04-12 07:00,381.0,8.7,2.5,1680.5,1.0,1.0
2025-04-12 08:00,580.0,10.7,1.8,2467.6,1.0,1.0
2025-04-12 09:00,769.0,12.7,2.2,3231.2,1.0,1.0
2025-04-12 10:00,874.0,14.8,1.8,3505.4,1.0,1.0
2025-04-12 11:00,947.0,16.7,2.7,3854.6,1.0,1.0
2025-04-12 12:00,921.0,18.4,3.4,3798.2,1.0,1.0
2025-04-12 13:00,898.0,19.7,4.2,3692.5,1.0,1.0
2025-04-12 14:00,756.0,20.5,3.2,3084.8,1.0,1.0
2025-04-12 15:00,606.0,20.7,3.1,2535.9,1.0,1.0
2025-04-12 16:00,377.0,20.5,2.9,1648.9,1.0,1.0
2025-04-12 17:00,138.0,19.7,3.1,607.0,1.0,1.0
2025-04-12 18:00,0.0,18.4,2.8,0.0,1.0,1.0
2025-04-12 19:00,0.0,16.7,3.2,0.0,1.0,1.0
2025-04-12 20:00,0.0,14.8,2.6,0.0,1.0,1.0
2025-04-12 21:00,0.0,12.7,2.3,0.0,1.0,1.0
2025-04-12 22:00,0.0,10.7,1.4,0.0,1.0,1.0
2025-04-12 23:00,0.0,8.7,1.6,0.0,1.0,1.0
2025-04-13 00:00,0.0,10.2,2.2,0.0,1.0,1.0
2025-04-13 01:00,0.0,9.0,2.0,0.0,1.0,1.0
2025-04-13 02:00,0.0,8.2,2.5,0.0,1.0,1.0
2025-04-13 03:00,0.0,7.9,1.6,0.0,1.0,1.0
2025-04-13 04:00,0.0,8.2,1.8,0.0,1.0,1.0
2025-04-13 05:00,0.0,9.0,2.0,0.0,1.0,1.0
2025-04-13 06:00,92.0,10.2,1.4,422.4,1.0,1.0
2025-04-13 07:00,227.0,11.9,3.4,1022.3,1.0,1.0
2025-04-13 08:00,362.0,13.8,1.8,1612.5,1.0,1.0
2025-04-13 09:00,488.0,15.9,1.9,2116.8,1.0,1.0
2025-04-13 10:00,528.0,18.0,3.0,2267.9,1.0,0.6
2025-04-13 11:00,584.0,19.9,3.5,2400.0,1.0,0.6
2025-04-13 12:00,594.0,21.5,2.5,2400.0,1.0,0.6
2025-04-13 13:00,549.0,22.8,3.5,2273.9,1.0,0.6
2025-04-13 14:00,460.0,23.6,3.6,1895.3,1.0,0.6
2025-04-13 15:00,366.0,23.9,4.6,1502.4,1.0,1.0
2025-04-13 16:00,235.0,23.6,3.8,1023.7,1.0,1.0
2025-04-13 17:00,90.0,22.8,3.6,390.7,1.0,1.0
2025-04-13 18:00,0.0,21.5,3.4,0.0,1.0,1.0
2025-04-13 19:00,0.0,19.9,2.3,0.0,1.0,1.0
2025-04-13 20:00,0.0,18.0,2.0,0.0,1.0,1.0
2025-04-13 21:00,0.0,15.9,2.6,0.0,1.0,1.0
2025-04-13 22:00,0.0,13.8,2.5,0.0,1.0,1.0
2025-04-13 23:00,0.0,11.9,2.2,0.0,1.0,1.0
2025-04-14 00:00,0.0,12.8,0.7,0.0,1.0,1.0
2025-04-14 01:00,0.0,11.6,1.5,0.0,1.0,1.0
2025-04-14 02:00,0.0,10.8,2.6,0.0,1.0,1.0
2025-04-14 03:00,0.0,10.5,2.2,0.0,1.0,1.0
2025-04-14 04:00,0.0,10.8,1.6,0.0,1.0,1.0
2025-04-14 05:00,0.0,11.6,0.5,0.0,1.0,1.0
2025-04-14 06:00,121.0,12.8,1.7,539.8,1.0,1.0
2025-04-14 07:00,317.0,14.5,1.8,1382.9,1.0,1.0
2025-04-14 08:00,478.0,16.4,3.1,2073.6,1.0,1.0
2025-04-14 09:00,624.0,18.5,1.4,2579.0,1.0,1.0
2025-04-14 10:00,685.0,20.6,2.7,2804.8,1.0,1.0
2025-04-14 11:00,789.0,22.5,2.7,3179.7,1.0,1.0
2025-04-14 12:00,795.0,24.2,2.8,3200.1,1.0,1.0
2025-04-14 13:00,691.0,25.4,3.4,2727.3,1.0,1.0
2025-04-14 14:00,577.0,26.2,3.8,2322.2,1.0,1.0
2025-04-14 15:00,502.0,26.5,3.2,2115.1,1.0,1.0
2025-04-14 16:00,290.0,26.2,3.9,1215.5,1.0,1.0
2025-04-14 17:00,118.0,25.4,4.9,496.5,1.0,1.0
2025-04-14 18:00,0.0,24.2,3.0,0.0,1.0,1.0
2025-04-14 19:00,0.0,22.5,2.9,0.0,1.0,1.0
2025-04-14 20:00,0.0,20.6,2.9,0.0,1.0,1.0
2025-04-14 21:00,0.0,18.5,0.6,0.0,1.0,1.0
2025-04-14 22:00,0.0,16.4,1.0,0.0,1.0,1.0
2025-04-14 23:00,0.0,14.5,1.7,0.0,1.0,1.0
2025-04-15 00:00,0.0,10.6,2.0,0.0,1.0,1.0
2025-04-15 01:00,0.0,9.4,2.1,0.0,1.0,1.0
2025-04-15 02:00,0.0,8.6,1.8,0.0,1.0,1.0
2025-04-15 03:00,0.0,8.3,1.8,0.0,1.0,1.0
2025-04-15 04:00,0.0,8.6,2.4,0.0,1.0,1.0
2025-04-15 05:00,0.0,9.4,2.3,0.0,1.0,1.0
2025-04-15 06:00,123.0,10.6,2.1,550.8,1.0,1.0
2025-04-15 07:00,319.0,12.3,3.8,1432.0,1.0,1.0
2025-04-15 08:00,465.0,14.2,1.8,2051.9,1.0,1.0
2025-04-15 09:00,634.0,16.3,0.6,2648.5,1.0,1.0
2025-04-15 10:00,723.0,18.4,2.9,3022.4,1.0,1.0
2025-04-15 11:00,816.0,20.3,2.9,3375.2,1.0,1.0
2025-04-15 12:00,792.0,22.0,4.5,3273.0,1.0,1.0
2025-04-15 13:00,742.0,23.2,3.6,3030.5,1.0,1.0
2025-04-15 14:00,637.0,24.0,3.7,2596.8,1.0,1.0
2025-04-15 15:00,499.0,24.3,4.6,2078.5,1.0,1.0
2025-04-15 16:00,309.0,24.0,3.5,1315.0,1.0,1.0
2025-04-15 17:00,128.0,23.2,3.6,559.7,1.0,1.0
2025-04-15 18:00,0.0,22.0,3.0,0.0,1.0,1.0
2025-04-15 19:00,0.0,20.3,1.9,0.0,1.0,1.0
2025-04-15 20:00,0.0,18.4,2.4,0.0,1.0,1.0
2025-04-15 21:00,0.0,16.3,1.3,0.0,1.0,1.0
2025-04-15 22:00,0.0,14.2,1.2,0.0,1.0,1.0
2025-04-15 23:00,0.0,12.3,2.6,0.0,1.0,1.0
2025-04-16 00:00,0.0,10.6,1.9,0.0,1.0,1.0
2025-04-16 01:00,0.0,9.3,0.6,0.0,1.0,1.0
2025-04-16 02:00,0.0,8.5,1.4,0.0,1.0,1.0
2025-04-16 03:00,0.0,8.3,1.1,0.0,1.0,1.0
2025-04-16 04:00,0.0,8.5,2.0,0.0,1.0,1.0
2025-04-16 05:00,0.0,9.3,3.0,0.0,1.0,1.0
2025-04-16 06:00,148.0,10.6,1.4,679.5,1.0,1.0
2025-04-16 07:00,385.0,12.3,2.2,1684.9,1.0,1.0
2025-04-16 08:00,600.0,14.2,2.5,2552.8,1.0,1.0
2025-04-16 09:00,798.0,16.3,1.4,3277.3,1.0,1.0
2025-04-16 10:00,898.0,18.3,3.0,2400.0,1.0,0.6
2025-04-16 11:00,996.0,20.3,3.4,2400.0,1.0,0.6
2025-04-16 12:00,996.0,21.9,3.0,2400.0,1.0,0.6
2025-04-16 13:00,850.0,23.2,3.1,2400.0,1.0,0.6
2025-04-16 14:00,776.0,24.0,2.7,2400.0,1.0,0.6
2025-04-16 15:00,608.0,24.3,2.9,2554.4,1.0,1.0
2025-04-16 16:00,376.0,24.0,4.0,1600.8,1.0,1.0
2025-04-16 17:00,140.0,23.2,3.2,611.3,1.0,1.0
2025-04-16 18:00,0.0,21.9,1.9,0.0,1.0,1.0
2025-04-16 19:00,0.0,20.3,2.5,0.0,1.0,1.0
2025-04-16 20:00,0.0,18.3,2.3,0.0,1.0,1.0
2025-04-16 21:00,0.0,16.3,2.6,0.0,1.0,1.0
2025-04-16 22:00,0.0,14.2,3.1,0.0,1.0,1.0
2025-04-16 23:00,0.0,12.3,2.6,0.0,1.0,1.0
2025-04-17 00:00,0.0,8.7,2.5,0.0,1.0,1.0
2025-04-17 01:00,0.0,7.4,2.2,0.0,1.0,1.0
2025-04-17 02:00,0.0,6.6,2.8,0.0,1.0,1.0
2025-04-17 03:00,0.0,6.3,2.9,0.0,1.0,1.0
2025-04-17 04:00,0.0,6.6,2.7,0.0,1.0,1.0
2025-04-17 05:00,0.0,7.4,0.3,0.0,1.0,1.0
2025-04-17 06:00,128.0,8.7,1.3,592.6,1.0,1.0
2025-04-17 07:00,331.0,10.3,2.3,1452.2,1.0,1.0
2025-04-17 08:00,502.0,12.2,2.1,2145.0,1.0,1.0
2025-04-17 09:00,666.0,14.3,2.0,2824.4,1.0,1.0
2025-04-17 10:00,776.0,16.4,3.1,3188.7,1.0,1.0
2025-04-17 11:00,851.0,18.3,1.6,3481.9,1.0,1.0
2025-04-17 12:00,819.0,20.0,2.7,3306.7,1.0,1.0
2025-04-17 13:00,788.0,21.2,4.1,3307.2,1.0,1.0
2025-04-17 14:00,637.0,22.0,4.7,2671.1,1.0,1.0
2025-04-17 15:00,499.0,22.3,3.8,2106.6,1.0,1.0
2025-04-17 16:00,326.0,22.0,4.3,1385.3,1.0,1.0
2025-04-17 17:00,128.0,21.2,2.9,570.2,1.0,1.0
2025-04-17 18:00,0.0,20.0,2.3,0.0,1.0,1.0
2025-04-17 19:00,0.0,18.3,2.9,0.0,1.0,1.0
2025-04-17 20:00,0.0,16.4,2.1,0.0,1.0,1.0
2025-04-17 21:00,0.0,14.3,2.6,0.0,1.0,1.0
2025-04-17 22:00,0.0,12.2,0.8,0.0,1.0,1.0
2025-04-17 23:00,0.0,10.3,2.9,0.0,1.0,1.0
2025-04-18 00:00,0.0,9.6,1.6,0.0,1.0,1.0
2025-04-18 01:00,0.0,8.3,1.5,0.0,1.0,1.0
2025-04-18 02:00,0.0,7.5,1.3,0.0,1.0,1.0
2025-04-18 03:00,0.0,7.2,1.6,0.0,1.0,1.0
2025-04-18 04:00,0.0,7.5,2.0,0.0,1.0,1.0
2025-04-18 05:00,0.0,8.3,1.6,0.0,1.0,1.0
2025-04-18 06:00,146.0,9.6,2.6,653.0,1.0,1.0
2025-04-18 07:00,351.0,11.2,3.2,1530.3,1.0,1.0
2025-04-18 08:00,577.0,13.2,1.6,2430.7,1.0,1.0
2025-04-18 09:00,797.0,15.2,1.5,3291.7,1.0,1.0
2025-04-18 10:00,923.0,17.3,2.2,3726.4,1.0,1.0
2025-04-18 11:00,973.0,19.2,3.7,3958.5,1.0,1.0
2025-04-18 12:00,890.0,20.9,3.4,3552.1,1.0,1.0
2025-04-18 13:00,831.0,22.2,3.3,3276.0,1.0,1.0
2025-04-18 14:00,723.0,23.0,3.6,3031.0,1.0,1.0
2025-04-18 15:00,572.0,23.2,3.1,2315.0,1.0,1.0
2025-04-18 16:00,370.0,23.0,4.0,1568.6,1.0,1.0
2025-04-18 17:00,153.0,22.2,4.2,658.8,1.0,1.0
2025-04-18 18:00,0.0,20.9,2.2,0.0,1.0,1.0
2025-04-18 19:00,0.0,19.2,2.2,0.0,1.0,1.0
2025-04-18 20:00,0.0,17.3,3.3,0.0,1.0,1.0
2025-04-18 21:00,0.0,15.2,0.7,0.0,1.0,1.0
2025-04-18 22:00,0.0,13.2,1.3,0.0,1.0,1.0
2025-04-18 23:00,0.0,11.2,1.9,0.0,1.0,1.0
2025-04-19 00:00,0.0,11.0,1.6,0.0,1.0,1.0
2025-04-19 01:00,0.0,9.7,2.6,0.0,1.0,1.0
2025-04-19 02:00,0.0,8.9,3.0,0.0,1.0,1.0
2025-04-19 03:00,0.0,8.7,3.3,0.0,1.0,1.0
2025-04-19 04:00,0.0,8.9,0.9,0.0,1.0,1.0
2025-04-19 05:00,0.0,9.7,2.2,0.0,1.0,1.0
2025-04-19 06:00,133.0,11.0,2.4,613.0,1.0,1.0
2025-04-19 07:00,338.0,12.7,2.4,1482.5,1.0,1.0
2025-04-19 08:00,526.0,14.6,2.3,2261.2,1.0,1.0
2025-04-19 09:00,671.0,16.7,1.5,2768.0,1.0,1.0
2025-04-19 10:00,787.0,18.7,1.3,3164.4,1.0,1.0
2025-04-19 11:00,840.0,20.7,3.6,3384.7,1.0,1.0
2025-04-19 12:00,817.0,22.3,2.2,3326.7,1.0,1.0
2025-04-19 13:00,798.0,23.6,3.5,3282.0,1.0,1.0
2025-04-19 14:00,697.0,24.4,4.0,2877.6,1.0,1.0
2025-04-19 15:00,518.0,24.7,3.8,2160.2,1.0,1.0
2025-04-19 16:00,339.0,24.4,4.0,1413.7,1.0,1.0
2025-04-19 17:00,135.0,23.6,2.2,580.4,1.0,1.0
2025-04-19 18:00,0.0,22.3,2.6,0.0,1.0,1.0
2025-04-19 19:00,0.0,20.7,4.1,0.0,1.0,1.0
2025-04-19 20:00,0.0,18.7,2.1,0.0,1.0,1.0
2025-04-19 21:00,0.0,16.7,1.9,0.0,1.0,1.0
2025-04-19 22:00,0.0,14.6,0.7,0.0,1.0,1.0
2025-04-19 23:00,0.0,12.7,0.8,0.0,1.0,1.0
2025-04-20 00:00,0.0,7.0,1.8,0.0,1.0,1.0
2025-04-20 01:00,0.0,5.8,1.4,0.0,1.0,1.0
2025-04-20 02:00,0.0,5.0,2.1,0.0,1.0,1.0
2025-04-20 03:00,0.0,4.7,1.7,0.0,1.0,1.0
2025-04-20 04:00,0.0,5.0,1.2,0.0,1.0,1.0
2025-04-20 05:00,0.0,5.8,2.6,0.0,1.0,1.0
2025-04-20 06:00,157.0,7.0,1.7,724.6,1.0,1.0
2025-04-20 07:00,399.0,8.7,1.9,1754.7,1.0,1.0
2025-04-20 08:00,597.0,10.6,2.3,2530.7,1.0,1.0
2025-04-20 09:00,804.0,12.7,2.1,3305.2,1.0,1.0
2025-04-20 10:00,924.0,14.8,2.4,2400.0,1.0,0.6
2025-04-20 11:00,1001.0,16.7,3.3,2400.0,1.0,0.6
2025-04-20 12:00,1001.0,18.4,3.3,2400.0,1.0,0.6
2025-04-20 13:00,934.0,19.6,2.8,2400.0,1.0,0.6
2025-04-20 14:00,756.0,20.4,4.4,2400.0,1.0,0.6
2025-04-20 15:00,599.0,20.7,4.1,2481.2,1.0,1.0
2025-04-20 16:00,385.0,20.4,2.8,1599.7,1.0,1.0
2025-04-20 17:00,154.0,19.6,2.1,682.3,1.0,1.0
2025-04-20 18:00,0.0,18.4,4.1,0.0,1.0,1.0
2025-04-20 19:00,0.0,16.7,2.9,0.0,1.0,1.0
2025-04-20 20:00,0.0,14.8,1.8,0.0,1.0,1.0
2025-04-20 21:00,0.0,12.7,3.6,0.0,1.0,1.0
2025-04-20 22:00,0.0,10.6,3.1,0.0,1.0,1.0
2025-04-20 23:00,0.0,8.7,1.9,0.0,1.0,1.0
2025-04-21 00:00,0.0,12.2,1.7,0.0,1.0,1.0
2025-04-21 01:00,0.0,10.9,2.0,0.0,1.0,1.0
2025-04-21 02:00,0.0,10.1,2.6,0.0,1.0,1.0
2025-04-21 03:00,0.0,9.9,1.1,0.0,1.0,1.0
2025-04-21 04:00,0.0,10.1,2.8,0.0,1.0,1.0
2025-04-21 05:00,0.0,10.9,2.0,0.0,1.0,1.0
2025-04-21 06:00,154.0,12.2,3.4,693.4,1.0,1.0
2025-04-21 07:00,389.0,13.9,3.4,1722.3,1.0,1.0
2025-04-21 08:00,611.0,15.8,2.9,2560.6,1.0,1.0
2025-04-21 09:00,791.0,17.9,1.5,3195.6,1.0,1.0
2025-04-21 10:00,899.0,19.9,1.6,2400.0,1.0,0.6
2025-04-21 11:00,995.0,21.9,1.8,2400.0,1.0,0.6
2025-04-21 12:00,925.0,23.5,2.9,2400.0,1.0,0.6
2025-04-21 13:00,910.0,24.8,3.5,2400.0,1.0,0.6
2025-04-21 14:00,790.0,25.6,3.3,2400.0,1.0,0.6
2025-04-21 15:00,583.0,25.9,3.9,2376.8,1.0,1.0
2025-04-21 16:00,400.0,25.6,3.8,1650.0,1.0,1.0
2025-04-21 17:00,154.0,24.8,3.6,657.4,1.0,1.0
2025-04-21 18:00,0.0,23.5,2.7,0.0,1.0,1.0
2025-04-21 19:00,0.0,21.9,2.2,0.0,1.0,1.0
2025-04-21 20:00,0.0,19.9,2.3,0.0,1.0,1.0
2025-04-21 21:00,0.0,17.9,1.8,0.0,1.0,1.0
2025-04-21 22:00,0.0,15.8,2.1,0.0,1.0,1.0
2025-04-21 23:00,0.0,13.9,2.1,0.0,1.0,1.0
2025-04-22 00:00,0.0,10.6,1.7,0.0,1.0,1.0
2025-04-22 01:00,0.0,9.3,1.5,0.0,1.0,1.0
2025-04-22 02:00,0.0,8.5,1.8,0.0,1.0,1.0
2025-04-22 03:00,0.0,8.2,1.3,0.0,1.0,1.0
2025-04-22 04:00,0.0,8.5,0.7,0.0,1.0,1.0
2025-04-22 05:00,1.0,9.3,2.3,4.6,1.0,1.0
2025-04-22 06:00,158.0,10.6,1.9,713.2,1.0,1.0
2025-04-22 07:00,361.0,12.2,1.8,1577.6,1.0,1.0
2025-04-22 08:00,546.0,14.1,1.0,2311.8,1.0,1.0
2025-04-22 09:00,754.0,16.2,1.5,3137.0,1.0,1.0
2025-04-22 10:00,868.0,18.3,2.6,3611.1,1.0,1.0
2025-04-22 11:00,936.0,20.2,3.3,3715.5,1.0,1.0
2025-04-22 12:00,958.0,21.9,3.5,3826.4,1.0,1.0
2025-04-22 13:00,863.0,23.1,4.2,3517.3,1.0,1.0
2025-04-22 14:00,772.0,23.9,2.7,3106.7,1.0,1.0
2025-04-22 15:00,566.0,24.2,4.2,2352.3,1.0,1.0
2025-04-22 16:00,339.0,23.9,3.0,1424.3,1.0,1.0
2025-04-22 17:00,150.0,23.1,2.5,652.3,1.0,1.0
2025-04-22 18:00,1.0,21.9,3.4,4.4,1.0,1.0
2025-04-22 19:00,0.0,20.2,2.5,0.0,1.0,1.0
2025-04-22 20:00,0.0,18.3,2.0,0.0,1.0,1.0
2025-04-22 21:00,0.0,16.2,2.6,0.0,1.0,1.0
2025-04-22 22:00,0.0,14.1,3.4,0.0,1.0,1.0
2025-04-22 23:00,0.0,12.2,2.0,0.0,1.0,1.0
2025-04-23 00:00,0.0,10.5,2.7,0.0,1.0,1.0
2025-04-23 01:00,0.0,9.3,1.4,0.0,1.0,1.0
2025-04-23 02:00,0.0,8.5,1.2,0.0,1.0,1.0
2025-04-23 03:00,0.0,8.2,1.3,0.0,1.0,1.0
2025-04-23 04:00,0.0,8.5,2.1,0.0,1.0,1.0
2025-04-23 05:00,3.0,9.3,2.4,13.9,1.0,1.0
2025-04-23 06:00,163.0,10.5,1.4,723.2,1.0,1.0
2025-04-23 07:00,378.0,12.2,2.0,1654.4,1.0,1.0
2025-04-23 08:00,568.0,14.1,1.6,2430.3,1.0,1.0
2025-04-23 09:00,770.0,16.2,1.1,3143.1,1.0,1.0
2025-04-23 10:00,883.0,18.3,2.8,2400.0,1.0,0.6
2025-04-23 11:00,947.0,20.2,2.7,2400.0,1.0,0.6
2025-04-23 12:00,914.0,21.8,3.3,2400.0,1.0,0.6
2025-04-23 13:00,885.0,23.1,3.4,2400.0,1.0,0.6
2025-04-23 14:00,728.0,23.9,3.4,2400.0,1.0,0.6
2025-04-23 15:00,551.0,24.2,4.5,2312.4,1.0,1.0
2025-04-23 16:00,394.0,23.9,4.6,1661.7,1.0,1.0
2025-04-23 17:00,158.0,23.1,3.6,673.2,1.0,1.0
2025-04-23 18:00,3.0,21.8,2.9,13.2,1.0,1.0
2025-04-23 19:00,0.0,20.2,2.4,0.0,1.0,1.0
2025-04-23 20:00,0.0,18.3,3.0,0.0,1.0,1.0
2025-04-23 21:00,0.0,16.2,2.9,0.0,1.0,1.0
2025-04-23 22:00,0.0,14.1,2.6,0.0,1.0,1.0
2025-04-23 23:00,0.0,12.2,2.8,0.0,1.0,1.0
2025-04-24 00:00,0.0,6.7,2.4,0.0,1.0,1.0
2025-04-24 01:00,0.0,5.4,3.1,0.0,1.0,1.0
2025-04-24 02:00,0.0,4.6,2.1,0.0,1.0,1.0
2025-04-24 03:00,0.0,4.4,3.2,0.0,1.0,1.0
2025-04-24 04:00,0.0,4.6,2.2,0.0,1.0,1.0
2025-04-24 05:00,4.0,5.4,1.7,18.6,1.0,1.0
2025-04-24 06:00,166.0,6.7,2.2,766.2,1.0,1.0
2025-04-24 07:00,406.0,8.4,2.3,1786.1,1.0,1.0
2025-04-24 08:00,627.0,10.3,2.9,2725.3,1.0,1.0
2025-04-24 09:00,789.0,12.4,2.2,3215.9,1.0,1.0
2025-04-24 10:00,938.0,14.4,2.0,3734.7,1.0,1.0
2025-04-24 11:00,1005.0,16.4,2.4,3861.2,1.0,1.0
2025-04-24 12:00,1005.0,18.0,2.9,3910.9,1.0,1.0
2025-04-24 13:00,938.0,19.3,2.8,3734.6,1.0,1.0
2025-04-24 14:00,794.0,20.1,3.1,3220.5,1.0,1.0
2025-04-24 15:00,627.0,20.4,3.4,2566.4,1.0,1.0
2025-04-24 16:00,388.0,20.1,3.1,1665.4,1.0,1.0
2025-04-24 17:00,166.0,19.3,2.8,723.7,1.0,1.0
2025-04-24 18:00,4.0,18.0,3.0,17.5,1.0,1.0
2025-04-24 19:00,0.0,16.4,3.0,0.0,1.0,1.0
2025-04-24 20:00,0.0,14.4,2.1,0.0,1.0,1.0
2025-04-24 21:00,0.0,12.4,1.3,0.0,1.0,1.0
2025-04-24 22:00,0.0,10.3,0.5,0.0,1.0,1.0
2025-04-24 23:00,0.0,8.4,2.0,0.0,1.0,1.0
2025-04-25 00:00,0.0,12.5,1.9,0.0,1.0,1.0
2025-04-25 01:00,0.0,11.3,1.8,0.0,1.0,1.0
2025-04-25 02:00,0.0,10.5,1.2,0.0,1.0,1.0
2025-04-25 03:00,0.0,10.2,1.8,0.0,1.0,1.0
2025-04-25 04:00,0.0,10.5,2.9,0.0,1.0,1.0
2025-04-25 05:00,6.0,11.3,2.7,27.4,1.0,1.0
2025-04-25 06:00,164.0,12.5,1.8,737.1,1.0,1.0
2025-04-25 07:00,401.0,14.2,2.1,1729.4,1.0,1.0
2025-04-25 08:00,627.0,16.1,3.2,2601.7,1.0,1.0
2025-04-25 09:00,806.0,18.2,1.8,3332.9,1.0,1.0
2025-04-25 10:00,939.0,20.3,2.5,3766.1,1.0,1.0
2025-04-25 11:00,977.0,22.2,2.9,3828.7,1.0,1.0
2025-04-25 12:00,972.0,23.9,3.2,3886.7,1.0,1.0
2025-04-25 13:00,939.0,25.1,3.4,3706.0,1.0,1.0
2025-04-25 14:00,811.0,25.9,3.1,3146.0,1.0,1.0
2025-04-25 15:00,629.0,26.2,4.6,2537.0,1.0,1.0
2025-04-25 16:00,402.0,25.9,3.0,1654.8,1.0,1.0
2025-04-25 17:00,168.0,25.1,3.2,718.2,1.0,1.0
2025-04-25 18:00,6.0,23.9,2.8,26.1,1.0,1.0
2025-04-25 19:00,0.0,22.2,2.2,0.0,1.0,1.0
2025-04-25 20:00,0.0,20.3,2.3,0.0,1.0,1.0
2025-04-25 21:00,0.0,18.2,2.2,0.0,1.0,1.0
2025-04-25 22:00,0.0,16.1,2.3,0.0,1.0,1.0
2025-04-25 23:00,0.0,14.2,2.5,0.0,1.0,1.0
2025-04-26 00:00,0.0,13.2,1.6,0.0,1.0,1.0
2025-04-26 01:00,0.0,12.0,2.1,0.0,1.0,1.0
2025-04-26 02:00,0.0,11.2,1.4,0.0,1.0,1.0
2025-04-26 03:00,0.0,10.9,1.9,0.0,1.0,1.0
2025-04-26 04:00,0.0,11.2,1.6,0.0,1.0,1.0
2025-04-26 05:00,6.0,12.0,2.1,28.0,1.0,1.0
2025-04-26 06:00,144.0,13.2,1.6,645.6,1.0,1.0
2025-04-26 07:00,326.0,14.9,1.7,1412.2,1.0,1.0
2025-04-26 08:00,493.0,16.8,2.0,2095.4,1.0,1.0
2025-04-26 09:00,666.0,18.9,1.9,2740.4,1.0,1.0
2025-04-26 10:00,764.0,21.0,2.8,3176.7,1.0,1.0
2025-04-26 11:00,797.0,22.9,3.9,3197.7,1.0,1.0
2025-04-26 12:00,797.0,24.5,2.3,3144.8,1.0,1.0
2025-04-26 13:00,743.0,25.8,4.1,2925.4,1.0,1.0
2025-04-26 14:00,615.0,26.6,3.5,2508.9,1.0,1.0
2025-04-26 15:00,497.0,26.9,3.3,2036.5,1.0,1.0
2025-04-26 16:00,328.0,26.6,3.7,1374.6,1.0,1.0
2025-04-26 17:00,144.0,25.8,3.2,605.5,1.0,1.0
2025-04-26 18:00,6.0,24.5,2.8,26.3,1.0,1.0
2025-04-26 19:00,0.0,22.9,3.5,0.0,1.0,1.0
2025-04-26 20:00,0.0,21.0,2.7,0.0,1.0,1.0
2025-04-26 21:00,0.0,18.9,1.5,0.0,1.0,1.0
2025-04-26 22:00,0.0,16.8,2.2,0.0,1.0,1.0
2025-04-26 23:00,0.0,14.9,2.4,0.0,1.0,1.0
2025-04-27 00:00,0.0,12.4,1.7,0.0,1.0,1.0
2025-04-27 01:00,0.0,11.1,3.4,0.0,1.0,1.0
2025-04-27 02:00,0.0,10.3,1.6,0.0,1.0,1.0
2025-04-27 03:00,0.0,10.0,2.6,0.0,1.0,1.0
2025-04-27 04:00,0.0,10.3,2.6,0.0,1.0,1.0
2025-04-27 05:00,8.0,11.1,1.2,36.6,1.0,1.0
2025-04-27 06:00,151.0,12.4,2.1,678.5,1.0,1.0
2025-04-27 07:00,359.0,14.0,2.5,1558.2,1.0,1.0
2025-04-27 08:00,520.0,15.9,1.9,2180.3,1.0,1.0
2025-04-27 09:00,704.0,18.0,1.9,2912.8,1.0,1.0
2025-04-27 10:00,809.0,20.1,2.3,3254.4,1.0,1.0
2025-04-27 11:00,885.0,22.0,2.8,3552.9,1.0,1.0
2025-04-27 12:00,834.0,23.7,2.8,3344.9,1.0,1.0
2025-04-27 13:00,818.0,24.9,3.0,3210.3,1.0,1.0
2025-04-27 14:00,731.0,25.7,4.0,2861.4,1.0,1.0
2025-04-27 15:00,531.0,26.0,4.1,2199.6,1.0,1.0
2025-04-27 16:00,357.0,25.7,3.7,1484.2,1.0,1.0
2025-04-27 17:00,152.0,24.9,4.3,640.9,1.0,1.0
2025-04-27 18:00,9.0,23.7,2.9,39.4,1.0,1.0
2025-04-27 19:00,0.0,22.0,3.0,0.0,1.0,1.0
2025-04-27 20:00,0.0,20.1,2.6,0.0,1.0,1.0
2025-04-27 21:00,0.0,18.0,1.4,0.0,1.0,1.0
2025-04-27 22:00,0.0,15.9,2.2,0.0,1.0,1.0
2025-04-27 23:00,0.0,14.0,1.7,0.0,1.0,1.0
2025-04-28 00:00,0.0,10.1,2.2,0.0,1.0,1.0
2025-04-28 01:00,0.0,8.8,1.7,0.0,1.0,1.0
2025-04-28 02:00,0.0,8.0,2.2,0.0,1.0,1.0
2025-04-28 03:00,0.0,7.7,1.8,0.0,1.0,1.0
2025-04-28 04:00,0.0,8.0,1.5,0.0,1.0,1.0
2025-04-28 05:00,11.0,8.8,1.6,50.5,1.0,1.0
2025-04-28 06:00,164.0,10.1,2.0,727.7,1.0,1.0
2025-04-28 07:00,377.0,11.7,2.1,1644.9,1.0,1.0
2025-04-28 08:00,570.0,13.7,1.7,2425.5,1.0,1.0
2025-04-28 09:00,725.0,15.7,2.0,2941.2,1.0,1.0
2025-04-28 10:00,837.0,17.8,1.9,3415.0,1.0,1.0
2025-04-28 11:00,848.0,19.7,3.5,3457.3,1.0,1.0
2025-04-28 12:00,845.0,21.4,3.7,3439.5,1.0,1.0
2025-04-28 13:00,819.0,22.7,3.6,3249.0,1.0,1.0
2025-04-28 14:00,750.0,23.5,3.7,3034.8,1.0,1.0
2025-04-28 15:00,577.0,23.7,3.0,2401.1,1.0,1.0
2025-04-28 16:00,370.0,23.5,3.0,1527.5,1.0,1.0
2025-04-28 17:00,160.0,22.7,3.9,686.0,1.0,1.0
2025-04-28 18:00,11.0,21.4,2.4,47.6,1.0,1.0
2025-04-28 19:00,0.0,19.7,2.3,0.0,1.0,1.0
2025-04-28 20:00,0.0,17.8,2.1,0.0,1.0,1.0
2025-04-28 21:00,0.0,15.7,1.9,0.0,1.0,1.0
2025-04-28 22:00,0.0,13.7,2.0,0.0,1.0,1.0
2025-04-28 23:00,0.0,11.7,2.5,0.0,1.0,1.0
2025-04-29 00:00,0.0,10.2,1.6,0.0,1.0,1.0
2025-04-29 01:00,0.0,9.0,2.3,0.0,1.0,1.0
2025-04-29 02:00,0.0,8.2,1.7,0.0,1.0,1.0
2025-04-29 03:00,0.0,7.9,1.9,0.0,1.0,1.0
2025-04-29 04:00,0.0,8.2,2.7,0.0,1.0,1.0
2025-04-29 05:00,14.0,9.0,1.8,64.8,1.0,1.0
2025-04-29 06:00,165.0,10.2,2.2,750.4,1.0,1.0
2025-04-29 07:00,364.0,11.9,2.8,1555.4,1.0,1.0
2025-04-29 08:00,603.0,13.8,1.9,2546.4,1.0,1.0
2025-04-29 09:00,760.0,15.9,1.6,3103.3,1.0,1.0
2025-04-29 10:00,870.0,18.0,2.1,3530.3,1.0,1.0
2025-04-29 11:00,911.0,19.9,3.4,3688.3,1.0,1.0
2025-04-29 12:00,931.0,21.5,3.9,3746.9,1.0,1.0
2025-04-29 13:00,880.0,22.8,2.7,3532.5,1.0,1.0
2025-04-29 14:00,799.0,23.6,2.7,3287.5,1.0,1.0
2025-04-29 15:00,578.0,23.9,4.3,2372.2,1.0,1.0
2025-04-29 16:00,400.0,23.6,2.6,1681.5,1.0,1.0
2025-04-29 17:00,168.0,22.8,3.6,730.2,1.0,1.0
2025-04-29 18:00,13.0,21.5,3.1,56.2,1.0,1.0
2025-04-29 19:00,0.0,19.9,2.4,0.0,1.0,1.0
2025-04-29 20:00,0.0,18.0,2.6,0.0,1.0,1.0
2025-04-29 21:00,0.0,15.9,3.2,0.0,1.0,1.0
2025-04-29 22:00,0.0,13.8,2.1,0.0,1.0,1.0
2025-04-29 23:00,0.0,11.9,2.8,0.0,1.0,1.0
2025-04-30 00:00,0.0,12.6,2.0,0.0,1.0,1.0
2025-04-30 01:00,0.0,11.4,1.9,0.0,1.0,1.0
2025-04-30 02:00,0.0,10.6,2.0,0.0,1.0,1.0
2025-04-30 03:00,0.0,10.3,1.6,0.0,1.0,1.0
2025-04-30 04:00,0.0,10.6,2.1,0.0,1.0,1.0
2025-04-30 05:00,14.0,11.4,1.5,63.9,1.0,1.0
2025-04-30 06:00,151.0,12.6,1.7,669.0,1.0,1.0
2025-04-30 07:00,359.0,14.3,2.6,1523.7,1.0,1.0
2025-04-30 08:00,520.0,16.2,2.7,2185.1,1.0,1.0
2025-04-30 09:00,670.0,18.3,2.8,2758.3,1.0,1.0
2025-04-30 10:00,771.0,20.3,1.8,3113.8,1.0,1.0
2025-04-30 11:00,816.0,22.3,2.3,3327.4,1.0,1.0
2025-04-30 12:00,835.0,23.9,3.5,3317.5,1.0,1.0
2025-04-30 13:00,767.0,25.2,3.1,3118.9,1.0,1.0
2025-04-30 14:00,666.0,26.0,4.9,2694.8,1.0,1.0
2025-04-30 15:00,513.0,26.3,3.5,2084.5,1.0,1.0
2025-04-30 16:00,344.0,26.0,3.4,1435.2,1.0,1.0
2025-04-30 17:00,155.0,25.2,2.2,656.5,1.0,1.0
2025-04-30 18:00,14.0,23.9,3.9,61.7,1.0,1.0
2025-04-30 19:00,0.0,22.3,2.2,0.0,1.0,1.0
2025-04-30 20:00,0.0,20.3,1.6,0.0,1.0,1.0
2025-04-30 21:00,0.0,18.3,2.8,0.0,1.0,1.0
2025-04-30 22:00,0.0,16.2,1.4,0.0,1.0,1.0
2025-04-30 23:00,0.0,14.3,1.1,0.0,1.0,1.0
2025-05-01 00:00,0.0,11.7,2.5,0.0,1.0,1.0
2025-05-01 01:00,0.0,10.3,2.1,0.0,1.0,1.0
2025-05-01 02:00,0.0,9.4,1.2,0.0,1.0,1.0
2025-05-01 03:00,0.0,9.1,2.8,0.0,1.0,1.0
2025-05-01 04:00,0.0,9.4,1.2,0.0,1.0,1.0
2025-05-01 05:00,5.0,10.3,1.9,22.9,1.0,1.0
2025-05-01 06:00,170.0,11.7,2.4,742.0,1.0,1.0
2025-05-01 07:00,368.0,13.6,1.6,1586.0,1.0,1.0
2025-05-01 08:00,571.0,15.8,3.2,2407.8,1.0,1.0
2025-05-01 09:00,745.0,18.1,2.3,3057.9,1.0,1.0
2025-05-01 10:00,783.0,20.4,3.2,2400.0,1.0,0.6
2025-05-01 11:00,917.0,22.6,2.4,2400.0,1.0,0.6
2025-05-01 12:00,921.0,24.4,3.1,2400.0,1.0,0.6
2025-05-01 13:00,871.0,25.9,2.5,2400.0,1.0,0.6
2025-05-01 14:00,727.0,26.8,3.5,2400.0,1.0,0.6
2025-05-01 15:00,560.0,27.1,2.6,2250.6,1.0,1.0
2025-05-01 16:00,382.0,26.8,3.2,1564.0,1.0,1.0
2025-05-01 17:00,165.0,25.9,4.0,710.2,1.0,1.0
2025-05-01 18:00,5.0,24.4,2.8,21.3,1.0,1.0
2025-05-01 19:00,0.0,22.6,2.9,0.0,1.0,1.0
2025-05-01 20:00,0.0,20.4,2.3,0.0,1.0,1.0
2025-05-01 21:00,0.0,18.1,2.5,0.0,1.0,1.0
2025-05-01 22:00,0.0,15.8,3.4,0.0,1.0,1.0
2025-05-01 23:00,0.0,13.6,3.0,0.0,1.0,1.0
2025-05-02 00:00,0.0,12.2,2.1,0.0,1.0,1.0
2025-05-02 01:00,0.0,10.8,0.9,0.0,1.0,1.0
2025-05-02 02:00,0.0,9.9,1.0,0.0,1.0,1.0
2025-05-02 03:00,0.0,9.6,2.9,0.0,1.0,1.0
2025-05-02 04:00,0.0,9.9,1.5,0.0,1.0,1.0
2025-05-02 05:00,7.0,10.8,1.2,31.4,1.0,1.0
2025-05-02 06:00,161.0,12.2,2.2,726.0,1.0,1.0
2025-05-02 07:00,351.0,14.1,2.7,1536.5,1.0,1.0
2025-05-02 08:00,540.0,16.2,1.8,2263.0,1.0,1.0
2025-05-02 09:00,683.0,18.6,1.6,2864.7,1.0,1.0
2025-05-02 10:00,805.0,20.9,1.9,2400.0,1.0,0.6
2025-05-02 11:00,845.0,23.1,1.6,2400.0,1.0,0.6
2025-05-02 12:00,826.0,24.9,3.4,2400.0,1.0,0.6
2025-05-02 13:00,783.0,26.4,3.6,2400.0,1.0,0.6
2025-05-02 14:00,697.0,27.3,3.6,2400.0,1.0,0.6
2025-05-02 15:00,551.0,27.6,4.3,2260.9,1.0,1.0
2025-05-02 16:00,375.0,27.3,4.1,1531.2,1.0,1.0
2025-05-02 17:00,160.0,26.4,4.1,696.6,1.0,1.0
2025-05-02 18:00,7.0,24.9,2.7,30.7,1.0,1.0
2025-05-02 19:00,0.0,23.1,2.6,0.0,1.0,1.0
2025-05-02 20:00,0.0,20.9,2.1,0.0,1.0,1.0
2025-05-02 21:00,0.0,18.6,1.9,0.0,1.0,1.0
2025-05-02 22:00,0.0,16.2,2.5,0.0,1.0,1.0
2025-05-02 23:00,0.0,14.1,2.5,0.0,1.0,1.0
2025-05-03 00:00,0.0,16.0,2.3,0.0,1.0,1.0
2025-05-03 01:00,0.0,14.6,1.5,0.0,1.0,1.0
2025-05-03 02:00,0.0,13.7,2.8,0.0,1.0,1.0
2025-05-03 03:00,0.0,13.4,2.5,0.0,1.0,1.0
2025-05-03 04:00,0.0,13.7,1.4,0.0,1.0,1.0
2025-05-03 05:00,7.0,14.6,0.3,31.8,1.0,1.0
2025-05-03 06:00,174.0,16.0,2.3,756.9,1.0,1.0
2025-05-03 07:00,415.0,17.9,1.2,1782.8,1.0,1.0
2025-05-03 08:00,566.0,20.0,1.1,2333.2,1.0,1.0
2025-05-03 09:00,726.0,22.4,3.6,2930.0,1.0,1.0
2025-05-03 10:00,884.0,24.7,2.8,3509.9,1.0,1.0
2025-05-03 11:00,953.0,26.9,2.5,3688.7,1.0,1.0
2025-05-03 12:00,948.0,28.7,3.4,3716.0,1.0,1.0
2025-05-03 13:00,858.0,30.2,4.4,3416.5,1.0,1.0
2025-05-03 14:00,738.0,31.1,2.5,2880.2,1.0,1.0
2025-05-03 15:00,591.0,31.4,4.1,2341.5,1.0,1.0
2025-05-03 16:00,384.0,31.1,3.5,1561.1,1.0,1.0
2025-05-03 17:00,182.0,30.2,2.6,757.2,1.0,1.0
2025-05-03 18:00,6.0,28.7,3.4,25.5,1.0,1.0
2025-05-03 19:00,0.0,26.9,1.3,0.0,1.0,1.0
2025-05-03 20:00,0.0,24.7,2.4,0.0,1.0,1.0
2025-05-03 21:00,0.0,22.4,2.1,0.0,1.0,1.0
2025-05-03 22:00,0.0,20.0,1.6,0.0,1.0,1.0
2025-05-03 23:00,0.0,17.9,2.4,0.0,1.0,1.0
2025-05-04 00:00,0.0,16.2,2.4,0.0,1.0,1.0
2025-05-04 01:00,0.0,14.8,1.9,0.0,1.0,1.0
2025-05-04 02:00,0.0,13.9,2.3,0.0,1.0,1.0
2025-05-04 03:00,0.0,13.6,1.9,0.0,1.0,1.0
2025-05-04 04:00,0.0,13.9,1.4,0.0,1.0,1.0
2025-05-04 05:00,8.0,14.8,1.3,35.5,1.0,1.0
2025-05-04 06:00,169.0,16.2,2.9,722.8,1.0,1.0
2025-05-04 07:00,375.0,18.1,2.5,1588.9,1.0,1.0
2025-05-04 08:00,543.0,20.3,2.6,2242.1,1.0,1.0
2025-05-04 09:00,717.0,22.6,2.7,2901.4,1.0,1.0
2025-05-04 10:00,769.0,24.9,2.7,3176.5,1.0,1.0
2025-05-04 11:00,880.0,27.1,2.4,3322.9,1.0,1.0
2025-05-04 12:00,889.0,28.9,3.4,3435.0,1.0,1.0
2025-05-04 13:00,862.0,30.4,3.9,3370.7,1.0,1.0
2025-05-04 14:00,744.0,31.3,4.0,2925.3,1.0,1.0
2025-05-04 15:00,571.0,31.6,4.4,2265.3,1.0,1.0
2025-05-04 16:00,362.0,31.3,4.2,1483.2,1.0,1.0
2025-05-04 17:00,171.0,30.4,3.5,710.5,1.0,1.0
2025-05-04 18:00,8.0,28.9,4.4,34.3,1.0,1.0
2025-05-04 19:00,0.0,27.1,1.6,0.0,1.0,1.0
2025-05-04 20:00,0.0,24.9,1.9,0.0,1.0,1.0
2025-05-04 21:00,0.0,22.6,1.3,0.0,1.0,1.0
2025-05-04 22:00,0.0,20.3,2.6,0.0,1.0,1.0
2025-05-04 23:00,0.0,18.1,3.4,0.0,1.0,1.0
2025-05-05 00:00,0.0,13.8,2.2,0.0,1.0,1.0
2025-05-05 01:00,0.0,12.4,2.3,0.0,1.0,1.0
2025-05-05 02:00,0.0,11.5,1.4,0.0,1.0,1.0
2025-05-05 03:00,0.0,11.2,2.1,0.0,1.0,1.0
2025-05-05 04:00,0.0,11.5,1.6,0.0,1.0,1.0
2025-05-05 05:00,8.0,12.4,2.0,37.0,1.0,1.0
2025-05-05 06:00,175.0,13.8,2.4,766.0,1.0,1.0
2025-05-05 07:00,385.0,15.7,2.2,1660.3,1.0,1.0
2025-05-05 08:00,585.0,17.9,3.5,2463.9,1.0,1.0
2025-05-05 09:00,721.0,20.2,1.5,2932.6,1.0,1.0
2025-05-05 10:00,846.0,22.5,1.4,3400.3,1.0,1.0
2025-05-05 11:00,944.0,24.7,3.5,3756.8,1.0,1.0
2025-05-05 12:00,927.0,26.6,2.9,3676.2,1.0,1.0
2025-05-05 13:00,887.0,28.0,3.0,3410.1,1.0,1.0
2025-05-05 14:00,705.0,28.9,3.4,2789.9,1.0,1.0
2025-05-05 15:00,584.0,29.2,3.6,2370.4,1.0,1.0
2025-05-05 16:00,406.0,28.9,2.7,1623.0,1.0,1.0
2025-05-05 17:00,179.0,28.0,3.4,771.0,1.0,1.0
2025-05-05 18:00,8.0,26.6,2.7,34.4,1.0,1.0
2025-05-05 19:00,0.0,24.7,2.8,0.0,1.0,1.0
2025-05-05 20:00,0.0,22.5,2.7,0.0,1.0,1.0
2025-05-05 21:00,0.0,20.2,2.4,0.0,1.0,1.0
2025-05-05 22:00,0.0,17.9,2.1,0.0,1.0,1.0
2025-05-05 23:00,0.0,15.7,2.4,0.0,1.0,1.0
2025-05-06 00:00,0.0,16.7,2.4,0.0,1.0,1.0
2025-05-06 01:00,0.0,15.3,2.6,0.0,1.0,1.0
2025-05-06 02:00,0.0,14.4,1.7,0.0,1.0,1.0
2025-05-06 03:00,0.0,14.1,2.9,0.0,1.0,1.0
2025-05-06 04:00,0.0,14.4,0.8,0.0,1.0,1.0
2025-05-06 05:00,6.0,15.3,1.9,26.7,1.0,1.0
2025-05-06 06:00,190.0,16.7,2.4,827.9,1.0,1.0
2025-05-06 07:00,426.0,18.6,2.2,1785.9,1.0,1.0
2025-05-06 08:00,643.0,20.7,1.8,2672.1,1.0,1.0
2025-05-06 09:00,821.0,23.1,0.8,3161.5,1.0,1.0
2025-05-06 10:00,948.0,25.4,2.7,3650.9,1.0,1.0
2025-05-06 11:00,971.0,27.6,3.5,3821.8,1.0,1.0
2025-05-06 12:00,1010.0,29.4,3.5,3884.3,1.0,1.0
2025-05-06 13:00,948.0,30.9,3.0,3605.1,1.0,1.0
2025-05-06 14:00,821.0,31.8,2.9,3260.1,1.0,1.0
2025-05-06 15:00,633.0,32.1,4.4,2477.1,1.0,1.0
2025-05-06 16:00,414.0,31.8,3.3,1672.8,1.0,1.0
2025-05-06 17:00,183.0,30.9,2.6,743.7,1.0,1.0
2025-05-06 18:00,7.0,29.4,1.5,29.9,1.0,1.0
2025-05-06 19:00,0.0,27.6,3.6,0.0,1.0,1.0
2025-05-06 20:00,0.0,25.4,2.4,0.0,1.0,1.0
2025-05-06 21:00,0.0,23.1,1.8,0.0,1.0,1.0
2025-05-06 22:00,0.0,20.7,1.7,0.0,1.0,1.0
2025-05-06 23:00,0.0,18.6,1.5,0.0,1.0,1.0
2025-05-07 00:00,0.0,16.9,1.9,0.0,1.0,1.0
2025-05-07 01:00,0.0,15.5,2.0,0.0,1.0,1.0
2025-05-07 02:00,0.0,14.6,3.0,0.0,1.0,1.0
2025-05-07 03:00,0.0,14.3,3.5,0.0,1.0,1.0
2025-05-07 04:00,0.0,14.6,2.0,0.0,1.0,1.0
2025-05-07 05:00,6.0,15.5,2.2,27.1,1.0,1.0
2025-05-07 06:00,191.0,16.9,1.7,849.6,1.0,1.0
2025-05-07 07:00,409.0,18.8,2.1,1746.0,1.0,1.0
2025-05-07 08:00,614.0,20.9,1.7,2530.9,1.0,1.0
2025-05-07 09:00,822.0,23.3,1.7,3285.3,1.0,1.0
2025-05-07 10:00,949.0,25.6,2.1,3630.7,1.0,1.0
2025-05-07 11:00,998.0,27.8,3.7,3854.2,1.0,1.0
2025-05-07 12:00,1014.0,29.6,3.5,3841.4,1.0,1.0
2025-05-07 13:00,949.0,31.1,2.3,3631.9,1.0,1.0
2025-05-07 14:00,803.0,32.0,3.2,3109.3,1.0,1.0
2025-05-07 15:00,629.0,32.3,3.3,2486.4,1.0,1.0
2025-05-07 16:00,423.0,32.0,4.7,1773.2,1.0,1.0
2025-05-07 17:00,191.0,31.1,3.7,798.7,1.0,1.0
2025-05-07 18:00,7.0,29.6,3.1,30.3,1.0,1.0
2025-05-07 19:00,0.0,27.8,3.2,0.0,1.0,1.0
2025-05-07 20:00,0.0,25.6,2.4,0.0,1.0,1.0
2025-05-07 21:00,0.0,23.3,1.0,0.0,1.0,1.0
2025-05-07 22:00,0.0,20.9,1.1,0.0,1.0,1.0
2025-05-07 23:00,0.0,18.8,1.5,0.0,1.0,1.0
2025-05-08 00:00,0.0,14.7,2.9,0.0,1.0,1.0
2025-05-08 01:00,0.0,13.3,2.1,0.0,1.0,1.0
2025-05-08 02:00,0.0,12.4,2.3,0.0,1.0,1.0
2025-05-08 03:00,0.0,12.1,2.5,0.0,1.0,1.0
2025-05-08 04:00,0.0,12.4,1.7,0.0,1.0,1.0
2025-05-08 05:00,8.0,13.3,1.8,36.2,1.0,1.0
2025-05-08 06:00,186.0,14.7,1.0,815.4,1.0,1.0
2025-05-08 07:00,407.0,16.6,2.0,1754.2,1.0,1.0
2025-05-08 08:00,618.0,18.7,1.2,2553.1,1.0,1.0
2025-05-08 09:00,767.0,21.1,1.7,3102.5,1.0,1.0
2025-05-08 10:00,901.0,23.4,2.5,3559.4,1.0,1.0
2025-05-08 11:00,903.0,25.6,3.4,3555.1,1.0,1.0
2025-05-08 12:00,986.0,27.4,3.1,3784.6,1.0,1.0
2025-05-08 13:00,945.0,28.9,3.8,3690.4,1.0,1.0
2025-05-08 14:00,819.0,29.8,4.7,3168.7,1.0,1.0
2025-05-08 15:00,617.0,30.1,2.9,2499.5,1.0,1.0
2025-05-08 16:00,394.0,29.8,3.3,1577.5,1.0,1.0
2025-05-08 17:00,187.0,28.9,2.9,774.2,1.0,1.0
2025-05-08 18:00,10.0,27.4,2.8,43.0,1.0,1.0
2025-05-08 19:00,0.0,25.6,2.3,0.0,1.0,1.0
2025-05-08 20:00,0.0,23.4,3.7,0.0,1.0,1.0
2025-05-08 21:00,0.0,21.1,1.1,0.0,1.0,1.0
2025-05-08 22:00,0.0,18.7,1.4,0.0,1.0,1.0
2025-05-08 23:00,0.0,16.6,1.2,0.0,1.0,1.0
2025-05-09 00:00,0.0,13.2,2.9,0.0,1.0,1.0
2025-05-09 01:00,0.0,11.7,2.2,0.0,1.0,1.0
2025-05-09 02:00,0.0,10.8,2.1,0.0,1.0,1.0
2025-05-09 03:00,0.0,10.5,1.7,0.0,1.0,1.0
2025-05-09 04:00,0.0,10.8,2.1,0.0,1.0,1.0
2025-05-09 05:00,10.0,11.7,1.3,45.1,1.0,1.0
2025-05-09 06:00,182.0,13.2,1.6,786.1,1.0,1.0
2025-05-09 07:00,395.0,15.0,1.6,1654.3,1.0,1.0
2025-05-09 08:00,571.0,17.2,1.5,2383.8,1.0,1.0
2025-05-09 09:00,690.0,19.5,2.3,2816.6,1.0,1.0
2025-05-09 10:00,862.0,21.9,2.1,3467.3,1.0,1.0
2025-05-09 11:00,864.0,24.0,3.3,3388.1,1.0,1.0
2025-05-09 12:00,814.0,25.9,4.0,3252.3,1.0,1.0
2025-05-09 13:00,852.0,27.3,3.5,3415.6,1.0,1.0
2025-05-09 14:00,727.0,28.2,3.2,2855.0,1.0,1.0
2025-05-09 15:00,588.0,28.5,4.2,2382.3,1.0,1.0
2025-05-09 16:00,388.0,28.2,4.2,1593.2,1.0,1.0
2025-05-09 17:00,180.0,27.3,3.9,756.6,1.0,1.0
2025-05-09 18:00,11.0,25.9,3.2,47.2,1.0,1.0
2025-05-09 19:00,0.0,24.0,2.4,0.0,1.0,1.0
2025-05-09 20:00,0.0,21.9,2.7,0.0,1.0,1.0
2025-05-09 21:00,0.0,19.5,0.7,0.0,1.0,1.0
2025-05-09 22:00,0.0,17.2,2.3,0.0,1.0,1.0
2025-05-09 23:00,0.0,15.0,2.2,0.0,1.0,1.0
2025-05-10 00:00,0.0,16.8,2.4,0.0,1.0,1.0
2025-05-10 01:00,0.0,15.3,2.1,0.0,1.0,1.0
2025-05-10 02:00,0.0,14.4,2.0,0.0,1.0,1.0
2025-05-10 03:00,0.0,14.1,0.9,0.0,1.0,1.0
2025-05-10 04:00,0.0,14.4,1.0,0.0,1.0,1.0
2025-05-10 05:00,13.0,15.3,0.9,57.6,1.0,1.0
2025-05-10 06:00,171.0,16.8,1.8,741.4,1.0,1.0
2025-05-10 07:00,363.0,18.6,1.6,1568.5,1.0,1.0
2025-05-10 08:00,559.0,20.8,1.2,2308.8,1.0,1.0
2025-05-10 09:00,676.0,23.1,1.9,2711.8,1.0,1.0
2025-05-10 10:00,742.0,25.4,2.2,2964.4,1.0,1.0
2025-05-10 11:00,821.0,27.6,1.9,3171.3,1.0,1.0
2025-05-10 12:00,761.0,29.5,2.8,3015.7,1.0,1.0
2025-05-10 13:00,770.0,30.9,3.4,2990.0,1.0,1.0
2025-05-10 14:00,684.0,31.8,3.4,2643.9,1.0,1.0
2025-05-10 15:00,514.0,32.1,3.1,2139.0,1.0,1.0
2025-05-10 16:00,363.0,31.8,3.3,1480.7,1.0,1.0
2025-05-10 17:00,174.0,30.9,3.4,719.6,1.0,1.0
2025-05-10 18:00,13.0,29.5,3.9,55.7,1.0,1.0
2025-05-10 19:00,0.0,27.6,2.1,0.0,1.0,1.0
2025-05-10 20:00,0.0,25.4,2.7,0.0,1.0,1.0
2025-05-10 21:00,0.0,23.1,1.2,0.0,1.0,1.0
2025-05-10 22:00,0.0,20.8,2.6,0.0,1.0,1.0
2025-05-10 23:00,0.0,18.6,2.3,0.0,1.0,1.0
2025-05-11 00:00,0.0,17.8,1.1,0.0,1.0,1.0
2025-05-11 01:00,0.0,16.4,1.6,0.0,1.0,1.0
2025-05-11 02:00,0.0,15.5,1.2,0.0,1.0,1.0
2025-05-11 03:00,0.0,15.2,2.0,0.0,1.0,1.0
2025-05-11 04:00,0.0,15.5,1.4,0.0,1.0,1.0
2025-05-11 05:00,13.0,16.4,2.0,57.8,1.0,1.0
2025-05-11 06:00,185.0,17.8,2.1,786.9,1.0,1.0
2025-05-11 07:00,378.0,19.7,2.1,1625.3,1.0,1.0
2025-05-11 08:00,601.0,21.8,2.1,2489.4,1.0,1.0
2025-05-11 09:00,746.0,24.2,1.7,3006.6,1.0,1.0
2025-05-11 10:00,860.0,26.5,1.0,2400.0,1.0,0.6
2025-05-11 11:00,896.0,28.7,3.1,2400.0,1.0,0.6
2025-05-11 12:00,924.0,30.5,3.0,2400.0,1.0,0.6
2025-05-11 13:00,866.0,32.0,2.8,2400.0,1.0,0.6
2025-05-11 14:00,743.0,32.9,3.5,2400.0,1.0,0.6
2025-05-11 15:00,583.0,33.2,3.7,2354.0,1.0,1.0
2025-05-11 16:00,394.0,32.9,3.0,1612.6,1.0,1.0
2025-05-11 17:00,186.0,32.0,3.1,768.4,1.0,1.0
2025-05-11 18:00,13.0,30.5,2.2,54.4,1.0,1.0
2025-05-11 19:00,0.0,28.7,3.6,0.0,1.0,1.0
2025-05-11 20:00,0.0,26.5,2.7,0.0,1.0,1.0
2025-05-11 21:00,0.0,24.2,1.5,0.0,1.0,1.0
2025-05-11 22:00,0.0,21.8,2.2,0.0,1.0,1.0
2025-05-11 23:00,0.0,19.7,1.5,0.0,1.0,1.0
2025-05-12 00:00,0.0,13.7,1.9,0.0,1.0,1.0
2025-05-12 01:00,0.0,12.2,2.4,0.0,1.0,1.0
2025-05-12 02:00,0.0,11.3,1.3,0.0,1.0,1.0
2025-05-12 03:00,0.0,11.0,2.2,0.0,1.0,1.0
2025-05-12 04:00,0.0,11.3,1.3,0.0,1.0,1.0
2025-05-12 05:00,15.0,12.2,2.1,68.1,1.0,1.0
2025-05-12 06:00,175.0,13.7,2.4,768.6,1.0,1.0
2025-05-12 07:00,358.0,15.5,2.0,1546.1,1.0,1.0
2025-05-12 08:00,540.0,17.7,2.4,2262.5,1.0,1.0
2025-05-12 09:00,717.0,20.0,2.5,2976.2,1.0,1.0
2025-05-12 10:00,808.0,22.4,2.4,3216.1,1.0,1.0
2025-05-12 11:00,866.0,24.5,2.6,3401.8,1.0,1.0
2025-05-12 12:00,809.0,26.4,3.7,3286.2,1.0,1.0
2025-05-12 13:00,818.0,27.8,3.5,3260.0,1.0,1.0
2025-05-12 14:00,677.0,28.7,3.5,2662.6,1.0,1.0
2025-05-12 15:00,553.0,29.0,3.7,2252.0,1.0,1.0
2025-05-12 16:00,365.0,28.7,2.8,1504.9,1.0,1.0
2025-05-12 17:00,175.0,27.8,4.1,741.7,1.0,1.0
2025-05-12 18:00,15.0,26.4,2.8,64.3,1.0,1.0
2025-05-12 19:00,0.0,24.5,1.9,0.0,1.0,1.0
2025-05-12 20:00,0.0,22.4,2.1,0.0,1.0,1.0
2025-05-12 21:00,0.0,20.0,1.0,0.0,1.0,1.0
2025-05-12 22:00,0.0,17.7,2.4,0.0,1.0,1.0
2025-05-12 23:00,0.0,15.5,1.7,0.0,1.0,1.0
2025-05-13 00:00,0.0,13.7,1.8,0.0,1.0,1.0
2025-05-13 01:00,0.0,12.3,2.3,0.0,1.0,1.0
2025-05-13 02:00,0.0,11.4,2.6,0.0,1.0,1.0
2025-05-13 03:00,0.0,11.1,2.9,0.0,1.0,1.0
2025-05-13 04:00,0.0,11.4,2.0,0.0,1.0,1.0
2025-05-13 05:00,12.0,12.3,2.0,53.6,1.0,1.0
2025-05-13 06:00,192.0,13.7,0.9,827.0,1.0,1.0
2025-05-13 07:00,402.0,15.6,2.1,1704.8,1.0,1.0
2025-05-13 08:00,592.0,17.7,1.9,2473.7,1.0,1.0
2025-05-13 09:00,757.0,20.1,3.0,3134.5,1.0,1.0
2025-05-13 10:00,855.0,22.4,2.1,3342.9,1.0,1.0
2025-05-13 11:00,962.0,24.6,2.1,3796.2,1.0,1.0
2025-05-13 12:00,942.0,26.4,2.5,3659.4,1.0,1.0
2025-05-13 13:00,896.0,27.9,3.7,3502.9,1.0,1.0
2025-05-13 14:00,743.0,28.8,3.2,2921.0,1.0,1.0
2025-05-13 15:00,611.0,29.1,3.5,2405.4,1.0,1.0
2025-05-13 16:00,423.0,28.8,3.4,1717.9,1.0,1.0
2025-05-13 17:00,193.0,27.9,3.2,808.4,1.0,1.0
2025-05-13 18:00,11.0,26.4,3.3,46.3,1.0,1.0
2025-05-13 19:00,0.0,24.6,3.5,0.0,1.0,1.0
2025-05-13 20:00,0.0,22.4,2.4,0.0,1.0,1.0
2025-05-13 21:00,0.0,20.1,1.5,0.0,1.0,1.0
2025-05-13 22:00,0.0,17.7,1.6,0.0,1.0,1.0
2025-05-13 23:00,0.0,15.6,0.9,0.0,1.0,1.0
2025-05-14 00:00,0.0,13.8,1.7,0.0,1.0,1.0
2025-05-14 01:00,0.0,12.4,0.9,0.0,1.0,1.0
2025-05-14 02:00,0.0,11.5,1.9,0.0,1.0,1.0
2025-05-14 03:00,0.0,11.2,1.5,0.0,1.0,1.0
2025-05-14 04:00,0.0,11.5,1.9,0.0,1.0,1.0
2025-05-14 05:00,11.0,12.4,2.5,49.5,1.0,1.0
2025-05-14 06:00,195.0,13.8,2.1,849.1,1.0,1.0
2025-05-14 07:00,436.0,15.7,1.4,1868.7,1.0,1.0
2025-05-14 08:00,611.0,17.9,2.2,2524.2,1.0,1.0
2025-05-14 09:00,775.0,20.2,3.1,3094.7,1.0,1.0
2025-05-14 10:00,931.0,22.5,1.5,3700.0,1.0,1.0
2025-05-14 11:00,941.0,24.7,1.4,3655.7,1.0,1.0
2025-05-14 12:00,996.0,26.6,3.9,3884.7,1.0,1.0
2025-05-14 13:00,914.0,28.0,3.2,3583.9,1.0,1.0
2025-05-14 14:00,827.0,28.9,3.3,3293.6,1.0,1.0
2025-05-14 15:00,650.0,29.2,3.8,2560.9,1.0,1.0
2025-05-14 16:00,436.0,28.9,3.6,1769.5,1.0,1.0
2025-05-14 17:00,197.0,28.0,3.9,838.4,1.0,1.0
2025-05-14 18:00,10.0,26.6,3.9,43.4,1.0,1.0
2025-05-14 19:00,0.0,24.7,2.5,0.0,1.0,1.0
2025-05-14 20:00,0.0,22.5,1.7,0.0,1.0,1.0
2025-05-14 21:00,0.0,20.2,1.7,0.0,1.0,1.0
2025-05-14 22:00,0.0,17.9,1.7,0.0,1.0,1.0
2025-05-14 23:00,0.0,15.7,2.5,0.0,1.0,1.0
2025-05-15 00:00,0.0,14.2,2.7,0.0,1.0,1.0
2025-05-15 01:00,0.0,12.8,1.5,0.0,1.0,1.0
2025-05-15 02:00,0.0,11.9,2.5,0.0,1.0,1.0
2025-05-15 03:00,0.0,11.6,1.1,0.0,1.0,1.0
2025-05-15 04:00,0.0,11.9,1.5,0.0,1.0,1.0
2025-05-15 05:00,12.0,12.8,2.4,55.1,1.0,1.0
2025-05-15 06:00,196.0,14.2,2.2,862.1,1.0,1.0
2025-05-15 07:00,403.0,16.1,0.6,1697.8,1.0,1.0
2025-05-15 08:00,593.0,18.3,1.2,2401.1,1.0,1.0
2025-05-15 09:00,800.0,20.6,2.2,3244.2,1.0,1.0
2025-05-15 10:00,867.0,22.9,1.6,3427.8,1.0,1.0
2025-05-15 11:00,987.0,25.1,2.8,3841.8,1.0,1.0
2025-05-15 12:00,1000.0,26.9,4.1,3890.9,1.0,1.0
2025-05-15 13:00,945.0,28.4,2.9,3640.2,1.0,1.0
2025-05-15 14:00,784.0,29.3,3.7,3098.1,1.0,1.0
2025-05-15 15:00,615.0,29.6,3.8,2500.3,1.0,1.0
2025-05-15 16:00,420.0,29.3,4.0,1735.3,1.0,1.0
2025-05-15 17:00,197.0,28.4,4.7,831.0,1.0,1.0
2025-05-15 18:00,14.0,26.9,3.7,59.9,1.0,1.0
2025-05-15 19:00,0.0,25.1,4.2,0.0,1.0,1.0
2025-05-15 20:00,0.0,22.9,2.6,0.0,1.0,1.0
2025-05-15 21:00,0.0,20.6,2.1,0.0,1.0,1.0
2025-05-15 22:00,0.0,18.3,1.2,0.0,1.0,1.0
2025-05-15 23:00,0.0,16.1,2.0,0.0,1.0,1.0
2025-05-16 00:00,0.0,15.8,1.4,0.0,1.0,1.0
2025-05-16 01:00,0.0,14.3,1.8,0.0,1.0,1.0
2025-05-16 02:00,0.0,13.4,2.1,0.0,1.0,1.0
2025-05-16 03:00,0.0,13.1,2.2,0.0,1.0,1.0
2025-05-16 04:00,0.0,13.4,1.2,0.0,1.0,1.0
2025-05-16 05:00,15.0,14.3,0.5,68.6,1.0,1.0
2025-05-16 06:00,192.0,15.8,1.7,831.1,1.0,1.0
2025-05-16 07:00,410.0,17.6,1.5,1740.4,1.0,1.0
2025-05-16 08:00,595.0,19.8,2.0,2478.6,1.0,1.0
2025-05-16 09:00,692.0,22.1,1.3,2749.8,1.0,1.0
2025-05-16 10:00,875.0,24.4,2.5,2400.0,1.0,0.6
2025-05-16 11:00,894.0,26.6,1.5,2400.0,1.0,0.6
2025-05-16 12:00,916.0,28.5,3.1,2400.0,1.0,0.6
2025-05-16 13:00,872.0,29.9,2.7,2400.0,1.0,0.6
2025-05-16 14:00,753.0,30.8,2.5,2400.0,1.0,0.6
2025-05-16 15:00,637.0,31.1,3.4,2519.2,1.0,1.0
2025-05-16 16:00,409.0,30.8,2.3,1638.9,1.0,1.0
2025-05-16 17:00,188.0,29.9,4.3,770.3,1.0,1.0
2025-05-16 18:00,15.0,28.5,3.6,64.2,1.0,1.0
2025-05-16 19:00,0.0,26.6,2.8,0.0,1.0,1.0
2025-05-16 20:00,0.0,24.4,2.7,0.0,1.0,1.0
2025-05-16 21:00,0.0,22.1,2.8,0.0,1.0,1.0
2025-05-16 22:00,0.0,19.8,2.1,0.0,1.0,1.0
2025-05-16 23:00,0.0,17.6,1.8,0.0,1.0,1.0
2025-05-17 00:00,0.0,14.9,1.5,0.0,1.0,1.0
2025-05-17 01:00,0.0,13.4,1.4,0.0,1.0,1.0
2025-05-17 02:00,0.0,12.5,2.2,0.0,1.0,1.0
2025-05-17 03:00,0.0,12.2,1.9,0.0,1.0,1.0
2025-05-17 04:00,0.0,12.5,1.2,0.0,1.0,1.0
2025-05-17 05:00,14.0,13.4,3.5,63.5,1.0,1.0
2025-05-17 06:00,205.0,14.9,2.0,887.7,1.0,1.0
2025-05-17 07:00,439.0,16.7,2.7,1833.0,1.0,1.0
2025-05-17 08:00,636.0,18.9,1.5,2583.8,1.0,1.0
2025-05-17 09:00,824.0,21.2,1.5,3253.9,1.0,1.0
2025-05-17 10:00,922.0,23.6,2.4,3558.8,1.0,1.0
2025-05-17 11:00,984.0,25.7,3.1,3882.8,1.0,1.0
2025-05-17 12:00,967.0,27.6,2.7,3715.4,1.0,1.0
2025-05-17 13:00,890.0,29.0,2.8,3399.6,1.0,1.0
2025-05-17 14:00,828.0,29.9,3.8,3223.9,1.0,1.0
2025-05-17 15:00,618.0,30.2,3.8,2416.5,1.0,1.0
2025-05-17 16:00,437.0,29.9,2.6,1777.6,1.0,1.0
2025-05-17 17:00,201.0,29.0,3.1,821.9,1.0,1.0
2025-05-17 18:00,13.0,27.6,3.8,55.2,1.0,1.0
2025-05-17 19:00,0.0,25.7,3.3,0.0,1.0,1.0
2025-05-17 20:00,0.0,23.6,3.4,0.0,1.0,1.0
2025-05-17 21:00,0.0,21.2,1.9,0.0,1.0,1.0
2025-05-17 22:00,0.0,18.9,1.6,0.0,1.0,1.0
2025-05-17 23:00,0.0,16.7,2.0,0.0,1.0,1.0
2025-05-18 00:00,0.0,17.4,2.3,0.0,1.0,1.0
2025-05-18 01:00,0.0,16.0,1.9,0.0,1.0,1.0
2025-05-18 02:00,0.0,15.1,1.5,0.0,1.0,1.0
2025-05-18 03:00,0.0,14.8,2.7,0.0,1.0,1.0
2025-05-18 04:00,0.0,15.1,1.6,0.0,1.0,1.0
2025-05-18 05:00,16.0,16.0,2.4,71.1,1.0,1.0
2025-05-18 06:00,196.0,17.4,1.0,841.0,1.0,1.0
2025-05-18 07:00,414.0,19.3,3.1,1728.6,1.0,1.0
2025-05-18 08:00,646.0,21.5,2.8,2651.4,1.0,1.0
2025-05-18 09:00,784.0,23.8,2.6,3091.9,1.0,1.0
2025-05-18 10:00,887.0,26.1,2.0,3442.7,1.0,1.0
2025-05-18 11:00,931.0,28.3,1.9,3523.7,1.0,1.0
2025-05-18 12:00,976.0,30.2,2.6,3662.3,1.0,1.0
2025-05-18 13:00,905.0,31.6,3.6,3518.3,1.0,1.0
2025-05-18 14:00,754.0,32.5,3.6,2889.9,1.0,1.0
2025-05-18 15:00,636.0,32.8,2.7,2483.1,1.0,1.0
2025-05-18 16:00,418.0,32.5,3.6,1642.3,1.0,1.0
2025-05-18 17:00,201.0,31.6,3.3,831.8,1.0,1.0
2025-05-18 18:00,12.0,30.2,2.6,51.2,1.0,1.0
2025-05-18 19:00,0.0,28.3,3.0,0.0,1.0,1.0
2025-05-18 20:00,0.0,26.1,2.3,0.0,1.0,1.0
2025-05-18 21:00,0.0,23.8,1.9,0.0,1.0,1.0
2025-05-18 22:00,0.0,21.5,1.6,0.0,1.0,1.0
2025-05-18 23:00,0.0,19.3,2.8,0.0,1.0,1.0
2025-05-19 00:00,0.0,17.6,2.0,0.0,1.0,1.0
2025-05-19 01:00,0.0,16.2,1.3,0.0,1.0,1.0
2025-05-19 02:00,0.0,15.3,2.0,0.0,1.0,1.0
2025-05-19 03:00,0.0,15.0,1.7,0.0,1.0,1.0
2025-05-19 04:00,0.0,15.3,1.0,0.0,1.0,1.0
2025-05-19 05:00,15.0,16.2,1.4,65.7,1.0,1.0
2025-05-19 06:00,198.0,17.6,1.8,863.6,1.0,1.0
2025-05-19 07:00,416.0,19.5,1.6,1718.8,1.0,1.0
2025-05-19 08:00,600.0,21.6,2.3,2474.1,1.0,1.0
2025-05-19 09:00,727.0,24.0,1.6,2924.7,1.0,1.0
2025-05-19 10:00,894.0,26.3,1.6,3402.6,1.0,1.0
2025-05-19 11:00,960.0,28.5,4.0,3591.3,1.0,1.0
2025-05-19 12:00,909.0,30.3,3.2,3505.4,1.0,1.0
2025-05-19 13:00,836.0,31.8,3.9,3185.1,1.0,1.0
2025-05-19 14:00,742.0,32.7,3.5,2929.0,1.0,1.0
2025-05-19 15:00,604.0,33.0,3.9,2404.4,1.0,1.0
2025-05-19 16:00,396.0,32.7,4.7,1607.0,1.0,1.0
2025-05-19 17:00,203.0,31.8,4.0,848.1,1.0,1.0
2025-05-19 18:00,19.0,30.3,2.5,81.5,1.0,1.0
2025-05-19 19:00,0.0,28.5,3.9,0.0,1.0,1.0
2025-05-19 20:00,0.0,26.3,2.3,0.0,1.0,1.0
2025-05-19 21:00,0.0,24.0,2.0,0.0,1.0,1.0
2025-05-19 22:00,0.0,21.6,2.7,0.0,1.0,1.0
2025-05-19 23:00,0.0,19.5,2.1,0.0,1.0,1.0
2025-05-20 00:00,0.0,15.7,2.2,0.0,1.0,1.0
2025-05-20 01:00,0.0,14.3,1.2,0.0,1.0,1.0
2025-05-20 02:00,0.0,13.4,2.4,0.0,1.0,1.0
2025-05-20 03:00,0.0,13.1,1.8,0.0,1.0,1.0
2025-05-20 04:00,0.0,13.4,3.1,0.0,1.0,1.0
2025-05-20 05:00,17.0,14.3,2.2,76.4,1.0,1.0
2025-05-20 06:00,192.0,15.7,1.9,836.9,1.0,1.0
2025-05-20 07:00,383.0,17.6,3.1,1654.6,1.0,1.0
2025-05-20 08:00,566.0,19.8,1.9,2323.9,1.0,1.0
2025-05-20 09:00,696.0,22.1,2.4,2829.0,1.0,1.0
2025-05-20 10:00,881.0,24.4,3.0,3464.2,1.0,1.0
2025-05-20 11:00,906.0,26.6,2.2,3508.3,1.0,1.0
2025-05-20 12:00,903.0,28.4,2.1,3498.9,1.0,1.0
2025-05-20 13:00,835.0,29.9,3.9,3221.0,1.0,1.0
2025-05-20 14:00,737.0,30.8,4.1,2883.8,1.0,1.0
2025-05-20 15:00,610.0,31.1,4.0,2402.1,1.0,1.0
2025-05-20 16:00,399.0,30.8,3.4,1617.2,1.0,1.0
2025-05-20 17:00,192.0,29.9,3.4,804.0,1.0,1.0
2025-05-20 18:00,16.0,28.4,3.1,68.5,1.0,1.0
2025-05-20 19:00,0.0,26.6,3.0,0.0,1.0,1.0
2025-05-20 20:00,0.0,24.4,1.3,0.0,1.0,1.0
2025-05-20 21:00,0.0,22.1,1.9,0.0,1.0,1.0
2025-05-20 22:00,0.0,19.8,2.9,0.0,1.0,1.0
2025-05-20 23:00,0.0,17.6,1.3,0.0,1.0,1.0
2025-05-21 00:00,0.0,14.5,2.4,0.0,1.0,1.0
2025-05-21 01:00,0.0,13.0,2.7,0.0,1.0,1.0
2025-05-21 02:00,0.0,12.1,1.5,0.0,1.0,1.0
2025-05-21 03:00,0.0,11.8,1.5,0.0,1.0,1.0
2025-05-21 04:00,0.0,12.1,2.4,0.0,1.0,1.0
2025-05-21 05:00,16.0,13.0,1.9,72.4,1.0,1.0
2025-05-21 06:00,211.0,14.5,2.0,926.6,1.0,1.0
2025-05-21 07:00,421.0,16.3,2.3,1792.1,1.0,1.0
2025-05-21 08:00,625.0,18.5,2.2,2541.5,1.0,1.0
2025-05-21 09:00,830.0,20.8,1.3,3332.9,1.0,1.0
2025-05-21 10:00,939.0,23.1,2.5,2400.0,1.0,0.6
2025-05-21 11:00,981.0,25.3,1.2,2400.0,1.0,0.6
2025-05-21 12:00,1018.0,27.2,2.9,2400.0,1.0,0.6
2025-05-21 13:00,954.0,28.6,2.9,2400.0,1.0,0.6
2025-05-21 14:00,793.0,29.5,3.8,2400.0,1.0,0.6
2025-05-21 15:00,646.0,29.8,3.3,2538.1,1.0,1.0
2025-05-21 16:00,440.0,29.5,3.6,1772.9,1.0,1.0
2025-05-21 17:00,210.0,28.6,2.4,866.4,1.0,1.0
2025-05-21 18:00,15.0,27.2,3.8,64.8,1.0,1.0
2025-05-21 19:00,0.0,25.3,3.3,0.0,1.0,1.0
2025-05-21 20:00,0.0,23.1,1.5,0.0,1.0,1.0
2025-05-21 21:00,0.0,20.8,2.1,0.0,1.0,1.0
2025-05-21 22:00,0.0,18.5,1.9,0.0,1.0,1.0
2025-05-21 23:00,0.0,16.3,1.5,0.0,1.0,1.0
2025-05-22 00:00,0.0,13.2,0.9,0.0,1.0,1.0
2025-05-22 01:00,0.0,11.8,2.2,0.0,1.0,1.0
2025-05-22 02:00,0.0,10.9,2.1,0.0,1.0,1.0
2025-05-22 03:00,0.0,10.6,3.0,0.0,1.0,1.0
2025-05-22 04:00,0.0,10.9,1.1,0.0,1.0,1.0
2025-05-22 05:00,21.0,11.8,1.5,94.4,1.0,1.0
2025-05-22 06:00,194.0,13.2,2.3,857.2,1.0,1.0
2025-05-22 07:00,414.0,15.1,1.4,1771.5,1.0,1.0
2025-05-22 08:00,607.0,17.3,2.4,2472.7,1.0,1.0
2025-05-22 09:00,724.0,19.6,2.5,2957.8,1.0,1.0
2025-05-22 10:00,890.0,21.9,1.5,3511.7,1.0,1.0
2025-05-22 11:00,917.0,24.1,3.8,3640.5,1.0,1.0
2025-05-22 12:00,908.0,26.0,2.6,3499.0,1.0,1.0
2025-05-22 13:00,845.0,27.4,3.4,3321.5,1.0,1.0
2025-05-22 14:00,733.0,28.3,3.4,2904.6,1.0,1.0
2025-05-22 15:00,548.0,28.6,5.1,2215.0,1.0,1.0
2025-05-22 16:00,410.0,28.3,3.3,1664.9,1.0,1.0
2025-05-22 17:00,199.0,27.4,2.8,814.9,1.0,1.0
2025-05-22 18:00,20.0,26.0,2.8,86.5,1.0,1.0
2025-05-22 19:00,0.0,24.1,3.0,0.0,1.0,1.0
2025-05-22 20:00,0.0,21.9,2.7,0.0,1.0,1.0
2025-05-22 21:00,0.0,19.6,2.2,0.0,1.0,1.0
2025-05-22 22:00,0.0,17.3,1.5,0.0,1.0,1.0
2025-05-22 23:00,0.0,15.1,1.3,0.0,1.0,1.0
2025-05-23 00:00,0.0,16.2,1.1,0.0,1.0,1.0
2025-05-23 01:00,0.0,14.8,1.2,0.0,1.0,1.0
2025-05-23 02:00,0.0,13.9,2.0,0.0,1.0,1.0
2025-05-23 03:00,0.0,13.6,2.5,0.0,1.0,1.0
2025-05-23 04:00,0.0,13.9,1.3,0.0,1.0,1.0
2025-05-23 05:00,16.0,14.8,1.8,73.0,1.0,1.0
2025-05-23 06:00,208.0,16.2,1.9,899.4,1.0,1.0
2025-05-23 07:00,418.0,18.1,1.5,1779.5,1.0,1.0
2025-05-23 08:00,620.0,20.3,1.6,2479.2,1.0,1.0
2025-05-23 09:00,818.0,22.6,1.1,3259.4,1.0,1.0
2025-05-23 10:00,919.0,24.9,3.6,3557.4,1.0,1.0
2025-05-23 11:00,1003.0,27.1,2.7,3796.0,1.0,1.0
2025-05-23 12:00,984.0,29.0,3.3,3716.1,1.0,1.0
2025-05-23 13:00,945.0,30.4,2.0,3550.3,1.0,1.0
2025-05-23 14:00,794.0,31.3,3.1,3012.0,1.0,1.0
2025-05-23 15:00,610.0,31.6,3.2,2402.2,1.0,1.0
2025-05-23 16:00,413.0,31.3,4.2,1652.4,1.0,1.0
2025-05-23 17:00,214.0,30.4,2.7,884.5,1.0,1.0
2025-05-23 18:00,17.0,29.0,3.1,72.5,1.0,1.0
2025-05-23 19:00,0.0,27.1,3.1,0.0,1.0,1.0
2025-05-23 20:00,0.0,24.9,1.4,0.0,1.0,1.0
2025-05-23 21:00,0.0,22.6,2.6,0.0,1.0,1.0
2025-05-23 22:00,0.0,20.3,3.5,0.0,1.0,1.0
2025-05-23 23:00,0.0,18.1,2.3,0.0,1.0,1.0
2025-05-24 00:00,0.0,12.9,2.2,0.0,1.0,1.0
2025-05-24 01:00,0.0,11.5,2.5,0.0,1.0,1.0
2025-05-24 02:00,0.0,10.6,1.0,0.0,1.0,1.0
2025-05-24 03:00,0.0,10.3,1.5,0.0,1.0,1.0
2025-05-24 04:00,0.0,10.6,2.7,0.0,1.0,1.0
2025-05-24 05:00,18.0,11.5,1.6,80.3,1.0,1.0
2025-05-24 06:00,213.0,12.9,1.6,931.8,1.0,1.0
2025-05-24 07:00,438.0,14.8,1.7,1873.4,1.0,1.0
2025-05-24 08:00,654.0,17.0,2.7,2676.4,1.0,1.0
2025-05-24 09:00,777.0,19.3,3.0,3159.9,1.0,1.0
2025-05-24 10:00,906.0,21.6,2.4,3575.9,1.0,1.0
2025-05-24 11:00,983.0,23.8,3.1,3793.3,1.0,1.0
2025-05-24 12:00,1001.0,25.6,3.2,3857.7,1.0,1.0
2025-05-24 13:00,938.0,27.1,4.7,3580.3,1.0,1.0
2025-05-24 14:00,772.0,28.0,3.2,2983.5,1.0,1.0
2025-05-24 15:00,646.0,28.3,2.6,2514.6,1.0,1.0
2025-05-24 16:00,445.0,28.0,2.6,1790.1,1.0,1.0
2025-05-24 17:00,215.0,27.1,2.9,895.8,1.0,1.0
2025-05-24 18:00,14.0,25.6,3.7,59.7,1.0,1.0
2025-05-24 19:00,0.0,23.8,3.9,0.0,1.0,1.0
2025-05-24 20:00,0.0,21.6,1.8,0.0,1.0,1.0
2025-05-24 21:00,0.0,19.3,2.2,0.0,1.0,1.0
2025-05-24 22:00,0.0,17.0,1.8,0.0,1.0,1.0
2025-05-24 23:00,0.0,14.8,2.0,0.0,1.0,1.0
2025-05-25 00:00,0.0,16.9,2.7,0.0,1.0,1.0
2025-05-25 01:00,0.0,15.4,2.3,0.0,1.0,1.0
2025-05-25 02:00,0.0,14.5,1.8,0.0,1.0,1.0
2025-05-25 03:00,0.0,14.2,2.2,0.0,1.0,1.0
2025-05-25 04:00,0.0,14.5,3.4,0.0,1.0,1.0
2025-05-25 05:00,17.0,15.4,2.3,75.8,1.0,1.0
2025-05-25 06:00,210.0,16.9,1.9,904.0,1.0,1.0
2025-05-25 07:00,422.0,18.7,3.0,1769.4,1.0,1.0
2025-05-25 08:00,625.0,20.9,2.1,2521.9,1.0,1.0
2025-05-25 09:00,787.0,23.2,0.8,3052.6,1.0,1.0
2025-05-25 10:00,872.0,25.6,2.1,3431.0,1.0,1.0
2025-05-25 11:00,991.0,27.7,1.7,3798.8,1.0,1.0
2025-05-25 12:00,1018.0,29.6,3.2,3824.7,1.0,1.0
2025-05-25 13:00,933.0,31.0,3.7,3556.2,1.0,1.0
2025-05-25 14:00,791.0,31.9,3.5,3044.8,1.0,1.0
2025-05-25 15:00,651.0,32.2,3.2,2554.8,1.0,1.0
2025-05-25 16:00,432.0,31.9,4.1,1758.9,1.0,1.0
2025-05-25 17:00,211.0,31.0,3.8,886.3,1.0,1.0
2025-05-25 18:00,16.0,29.6,4.2,67.9,1.0,1.0
2025-05-25 19:00,0.0,27.7,2.3,0.0,1.0,1.0
2025-05-25 20:00,0.0,25.6,2.9,0.0,1.0,1.0
2025-05-25 21:00,0.0,23.2,2.2,0.0,1.0,1.0
2025-05-25 22:00,0.0,20.9,1.2,0.0,1.0,1.0
2025-05-25 23:00,0.0,18.7,2.4,0.0,1.0,1.0
2025-05-26 00:00,0.0,13.5,1.8,0.0,1.0,1.0
2025-05-26 01:00,0.0,12.1,1.7,0.0,1.0,1.0
2025-05-26 02:00,0.0,11.2,0.3,0.0,1.0,1.0
2025-05-26 03:00,0.0,10.9,2.2,0.0,1.0,1.0
2025-05-26 04:00,0.0,11.2,1.1,0.0,1.0,1.0
2025-05-26 05:00,24.0,12.1,3.5,108.9,1.0,1.0
2025-05-26 06:00,207.0,13.5,2.3,915.2,1.0,1.0
2025-05-26 07:00,408.0,15.4,2.5,1736.6,1.0,1.0
2025-05-26 08:00,599.0,17.6,1.9,2467.7,1.0,1.0
2025-05-26 09:00,749.0,19.9,2.3,3050.0,1.0,1.0
2025-05-26 10:00,855.0,22.2,3.1,3404.1,1.0,1.0
2025-05-26 11:00,976.0,24.4,3.7,3803.4,1.0,1.0
2025-05-26 12:00,952.0,26.3,3.0,3622.3,1.0,1.0
2025-05-26 13:00,858.0,27.7,3.5,3294.7,1.0,1.0
2025-05-26 14:00,778.0,28.6,3.2,3024.9,1.0,1.0
2025-05-26 15:00,604.0,28.9,2.8,2449.2,1.0,1.0
2025-05-26 16:00,413.0,28.6,2.8,1671.8,1.0,1.0
2025-05-26 17:00,208.0,27.7,2.7,870.0,1.0,1.0
2025-05-26 18:00,22.0,26.3,2.4,93.3,1.0,1.0
2025-05-26 19:00,0.0,24.4,3.3,0.0,1.0,1.0
2025-05-26 20:00,0.0,22.2,1.4,0.0,1.0,1.0
2025-05-26 21:00,0.0,19.9,2.3,0.0,1.0,1.0
2025-05-26 22:00,0.0,17.6,1.7,0.0,1.0,1.0
2025-05-26 23:00,0.0,15.4,1.5,0.0,1.0,1.0
2025-05-27 00:00,0.0,13.8,2.3,0.0,1.0,1.0
2025-05-27 01:00,0.0,12.3,1.7,0.0,1.0,1.0
2025-05-27 02:00,0.0,11.4,2.4,0.0,1.0,1.0
2025-05-27 03:00,0.0,11.1,1.0,0.0,1.0,1.0
2025-05-27 04:00,0.0,11.4,1.3,0.0,1.0,1.0
2025-05-27 05:00,20.0,12.3,2.3,89.8,1.0,1.0
2025-05-27 06:00,213.0,13.8,1.0,941.2,1.0,1.0
2025-05-27 07:00,417.0,15.6,1.1,1768.6,1.0,1.0
2025-05-27 08:00,658.0,17.8,2.4,2711.4,1.0,1.0
2025-05-27 09:00,784.0,20.1,2.7,3229.0,1.0,1.0
2025-05-27 10:00,915.0,22.5,1.8,3542.7,1.0,1.0
2025-05-27 11:00,984.0,24.6,3.4,3778.2,1.0,1.0
2025-05-27 12:00,995.0,26.5,3.4,3837.0,1.0,1.0
2025-05-27 13:00,873.0,27.9,3.6,3351.6,1.0,1.0
2025-05-27 14:00,824.0,28.8,3.8,3227.2,1.0,1.0
2025-05-27 15:00,625.0,29.1,4.9,2523.8,1.0,1.0
2025-05-27 16:00,427.0,28.8,4.0,1740.2,1.0,1.0
2025-05-27 17:00,208.0,27.9,3.9,852.1,1.0,1.0
2025-05-27 18:00,15.0,26.5,4.1,64.3,1.0,1.0
2025-05-27 19:00,0.0,24.6,2.7,0.0,1.0,1.0
2025-05-27 20:00,0.0,22.5,2.4,0.0,1.0,1.0
2025-05-27 21:00,0.0,20.1,1.7,0.0,1.0,1.0
2025-05-27 22:00,0.0,17.8,3.3,0.0,1.0,1.0
2025-05-27 23:00,0.0,15.6,2.4,0.0,1.0,1.0
2025-05-28 00:00,0.0,15.9,1.9,0.0,1.0,1.0
2025-05-28 01:00,0.0,14.4,2.3,0.0,1.0,1.0
2025-05-28 02:00,0.0,13.5,2.0,0.0,1.0,1.0
2025-05-28 03:00,0.0,13.2,1.9,0.0,1.0,1.0
2025-05-28 04:00,0.0,13.5,1.8,0.0,1.0,1.0
2025-05-28 05:00,22.0,14.4,1.4,97.9,1.0,1.0
2025-05-28 06:00,202.0,15.9,2.5,880.2,1.0,1.0
2025-05-28 07:00,421.0,17.7,2.7,1791.5,1.0,1.0
2025-05-28 08:00,594.0,19.9,2.3,2411.7,1.0,1.0
2025-05-28 09:00,723.0,22.2,2.8,2929.0,1.0,1.0
2025-05-28 10:00,899.0,24.6,2.2,3563.2,1.0,1.0
2025-05-28 11:00,936.0,26.7,2.2,3581.0,1.0,1.0
2025-05-28 12:00,936.0,28.6,3.7,3604.9,1.0,1.0
2025-05-28 13:00,900.0,30.0,3.5,3439.9,1.0,1.0
2025-05-28 14:00,775.0,30.9,4.8,2968.1,1.0,1.0
2025-05-28 15:00,578.0,31.2,4.0,2323.1,1.0,1.0
2025-05-28 16:00,406.0,30.9,3.9,1662.9,1.0,1.0
2025-05-28 17:00,202.0,30.0,3.1,827.5,1.0,1.0
2025-05-28 18:00,19.0,28.6,3.1,78.4,1.0,1.0
2025-05-28 19:00,0.0,26.7,3.1,0.0,1.0,1.0
2025-05-28 20:00,0.0,24.6,2.2,0.0,1.0,1.0
2025-05-28 21:00,0.0,22.2,2.9,0.0,1.0,1.0
2025-05-28 22:00,0.0,19.9,1.2,0.0,1.0,1.0
2025-05-28 23:00,0.0,17.7,3.8,0.0,1.0,1.0
2025-05-29 00:00,0.0,14.0,1.8,0.0,1.0,1.0
2025-05-29 01:00,0.0,12.5,1.8,0.0,1.0,1.0
2025-05-29 02:00,0.0,11.6,2.3,0.0,1.0,1.0
2025-05-29 03:00,0.0,11.3,2.3,0.0,1.0,1.0
2025-05-29 04:00,0.0,11.6,1.8,0.0,1.0,1.0
2025-05-29 05:00,25.0,12.5,1.1,114.1,1.0,1.0
2025-05-29 06:00,196.0,14.0,3.4,832.6,1.0,1.0
2025-05-29 07:00,376.0,15.8,2.2,1568.8,1.0,1.0
2025-05-29 08:00,545.0,18.0,2.4,2306.1,1.0,1.0
2025-05-29 09:00,701.0,20.3,2.5,2917.0,1.0,1.0
2025-05-29 10:00,787.0,22.7,3.3,2400.0,1.0,0.6
2025-05-29 11:00,839.0,24.8,2.4,2400.0,1.0,0.6
2025-05-29 12:00,890.0,26.7,3.2,2400.0,1.0,0.6
2025-05-29 13:00,784.0,28.1,3.7,2400.0,1.0,0.6
2025-05-29 14:00,723.0,29.0,2.8,2400.0,1.0,0.6
2025-05-29 15:00,537.0,29.3,3.1,2157.6,1.0,1.0
2025-05-29 16:00,400.0,29.0,3.9,1607.8,1.0,1.0
2025-05-29 17:00,196.0,28.1,3.5,806.4,1.0,1.0
2025-05-29 18:00,24.0,26.7,3.0,101.2,1.0,1.0
2025-05-29 19:00,0.0,24.8,2.2,0.0,1.0,1.0
2025-05-29 20:00,0.0,22.7,2.6,0.0,1.0,1.0
2025-05-29 21:00,0.0,20.3,1.7,0.0,1.0,1.0
2025-05-29 22:00,0.0,18.0,1.4,0.0,1.0,1.0
2025-05-29 23:00,0.0,15.8,1.4,0.0,1.0,1.0
2025-05-30 00:00,0.0,15.0,1.6,0.0,1.0,1.0
2025-05-30 01:00,0.0,13.6,2.4,0.0,1.0,1.0
2025-05-30 02:00,0.0,12.7,1.1,0.0,1.0,1.0
2025-05-30 03:00,0.0,12.4,1.5,0.0,1.0,1.0
2025-05-30 04:00,0.0,12.7,2.3,0.0,1.0,1.0
2025-05-30 05:00,26.0,13.6,2.2,115.7,1.0,1.0
2025-05-30 06:00,210.0,15.0,2.9,916.0,1.0,1.0
2025-05-30 07:00,414.0,16.9,2.1,1747.6,1.0,1.0
2025-05-30 08:00,559.0,19.1,1.8,2313.0,1.0,1.0
2025-05-30 09:00,684.0,21.4,2.4,2777.2,1.0,1.0
2025-05-30 10:00,803.0,23.7,1.7,3182.3,1.0,1.0
2025-05-30 11:00,879.0,25.9,1.8,3384.1,1.0,1.0
2025-05-30 12:00,918.0,27.8,3.5,3556.4,1.0,1.0
2025-05-30 13:00,815.0,29.2,3.4,3222.1,1.0,1.0
2025-05-30 14:00,715.0,30.1,2.6,2803.3,1.0,1.0
2025-05-30 15:00,572.0,30.4,3.6,2237.8,1.0,1.0
2025-05-30 16:00,376.0,30.1,4.5,1532.6,1.0,1.0
2025-05-30 17:00,200.0,29.2,3.6,832.6,1.0,1.0
2025-05-30 18:00,24.0,27.8,4.1,100.1,1.0,1.0
2025-05-30 19:00,0.0,25.9,2.1,0.0,1.0,1.0
2025-05-30 20:00,0.0,23.7,3.2,0.0,1.0,1.0
2025-05-30 21:00,0.0,21.4,2.4,0.0,1.0,1.0
2025-05-30 22:00,0.0,19.1,2.5,0.0,1.0,1.0
2025-05-30 23:00,0.0,16.9,1.3,0.0,1.0,1.0
2025-05-31 00:00,0.0,14.6,2.0,0.0,1.0,1.0
2025-05-31 01:00,0.0,13.2,2.7,0.0,1.0,1.0
2025-05-31 02:00,0.0,12.3,2.3,0.0,1.0,1.0
2025-05-31 03:00,0.0,12.0,1.7,0.0,1.0,1.0
2025-05-31 04:00,0.0,12.3,1.6,0.0,1.0,1.0
2025-05-31 05:00,21.0,13.2,2.7,91.5,1.0,1.0
2025-05-31 06:00,218.0,14.6,2.8,926.9,1.0,1.0
2025-05-31 07:00,432.0,16.5,1.8,1856.8,1.0,1.0
2025-05-31 08:00,624.0,18.7,1.9,2548.0,1.0,1.0
2025-05-31 09:00,757.0,21.0,1.9,3079.4,1.0,1.0
2025-05-31 10:00,894.0,23.3,2.4,3555.6,1.0,1.0
2025-05-31 11:00,958.0,25.5,2.7,3750.6,1.0,1.0
2025-05-31 12:00,1001.0,27.4,1.8,3853.2,1.0,1.0
2025-05-31 13:00,902.0,28.8,2.9,3448.0,1.0,1.0
2025-05-31 14:00,790.0,29.7,3.8,3052.3,1.0,1.0
2025-05-31 15:00,649.0,30.0,3.3,2561.6,1.0,1.0
2025-05-31 16:00,420.0,29.7,3.6,1713.0,1.0,1.0
2025-05-31 17:00,217.0,28.8,2.6,887.4,1.0,1.0
2025-05-31 18:00,21.0,27.4,3.0,88.9,1.0,1.0
2025-05-31 19:00,0.0,25.5,2.0,0.0,1.0,1.0
2025-05-31 20:00,0.0,23.3,1.8,0.0,1.0,1.0
2025-05-31 21:00,0.0,21.0,2.2,0.0,1.0,1.0
2025-05-31 22:00,0.0,18.7,1.5,0.0,1.0,1.0
2025-05-31 23:00,0.0,16.5,1.7,0.0,1.0,1.0
2025-06-01 00:00,0.0,22.3,1.7,0.0,1.0,1.0
2025-06-01 01:00,0.0,20.8,2.1,0.0,1.0,1.0
2025-06-01 02:00,0.0,19.8,2.0,0.0,1.0,1.0
2025-06-01 03:00,0.0,19.4,1.9,0.0,1.0,1.0
2025-06-01 04:00,0.0,19.8,1.8,0.0,1.0,1.0
2025-06-01 05:00,17.0,20.8,1.9,74.3,1.0,1.0
2025-06-01 06:00,221.0,22.3,2.0,923.1,1.0,1.0
2025-06-01 07:00,429.0,24.4,2.4,1756.3,1.0,1.0
2025-06-01 08:00,623.0,26.8,2.3,2502.4,1.0,1.0
2025-06-01 09:00,802.0,29.4,0.8,3066.0,1.0,1.0
2025-06-01 10:00,954.0,32.0,1.9,3621.7,1.0,1.0
2025-06-01 11:00,970.0,34.4,3.5,3665.8,1.0,1.0
2025-06-01 12:00,991.0,36.5,3.1,3670.7,1.0,1.0
2025-06-01 13:00,893.0,38.1,4.9,3376.9,1.0,1.0
2025-06-01 14:00,790.0,39.1,3.4,2943.3,1.0,1.0
2025-06-01 15:00,660.0,39.4,4.1,2486.0,1.0,1.0
2025-06-01 16:00,448.0,39.1,4.4,1741.4,1.0,1.0
2025-06-01 17:00,220.0,38.1,4.0,866.8,1.0,1.0
2025-06-01 18:00,21.0,36.5,2.5,85.4,1.0,1.0
2025-06-01 19:00,0.0,34.4,2.6,0.0,1.0,1.0
2025-06-01 20:00,0.0,32.0,2.3,0.0,1.0,1.0
2025-06-01 21:00,0.0,29.4,2.9,0.0,1.0,1.0
2025-06-01 22:00,0.0,26.8,2.2,0.0,1.0,1.0
2025-06-01 23:00,0.0,24.4,1.2,0.0,1.0,1.0
2025-06-02 00:00,0.0,20.7,2.2,0.0,1.0,1.0
2025-06-02 01:00,0.0,19.1,1.3,0.0,1.0,1.0
2025-06-02 02:00,0.0,18.1,1.5,0.0,1.0,1.0
2025-06-02 03:00,0.0,17.7,1.9,0.0,1.0,1.0
2025-06-02 04:00,0.0,18.1,1.8,0.0,1.0,1.0
2025-06-02 05:00,22.0,19.1,2.0,96.3,1.0,1.0
2025-06-02 06:00,216.0,20.7,2.8,917.6,1.0,1.0
2025-06-02 07:00,437.0,22.7,3.0,1802.5,1.0,1.0
2025-06-02 08:00,642.0,25.2,2.0,2542.4,1.0,1.0
2025-06-02 09:00,762.0,27.7,2.4,2893.0,1.0,1.0
2025-06-02 10:00,916.0,30.3,2.6,3402.5,1.0,1.0
2025-06-02 11:00,930.0,32.7,2.9,3528.6,1.0,1.0
2025-06-02 12:00,957.0,34.8,3.3,3511.4,1.0,1.0
2025-06-02 13:00,921.0,36.4,3.0,3469.5,1.0,1.0
2025-06-02 14:00,783.0,37.4,3.0,2968.6,1.0,1.0
2025-06-02 15:00,641.0,37.7,3.4,2445.6,1.0,1.0
2025-06-02 16:00,428.0,37.4,4.6,1677.3,1.0,1.0
2025-06-02 17:00,218.0,36.4,2.5,880.3,1.0,1.0
2025-06-02 18:00,23.0,34.8,2.4,94.8,1.0,1.0
2025-06-02 19:00,0.0,32.7,3.6,0.0,1.0,1.0
2025-06-02 20:00,0.0,30.3,3.2,0.0,1.0,1.0
2025-06-02 21:00,0.0,27.7,0.9,0.0,1.0,1.0
2025-06-02 22:00,0.0,25.2,2.1,0.0,1.0,1.0
2025-06-02 23:00,0.0,22.7,1.3,0.0,1.0,1.0
2025-06-03 00:00,0.0,17.4,1.6,0.0,1.0,1.0
2025-06-03 01:00,0.0,15.8,2.0,0.0,1.0,1.0
2025-06-03 02:00,0.0,14.8,0.9,0.0,1.0,1.0
2025-06-03 03:00,0.0,14.5,1.5,0.0,1.0,1.0
2025-06-03 04:00,0.0,14.8,1.8,0.0,1.0,1.0
2025-06-03 05:00,17.0,15.8,2.4,75.1,1.0,1.0
2025-06-03 06:00,219.0,17.4,2.6,941.4,1.0,1.0
2025-06-03 07:00,438.0,19.5,1.9,1837.5,1.0,1.0
2025-06-03 08:00,609.0,21.9,2.3,2476.9,1.0,1.0
2025-06-03 09:00,805.0,24.5,1.3,3224.7,1.0,1.0
2025-06-03 10:00,910.0,27.1,1.8,3492.8,1.0,1.0
2025-06-03 11:00,1005.0,29.5,2.8,3841.4,1.0,1.0
2025-06-03 12:00,993.0,31.5,3.4,3702.7,1.0,1.0
2025-06-03 13:00,926.0,33.1,3.4,3535.2,1.0,1.0
2025-06-03 14:00,774.0,34.1,3.3,3018.9,1.0,1.0
2025-06-03 15:00,627.0,34.5,3.8,2437.4,1.0,1.0
2025-06-03 16:00,439.0,34.1,3.2,1750.0,1.0,1.0
2025-06-03 17:00,223.0,33.1,3.6,907.7,1.0,1.0
2025-06-03 18:00,18.0,31.5,2.1,74.3,1.0,1.0
2025-06-03 19:00,0.0,29.5,2.6,0.0,1.0,1.0
2025-06-03 20:00,0.0,27.1,2.7,0.0,1.0,1.0
2025-06-03 21:00,0.0,24.5,2.5,0.0,1.0,1.0
2025-06-03 22:00,0.0,21.9,1.7,0.0,1.0,1.0
2025-06-03 23:00,0.0,19.5,2.1,0.0,1.0,1.0
2025-06-04 00:00,0.0,18.1,1.8,0.0,1.0,1.0
2025-06-04 01:00,0.0,16.5,2.3,0.0,1.0,1.0
2025-06-04 02:00,0.0,15.5,2.0,0.0,1.0,1.0
2025-06-04 03:00,0.0,15.2,2.2,0.0,1.0,1.0
2025-06-04 04:00,0.0,15.5,1.7,0.0,1.0,1.0
2025-06-04 05:00,19.0,16.5,3.3,83.6,1.0,1.0
2025-06-04 06:00,209.0,18.1,3.0,872.2,1.0,1.0
2025-06-04 07:00,452.0,20.2,2.5,1870.7,1.0,1.0
2025-06-04 08:00,638.0,22.6,1.8,2580.2,1.0,1.0
2025-06-04 09:00,833.0,25.2,1.2,3253.3,1.0,1.0
2025-06-04 10:00,938.0,27.8,1.8,3471.0,1.0,1.0
2025-06-04 11:00,1018.0,30.2,2.5,3801.9,1.0,1.0
2025-06-04 12:00,989.0,32.3,3.2,3734.6,1.0,1.0
2025-06-04 13:00,846.0,33.9,2.2,3185.4,1.0,1.0
2025-06-04 14:00,791.0,34.9,4.0,3010.2,1.0,1.0
2025-06-04 15:00,661.0,35.2,3.6,2538.2,1.0,1.0
2025-06-04 16:00,452.0,34.9,2.7,1811.1,1.0,1.0
2025-06-04 17:00,224.0,33.9,2.9,908.1,1.0,1.0
2025-06-04 18:00,21.0,32.3,3.1,86.2,1.0,1.0
2025-06-04 19:00,0.0,30.2,2.8,0.0,1.0,1.0
2025-06-04 20:00,0.0,27.8,2.0,0.0,1.0,1.0
2025-06-04 21:00,0.0,25.2,2.7,0.0,1.0,1.0
2025-06-04 22:00,0.0,22.6,2.2,0.0,1.0,1.0
2025-06-04 23:00,0.0,20.2,2.2,0.0,1.0,1.0
2025-06-05 00:00,0.0,17.8,2.3,0.0,1.0,1.0
2025-06-05 01:00,0.0,16.2,1.3,0.0,1.0,1.0
2025-06-05 02:00,0.0,15.2,2.0,0.0,1.0,1.0
2025-06-05 03:00,0.0,14.9,2.2,0.0,1.0,1.0
2025-06-05 04:00,0.0,15.2,2.1,0.0,1.0,1.0
2025-06-05 05:00,21.0,16.2,1.9,92.5,1.0,1.0
2025-06-05 06:00,220.0,17.8,1.2,959.8,1.0,1.0
2025-06-05 07:00,423.0,19.9,1.4,1784.8,1.0,1.0
2025-06-05 08:00,628.0,22.3,2.3,2507.5,1.0,1.0
2025-06-05 09:00,820.0,24.9,1.4,3207.7,1.0,1.0
2025-06-05 10:00,915.0,27.5,1.4,3428.6,1.0,1.0
2025-06-05 11:00,947.0,29.9,3.5,3583.3,1.0,1.0
2025-06-05 12:00,991.0,32.0,3.2,3708.0,1.0,1.0
2025-06-05 13:00,947.0,33.6,4.7,3569.9,1.0,1.0
2025-06-05 14:00,778.0,34.6,4.2,2997.0,1.0,1.0
2025-06-05 15:00,644.0,34.9,3.2,2443.9,1.0,1.0
2025-06-05 16:00,434.0,34.6,3.3,1724.7,1.0,1.0
2025-06-05 17:00,224.0,33.6,2.3,916.9,1.0,1.0
2025-06-05 18:00,20.0,32.0,3.2,84.8,1.0,1.0
2025-06-05 19:00,0.0,29.9,2.8,0.0,1.0,1.0
2025-06-05 20:00,0.0,27.5,3.0,0.0,1.0,1.0
2025-06-05 21:00,0.0,24.9,1.2,0.0,1.0,1.0
2025-06-05 22:00,0.0,22.3,2.1,0.0,1.0,1.0
2025-06-05 23:00,0.0,19.9,2.2,0.0,1.0,1.0
2025-06-06 00:00,0.0,17.2,1.4,0.0,1.0,1.0
2025-06-06 01:00,0.0,15.6,3.1,0.0,1.0,1.0
2025-06-06 02:00,0.0,14.6,2.4,0.0,1.0,1.0
2025-06-06 03:00,0.0,14.3,2.6,0.0,1.0,1.0
2025-06-06 04:00,0.0,14.6,2.7,0.0,1.0,1.0
2025-06-06 05:00,21.0,15.6,1.6,93.6,1.0,1.0
2025-06-06 06:00,220.0,17.2,2.3,939.7,1.0,1.0
2025-06-06 07:00,441.0,19.3,2.4,1803.1,1.0,1.0
2025-06-06 08:00,606.0,21.7,2.4,2437.3,1.0,1.0
2025-06-06 09:00,755.0,24.3,1.5,2964.4,1.0,1.0
2025-06-06 10:00,886.0,26.8,2.9,3467.3,1.0,1.0
2025-06-06 11:00,977.0,29.3,2.7,3751.1,1.0,1.0
2025-06-06 12:00,937.0,31.3,4.0,3593.2,1.0,1.0
2025-06-06 13:00,852.0,32.9,3.3,3243.2,1.0,1.0
2025-06-06 14:00,775.0,33.9,3.5,2851.3,1.0,1.0
2025-06-06 15:00,621.0,34.3,5.0,2468.8,1.0,1.0
2025-06-06 16:00,427.0,33.9,3.2,1693.2,1.0,1.0
2025-06-06 17:00,215.0,32.9,3.5,890.7,1.0,1.0
2025-06-06 18:00,22.0,31.3,2.7,91.2,1.0,1.0
2025-06-06 19:00,0.0,29.3,2.2,0.0,1.0,1.0
2025-06-06 20:00,0.0,26.8,2.8,0.0,1.0,1.0
2025-06-06 21:00,0.0,24.3,2.4,0.0,1.0,1.0
2025-06-06 22:00,0.0,21.7,2.5,0.0,1.0,1.0
2025-06-06 23:00,0.0,19.3,1.5,0.0,1.0,1.0
2025-06-07 00:00,0.0,19.1,2.0,0.0,1.0,1.0
2025-06-07 01:00,0.0,17.5,1.4,0.0,1.0,1.0
2025-06-07 02:00,0.0,16.5,2.2,0.0,1.0,1.0
2025-06-07 03:00,0.0,16.2,2.2,0.0,1.0,1.0
2025-06-07 04:00,0.0,16.5,2.5,0.0,1.0,1.0
2025-06-07 05:00,23.0,17.5,3.2,99.5,1.0,1.0
2025-06-07 06:00,224.0,19.1,2.1,952.2,1.0,1.0
2025-06-07 07:00,443.0,21.2,2.0,1783.8,1.0,1.0
2025-06-07 08:00,632.0,23.6,2.4,2548.0,1.0,1.0
2025-06-07 09:00,792.0,26.2,2.4,3107.1,1.0,1.0
2025-06-07 10:00,930.0,28.8,2.3,3566.2,1.0,1.0
2025-06-07 11:00,1010.0,31.2,3.8,3907.5,1.0,1.0
2025-06-07 12:00,987.0,33.3,4.1,3788.7,1.0,1.0
2025-06-07 13:00,955.0,34.8,2.6,3476.6,1.0,1.0
2025-06-07 14:00,833.0,35.8,3.7,3058.0,1.0,1.0
2025-06-07 15:00,662.0,36.2,3.6,2581.2,1.0,1.0
2025-06-07 16:00,418.0,35.8,3.5,1649.0,1.0,1.0
2025-06-07 17:00,219.0,34.8,4.0,883.5,1.0,1.0
2025-06-07 18:00,19.0,33.3,2.8,78.9,1.0,1.0
2025-06-07 19:00,0.0,31.2,2.3,0.0,1.0,1.0
2025-06-07 20:00,0.0,28.8,2.3,0.0,1.0,1.0
2025-06-07 21:00,0.0,26.2,1.7,0.0,1.0,1.0
2025-06-07 22:00,0.0,23.6,1.2,0.0,1.0,1.0
2025-06-07 23:00,0.0,21.2,2.6,0.0,1.0,1.0
2025-06-08 00:00,0.0,23.1,1.3,0.0,1.0,1.0
2025-06-08 01:00,0.0,21.5,1.7,0.0,1.0,1.0
2025-06-08 02:00,0.0,20.5,1.5,0.0,1.0,1.0
2025-06-08 03:00,0.0,20.1,1.9,0.0,1.0,1.0
2025-06-08 04:00,0.0,20.5,1.9,0.0,1.0,1.0
2025-06-08 05:00,21.0,21.5,1.0,91.3,1.0,1.0
2025-06-08 06:00,223.0,23.1,2.2,940.8,1.0,1.0
2025-06-08 07:00,419.0,25.1,0.6,1679.7,1.0,1.0
2025-06-08 08:00,654.0,27.5,1.4,2555.1,1.0,1.0
2025-06-08 09:00,818.0,30.1,2.5,3113.2,1.0,1.0
2025-06-08 10:00,896.0,32.7,2.6,3365.1,1.0,1.0
2025-06-08 11:00,942.0,35.1,2.1,3492.3,1.0,1.0
2025-06-08 12:00,943.0,37.2,2.4,3457.2,1.0,1.0
2025-06-08 13:00,909.0,38.8,3.1,3353.8,1.0,1.0
2025-06-08 14:00,819.0,39.8,4.2,3099.7,1.0,1.0
2025-06-08 15:00,641.0,40.1,3.2,2383.9,1.0,1.0
2025-06-08 16:00,416.0,39.8,3.5,1629.4,1.0,1.0
2025-06-08 17:00,217.0,38.8,2.8,852.0,1.0,1.0
2025-06-08 18:00,22.0,37.2,3.4,89.2,1.0,1.0
2025-06-08 19:00,0.0,35.1,2.4,0.0,1.0,1.0
2025-06-08 20:00,0.0,32.7,2.6,0.0,1.0,1.0
2025-06-08 21:00,0.0,30.1,2.0,0.0,1.0,1.0
2025-06-08 22:00,0.0,27.5,1.4,0.0,1.0,1.0
2025-06-08 23:00,0.0,25.1,1.8,0.0,1.0,1.0
2025-06-09 00:00,0.0,13.5,2.3,0.0,1.0,1.0
2025-06-09 01:00,0.0,11.9,1.9,0.0,1.0,1.0
2025-06-09 02:00,0.0,10.9,2.6,0.0,1.0,1.0
2025-06-09 03:00,0.0,10.6,1.9,0.0,1.0,1.0
2025-06-09 04:00,0.0,10.9,1.3,0.0,1.0,1.0
2025-06-09 05:00,20.0,11.9,2.0,87.9,1.0,1.0
2025-06-09 06:00,227.0,13.5,3.8,986.4,1.0,1.0
2025-06-09 07:00,428.0,15.6,1.8,1797.5,1.0,1.0
2025-06-09 08:00,650.0,18.0,2.2,2678.6,1.0,1.0
2025-06-09 09:00,775.0,20.6,1.5,3159.0,1.0,1.0
2025-06-09 10:00,953.0,23.2,2.6,3717.2,1.0,1.0
2025-06-09 11:00,995.0,25.6,3.7,3805.9,1.0,1.0
2025-06-09 12:00,911.0,27.6,4.0,3414.8,1.0,1.0
2025-06-09 13:00,934.0,29.2,3.7,3617.3,1.0,1.0
2025-06-09 14:00,788.0,30.2,4.1,3094.4,1.0,1.0
2025-06-09 15:00,633.0,30.6,3.7,2458.9,1.0,1.0
2025-06-09 16:00,451.0,30.2,3.3,1849.4,1.0,1.0
2025-06-09 17:00,227.0,29.2,3.3,922.8,1.0,1.0
2025-06-09 18:00,19.0,27.6,4.6,80.3,1.0,1.0
2025-06-09 19:00,0.0,25.6,3.5,0.0,1.0,1.0
2025-06-09 20:00,0.0,23.2,3.3,0.0,1.0,1.0
2025-06-09 21:00,0.0,20.6,2.4,0.0,1.0,1.0
2025-06-09 22:00,0.0,18.0,3.2,0.0,1.0,1.0
2025-06-09 23:00,0.0,15.6,2.1,0.0,1.0,1.0
2025-06-10 00:00,0.0,22.1,2.6,0.0,1.0,1.0
2025-06-10 01:00,0.0,20.5,2.4,0.0,1.0,1.0
2025-06-10 02:00,0.0,19.5,2.1,0.0,1.0,1.0
2025-06-10 03:00,0.0,19.2,1.8,0.0,1.0,1.0
2025-06-10 04:00,0.0,19.5,1.4,0.0,1.0,1.0
2025-06-10 05:00,25.0,20.5,2.0,105.9,1.0,1.0
2025-06-10 06:00,227.0,22.1,2.1,954.8,1.0,1.0
2025-06-10 07:00,437.0,24.2,1.8,1764.5,1.0,1.0
2025-06-10 08:00,626.0,26.6,1.7,2512.8,1.0,1.0
2025-06-10 09:00,779.0,29.2,2.6,3040.5,1.0,1.0
2025-06-10 10:00,894.0,31.8,2.5,3381.9,1.0,1.0
2025-06-10 11:00,1015.0,34.2,2.5,3793.0,1.0,1.0
2025-06-10 12:00,972.0,36.3,3.8,3628.7,1.0,1.0
2025-06-10 13:00,861.0,37.8,3.6,3182.8,1.0,1.0
2025-06-10 14:00,743.0,38.8,3.7,2797.2,1.0,1.0
2025-06-10 15:00,620.0,39.2,2.7,2318.7,1.0,1.0
2025-06-10 16:00,422.0,38.8,3.7,1611.5,1.0,1.0
2025-06-10 17:00,226.0,37.8,3.5,890.9,1.0,1.0
2025-06-10 18:00,24.0,36.3,2.9,96.9,1.0,1.0
2025-06-10 19:00,0.0,34.2,4.2,0.0,1.0,1.0
2025-06-10 20:00,0.0,31.8,2.0,0.0,1.0,1.0
2025-06-10 21:00,0.0,29.2,1.4,0.0,1.0,1.0
2025-06-10 22:00,0.0,26.6,1.8,0.0,1.0,1.0
2025-06-10 23:00,0.0,24.2,1.5,0.0,1.0,1.0
2025-06-11 00:00,0.0,22.4,2.6,0.0,1.0,1.0
2025-06-11 01:00,0.0,20.9,1.8,0.0,1.0,1.0
2025-06-11 02:00,0.0,19.9,2.1,0.0,1.0,1.0
2025-06-11 03:00,0.0,19.5,1.2,0.0,1.0,1.0
2025-06-11 04:00,0.0,19.9,1.1,0.0,1.0,1.0
2025-06-11 05:00,22.0,20.9,2.2,96.8,1.0,1.0
2025-06-11 06:00,221.0,22.4,3.0,920.0,1.0,1.0
2025-06-11 07:00,409.0,24.5,2.1,1696.6,1.0,1.0
2025-06-11 08:00,617.0,26.9,1.3,2414.3,1.0,1.0
2025-06-11 09:00,738.0,29.5,2.3,2795.7,1.0,1.0
2025-06-11 10:00,923.0,32.1,2.8,3473.5,1.0,1.0
2025-06-11 11:00,994.0,34.5,2.8,3633.6,1.0,1.0
2025-06-11 12:00,994.0,36.6,3.7,3581.1,1.0,1.0
2025-06-11 13:00,890.0,38.2,3.1,3229.1,1.0,1.0
2025-06-11 14:00,786.0,39.2,3.8,2937.1,1.0,1.0
2025-06-11 15:00,625.0,39.5,2.9,2377.3,1.0,1.0
2025-06-11 16:00,430.0,39.2,4.9,1671.5,1.0,1.0
2025-06-11 17:00,218.0,38.2,3.5,869.3,1.0,1.0
2025-06-11 18:00,25.0,36.6,2.4,100.4,1.0,1.0
2025-06-11 19:00,0.0,34.5,3.3,0.0,1.0,1.0
2025-06-11 20:00,0.0,32.1,2.2,0.0,1.0,1.0
2025-06-11 21:00,0.0,29.5,2.7,0.0,1.0,1.0
2025-06-11 22:00,0.0,26.9,2.0,0.0,1.0,1.0
2025-06-11 23:00,0.0,24.5,2.1,0.0,1.0,1.0
2025-06-12 00:00,0.0,17.7,2.4,0.0,1.0,1.0
2025-06-12 01:00,0.0,16.1,2.2,0.0,1.0,1.0
2025-06-12 02:00,0.0,15.1,2.9,0.0,1.0,1.0
2025-06-12 03:00,0.0,14.7,2.0,0.0,1.0,1.0
2025-06-12 04:00,0.0,15.1,2.3,0.0,1.0,1.0
2025-06-12 05:00,23.0,16.1,1.4,100.1,1.0,1.0
2025-06-12 06:00,222.0,17.7,1.3,926.1,1.0,1.0
2025-06-12 07:00,429.0,19.7,1.9,1759.1,1.0,1.0
2025-06-12 08:00,625.0,22.2,2.1,2547.6,1.0,1.0
2025-06-12 09:00,803.0,24.7,0.8,3125.0,1.0,1.0
2025-06-12 10:00,949.0,27.3,2.4,3675.2,1.0,1.0
2025-06-12 11:00,1005.0,29.7,2.1,3710.7,1.0,1.0
2025-06-12 12:00,945.0,31.8,4.6,3560.3,1.0,1.0
2025-06-12 13:00,945.0,33.4,3.5,3551.1,1.0,1.0
2025-06-12 14:00,833.0,34.4,4.3,3152.6,1.0,1.0
2025-06-12 15:00,643.0,34.7,3.4,2501.1,1.0,1.0
2025-06-12 16:00,427.0,34.4,3.5,1656.3,1.0,1.0
2025-06-12 17:00,222.0,33.4,3.7,883.1,1.0,1.0
2025-06-12 18:00,21.0,31.8,2.0,87.4,1.0,1.0
2025-06-12 19:00,0.0,29.7,3.8,0.0,1.0,1.0
2025-06-12 20:00,0.0,27.3,2.6,0.0,1.0,1.0
2025-06-12 21:00,0.0,24.7,0.8,0.0,1.0,1.0
2025-06-12 22:00,0.0,22.2,1.0,0.0,1.0,1.0
2025-06-12 23:00,0.0,19.7,2.1,0.0,1.0,1.0
2025-06-13 00:00,0.0,20.7,1.4,0.0,1.0,1.0
2025-06-13 01:00,0.0,19.1,1.8,0.0,1.0,1.0
2025-06-13 02:00,0.0,18.1,1.9,0.0,1.0,1.0
2025-06-13 03:00,0.0,17.8,1.2,0.0,1.0,1.0
2025-06-13 04:00,0.0,18.1,1.3,0.0,1.0,1.0
2025-06-13 05:00,24.0,19.1,2.0,102.6,1.0,1.0
2025-06-13 06:00,226.0,20.7,2.0,964.2,1.0,1.0
2025-06-13 07:00,450.0,22.8,1.4,1827.3,1.0,1.0
2025-06-13 08:00,663.0,25.2,2.9,2583.4,1.0,1.0
2025-06-13 09:00,783.0,27.8,1.5,3028.2,1.0,1.0
2025-06-13 10:00,873.0,30.4,1.7,3197.4,1.0,1.0
2025-06-13 11:00,1018.0,32.8,2.8,3762.7,1.0,1.0
2025-06-13 12:00,1018.0,34.9,2.5,3612.9,1.0,1.0
2025-06-13 13:00,915.0,36.4,3.7,3379.8,1.0,1.0
2025-06-13 14:00,833.0,37.4,3.9,3163.6,1.0,1.0
2025-06-13 15:00,648.0,37.8,4.9,2493.5,1.0,1.0
2025-06-13 16:00,455.0,37.4,3.0,1756.0,1.0,1.0
2025-06-13 17:00,221.0,36.4,3.2,897.3,1.0,1.0
2025-06-13 18:00,22.0,34.9,3.8,89.5,1.0,1.0
2025-06-13 19:00,0.0,32.8,1.4,0.0,1.0,1.0
2025-06-13 20:00,0.0,30.4,2.9,0.0,1.0,1.0
2025-06-13 21:00,0.0,27.8,1.6,0.0,1.0,1.0
2025-06-13 22:00,0.0,25.2,1.3,0.0,1.0,1.0
2025-06-13 23:00,0.0,22.8,3.1,0.0,1.0,1.0
2025-06-14 00:00,0.0,14.7,0.9,0.0,1.0,1.0
2025-06-14 01:00,0.0,13.1,3.0,0.0,1.0,1.0
2025-06-14 02:00,0.0,12.1,1.8,0.0,1.0,1.0
2025-06-14 03:00,0.0,11.8,2.2,0.0,1.0,1.0
2025-06-14 04:00,0.0,12.1,2.4,0.0,1.0,1.0
2025-06-14 05:00,23.0,13.1,2.3,101.6,1.0,1.0
2025-06-14 06:00,225.0,14.7,1.9,964.6,1.0,1.0
2025-06-14 07:00,440.0,16.8,1.5,1841.1,1.0,1.0
2025-06-14 08:00,663.0,19.2,1.7,2638.6,1.0,1.0
2025-06-14 09:00,833.0,21.8,1.3,3175.9,1.0,1.0
2025-06-14 10:00,955.0,24.3,2.0,3797.9,1.0,1.0
2025-06-14 11:00,975.0,26.8,3.6,3651.6,1.0,1.0
2025-06-14 12:00,944.0,28.8,2.3,3529.5,1.0,1.0
2025-06-14 13:00,955.0,30.4,4.0,3615.6,1.0,1.0
2025-06-14 14:00,833.0,31.4,3.6,3163.1,1.0,1.0
2025-06-14 15:00,663.0,31.8,2.8,2567.9,1.0,1.0
2025-06-14 16:00,448.0,31.4,3.2,1794.1,1.0,1.0
2025-06-14 17:00,225.0,30.4,3.5,917.7,1.0,1.0
2025-06-14 18:00,21.0,28.8,4.6,87.9,1.0,1.0
2025-06-14 19:00,0.0,26.8,3.7,0.0,1.0,1.0
2025-06-14 20:00,0.0,24.3,2.9,0.0,1.0,1.0
2025-06-14 21:00,0.0,21.8,1.0,0.0,1.0,1.0
2025-06-14 22:00,0.0,19.2,2.6,0.0,1.0,1.0
2025-06-14 23:00,0.0,16.8,2.2,0.0,1.0,1.0
2025-06-15 00:00,0.0,16.9,1.9,0.0,1.0,1.0
2025-06-15 01:00,0.0,15.3,0.8,0.0,1.0,1.0
2025-06-15 02:00,0.0,14.3,2.2,0.0,1.0,1.0
2025-06-15 03:00,0.0,14.0,2.0,0.0,1.0,1.0
2025-06-15 04:00,0.0,14.3,2.0,0.0,1.0,1.0
2025-06-15 05:00,21.0,15.3,2.3,92.3,1.0,1.0
2025-06-15 06:00,221.0,16.9,2.1,938.2,1.0,1.0
2025-06-15 07:00,432.0,19.0,1.8,1771.5,1.0,1.0
2025-06-15 08:00,650.0,21.4,2.5,2644.2,1.0,1.0
2025-06-15 09:00,803.0,24.0,2.0,3171.4,1.0,1.0
2025-06-15 10:00,847.0,26.6,3.5,3300.8,1.0,1.0
2025-06-15 11:00,968.0,29.0,3.3,3701.4,1.0,1.0
2025-06-15 12:00,982.0,31.1,2.1,3679.0,1.0,1.0
2025-06-15 13:00,899.0,32.6,3.4,3408.2,1.0,1.0
2025-06-15 14:00,814.0,33.6,3.7,3085.7,1.0,1.0
2025-06-15 15:00,645.0,34.0,3.2,2521.1,1.0,1.0
2025-06-15 16:00,436.0,33.6,3.8,1707.5,1.0,1.0
2025-06-15 17:00,222.0,32.6,2.3,900.3,1.0,1.0
2025-06-15 18:00,23.0,31.1,3.5,94.0,1.0,1.0
2025-06-15 19:00,0.0,29.0,3.0,0.0,1.0,1.0
2025-06-15 20:00,0.0,26.6,3.0,0.0,1.0,1.0
2025-06-15 21:00,0.0,24.0,1.5,0.0,1.0,1.0
2025-06-15 22:00,0.0,21.4,1.8,0.0,1.0,1.0
2025-06-15 23:00,0.0,19.0,2.6,0.0,1.0,1.0
2025-06-16 00:00,0.0,22.4,1.8,0.0,1.0,1.0
2025-06-16 01:00,0.0,20.8,1.4,0.0,1.0,1.0
2025-06-16 02:00,0.0,19.8,2.2,0.0,1.0,1.0
2025-06-16 03:00,0.0,19.5,3.3,0.0,1.0,1.0
2025-06-16 04:00,0.0,19.8,1.5,0.0,1.0,1.0
2025-06-16 05:00,22.0,20.8,1.6,95.4,1.0,1.0
2025-06-16 06:00,224.0,22.4,2.6,956.3,1.0,1.0
2025-06-16 07:00,434.0,24.5,3.0,1814.4,1.0,1.0
2025-06-16 08:00,627.0,26.9,2.1,2483.0,1.0,1.0
2025-06-16 09:00,792.0,29.5,1.5,2986.3,1.0,1.0
2025-06-16 10:00,918.0,32.1,2.9,3448.5,1.0,1.0
2025-06-16 11:00,962.0,34.5,2.2,3498.6,1.0,1.0
2025-06-16 12:00,970.0,36.6,3.1,3551.2,1.0,1.0
2025-06-16 13:00,944.0,38.1,3.0,3384.3,1.0,1.0
2025-06-16 14:00,766.0,39.1,3.7,2827.5,1.0,1.0
2025-06-16 15:00,625.0,39.5,3.2,2360.3,1.0,1.0
2025-06-16 16:00,420.0,39.1,2.6,1643.5,1.0,1.0
2025-06-16 17:00,223.0,38.1,3.8,883.9,1.0,1.0
2025-06-16 18:00,26.0,36.6,2.6,104.0,1.0,1.0
2025-06-16 19:00,0.0,34.5,2.5,0.0,1.0,1.0
2025-06-16 20:00,0.0,32.1,3.1,0.0,1.0,1.0
2025-06-16 21:00,0.0,29.5,2.7,0.0,1.0,1.0
2025-06-16 22:00,0.0,26.9,2.7,0.0,1.0,1.0
2025-06-16 23:00,0.0,24.5,1.5,0.0,1.0,1.0
2025-06-17 00:00,0.0,19.5,2.1,0.0,1.0,1.0
2025-06-17 01:00,0.0,17.9,1.9,0.0,1.0,1.0
2025-06-17 02:00,0.0,16.9,1.4,0.0,1.0,1.0
2025-06-17 03:00,0.0,16.6,1.4,0.0,1.0,1.0
2025-06-17 04:00,0.0,16.9,1.3,0.0,1.0,1.0
2025-06-17 05:00,22.0,17.9,2.0,95.1,1.0,1.0
2025-06-17 06:00,229.0,19.5,1.3,982.7,1.0,1.0
2025-06-17 07:00,440.0,21.6,1.6,1847.3,1.0,1.0
2025-06-17 08:00,656.0,24.0,1.9,2597.1,1.0,1.0
2025-06-17 09:00,822.0,26.6,2.1,3156.2,1.0,1.0
2025-06-17 10:00,955.0,29.1,1.7,3641.7,1.0,1.0
2025-06-17 11:00,1005.0,31.6,2.0,3697.4,1.0,1.0
2025-06-17 12:00,984.0,33.6,2.7,3651.0,1.0,1.0
2025-06-17 13:00,955.0,35.2,2.6,3485.0,1.0,1.0
2025-06-17 14:00,829.0,36.2,4.1,3107.4,1.0,1.0
2025-06-17 15:00,646.0,36.6,3.8,2472.1,1.0,1.0
2025-06-17 16:00,449.0,36.2,2.9,1773.3,1.0,1.0
2025-06-17 17:00,229.0,35.2,3.2,926.8,1.0,1.0
2025-06-17 18:00,23.0,33.6,3.6,92.7,1.0,1.0
2025-06-17 19:00,0.0,31.6,2.7,0.0,1.0,1.0
2025-06-17 20:00,0.0,29.1,3.2,0.0,1.0,1.0
2025-06-17 21:00,0.0,26.6,1.1,0.0,1.0,1.0
2025-06-17 22:00,0.0,24.0,1.4,0.0,1.0,1.0
2025-06-17 23:00,0.0,21.6,2.1,0.0,1.0,1.0
2025-06-18 00:00,0.0,17.9,1.7,0.0,1.0,1.0
2025-06-18 01:00,0.0,16.3,3.0,0.0,1.0,1.0
2025-06-18 02:00,0.0,15.3,1.9,0.0,1.0,1.0
2025-06-18 03:00,0.0,14.9,1.9,0.0,1.0,1.0
2025-06-18 04:00,0.0,15.3,3.3,0.0,1.0,1.0
2025-06-18 05:00,27.0,16.3,1.5,119.2,1.0,1.0
2025-06-18 06:00,222.0,17.9,1.5,947.4,1.0,1.0
2025-06-18 07:00,414.0,19.9,1.4,1713.1,1.0,1.0
2025-06-18 08:00,628.0,22.4,1.9,2593.2,1.0,1.0
2025-06-18 09:00,739.0,24.9,1.7,2910.8,1.0,1.0
2025-06-18 10:00,917.0,27.5,2.6,3571.5,1.0,1.0
2025-06-18 11:00,968.0,29.9,3.5,3737.8,1.0,1.0
2025-06-18 12:00,941.0,32.0,3.5,3540.6,1.0,1.0
2025-06-18 13:00,898.0,33.6,4.3,3392.9,1.0,1.0
2025-06-18 14:00,799.0,34.6,3.5,3072.5,1.0,1.0
2025-06-18 15:00,645.0,34.9,2.8,2481.1,1.0,1.0
2025-06-18 16:00,448.0,34.6,3.2,1754.4,1.0,1.0
2025-06-18 17:00,216.0,33.6,2.8,868.0,1.0,1.0
2025-06-18 18:00,28.0,32.0,3.5,117.0,1.0,1.0
2025-06-18 19:00,0.0,29.9,3.7,0.0,1.0,1.0
2025-06-18 20:00,0.0,27.5,3.3,0.0,1.0,1.0
2025-06-18 21:00,0.0,24.9,2.2,0.0,1.0,1.0
2025-06-18 22:00,0.0,22.4,1.1,0.0,1.0,1.0
2025-06-18 23:00,0.0,19.9,0.8,0.0,1.0,1.0
2025-06-19 00:00,0.0,23.4,1.7,0.0,1.0,1.0
2025-06-19 01:00,0.0,21.8,1.5,0.0,1.0,1.0
2025-06-19 02:00,0.0,20.8,2.8,0.0,1.0,1.0
2025-06-19 03:00,0.0,20.5,2.6,0.0,1.0,1.0
2025-06-19 04:00,0.0,20.8,1.8,0.0,1.0,1.0
2025-06-19 05:00,22.0,21.8,1.8,94.7,1.0,1.0
2025-06-19 06:00,225.0,23.4,1.0,927.9,1.0,1.0
2025-06-19 07:00,454.0,25.5,2.8,1856.9,1.0,1.0
2025-06-19 08:00,624.0,27.9,2.1,2383.1,1.0,1.0
2025-06-19 09:00,812.0,30.5,1.1,3040.3,1.0,1.0
2025-06-19 10:00,923.0,33.1,3.3,3420.9,1.0,1.0
2025-06-19 11:00,986.0,35.5,2.9,3651.0,1.0,1.0
2025-06-19 12:00,995.0,37.6,2.7,3558.9,1.0,1.0
2025-06-19 13:00,905.0,39.2,3.3,3335.6,1.0,1.0
2025-06-19 14:00,825.0,40.2,3.5,3063.5,1.0,1.0
2025-06-19 15:00,651.0,40.5,2.7,2470.1,1.0,1.0
2025-06-19 16:00,433.0,40.2,3.0,1646.7,1.0,1.0
2025-06-19 17:00,223.0,39.2,2.6,882.9,1.0,1.0
2025-06-19 18:00,22.0,37.6,2.4,90.0,1.0,1.0
2025-06-19 19:00,0.0,35.5,2.8,0.0,1.0,1.0
2025-06-19 20:00,0.0,33.1,2.2,0.0,1.0,1.0
2025-06-19 21:00,0.0,30.5,2.4,0.0,1.0,1.0
2025-06-19 22:00,0.0,27.9,1.8,0.0,1.0,1.0
2025-06-19 23:00,0.0,25.5,1.8,0.0,1.0,1.0
2025-06-20 00:00,0.0,18.7,1.7,0.0,1.0,1.0
2025-06-20 01:00,0.0,17.1,1.5,0.0,1.0,1.0
2025-06-20 02:00,0.0,16.1,1.2,0.0,1.0,1.0
2025-06-20 03:00,0.0,15.7,1.8,0.0,1.0,1.0
2025-06-20 04:00,0.0,16.1,2.8,0.0,1.0,1.0
2025-06-20 05:00,22.0,17.1,1.1,94.5,1.0,1.0
2025-06-20 06:00,224.0,18.7,2.6,948.4,1.0,1.0
2025-06-20 07:00,429.0,20.7,2.6,1755.9,1.0,1.0
2025-06-20 08:00,642.0,23.2,1.8,2562.6,1.0,1.0
2025-06-20 09:00,795.0,25.7,2.5,3047.2,1.0,1.0
2025-06-20 10:00,887.0,28.3,2.2,3435.1,1.0,1.0
2025-06-20 11:00,982.0,30.7,2.5,3657.1,1.0,1.0
2025-06-20 12:00,948.0,32.8,3.3,3541.1,1.0,1.0
2025-06-20 13:00,929.0,34.4,3.9,3449.9,1.0,1.0
2025-06-20 14:00,800.0,35.4,3.1,3056.7,1.0,1.0
2025-06-20 15:00,610.0,35.7,2.8,2294.4,1.0,1.0
2025-06-20 16:00,448.0,35.4,1.7,1764.7,1.0,1.0
2025-06-20 17:00,221.0,34.4,4.0,906.0,1.0,1.0
2025-06-20 18:00,26.0,32.8,2.2,106.7,1.0,1.0
2025-06-20 19:00,0.0,30.7,3.0,0.0,1.0,1.0
2025-06-20 20:00,0.0,28.3,1.7,0.0,1.0,1.0
2025-06-20 21:00,0.0,25.7,1.6,0.0,1.0,1.0
2025-06-20 22:00,0.0,23.2,2.2,0.0,1.0,1.0
2025-06-20 23:00,0.0,20.7,1.7,0.0,1.0,1.0
2025-06-21 00:00,0.0,21.7,2.0,0.0,1.0,1.0
2025-06-21 01:00,0.0,20.1,2.3,0.0,1.0,1.0
2025-06-21 02:00,0.0,19.1,2.4,0.0,1.0,1.0
2025-06-21 03:00,0.0,18.8,1.9,0.0,1.0,1.0
2025-06-21 04:00,0.0,19.1,2.1,0.0,1.0,1.0
2025-06-21 05:00,21.0,20.1,1.3,89.0,1.0,1.0
2025-06-21 06:00,230.0,21.7,2.2,952.4,1.0,1.0
2025-06-21 07:00,442.0,23.8,1.9,1764.2,1.0,1.0
2025-06-21 08:00,656.0,26.2,1.9,2630.7,1.0,1.0
2025-06-21 09:00,816.0,28.8,2.5,3088.5,1.0,1.0
2025-06-21 10:00,955.0,31.4,1.6,3513.8,1.0,1.0
2025-06-21 11:00,970.0,33.8,2.2,3539.8,1.0,1.0
2025-06-21 12:00,1017.0,35.8,2.8,3704.9,1.0,1.0
2025-06-21 13:00,955.0,37.4,3.3,3509.6,1.0,1.0
2025-06-21 14:00,826.0,38.4,3.7,3061.9,1.0,1.0
2025-06-21 15:00,663.0,38.8,3.7,2478.3,1.0,1.0
2025-06-21 16:00,450.0,38.4,4.2,1753.9,1.0,1.0
2025-06-21 17:00,229.0,37.4,3.5,904.5,1.0,1.0
2025-06-21 18:00,19.0,35.8,3.9,78.8,1.0,1.0
2025-06-21 19:00,0.0,33.8,2.4,0.0,1.0,1.0
2025-06-21 20:00,0.0,31.4,1.9,0.0,1.0,1.0
2025-06-21 21:00,0.0,28.8,3.3,0.0,1.0,1.0
2025-06-21 22:00,0.0,26.2,0.7,0.0,1.0,1.0
2025-06-21 23:00,0.0,23.8,2.4,0.0,1.0,1.0
2025-06-22 00:00,0.0,19.2,2.3,0.0,1.0,1.0
2025-06-22 01:00,0.0,17.6,2.2,0.0,1.0,1.0
2025-06-22 02:00,0.0,16.6,0.6,0.0,1.0,1.0
2025-06-22 03:00,0.0,16.3,2.4,0.0,1.0,1.0
2025-06-22 04:00,0.0,16.6,1.9,0.0,1.0,1.0
2025-06-22 05:00,24.0,17.6,3.0,105.4,1.0,1.0
2025-06-22 06:00,219.0,19.2,1.6,933.3,1.0,1.0
2025-06-22 07:00,452.0,21.3,1.7,1867.6,1.0,1.0
2025-06-22 08:00,632.0,23.7,1.5,2545.4,1.0,1.0
2025-06-22 09:00,786.0,26.3,1.9,3007.8,1.0,1.0
2025-06-22 10:00,955.0,28.9,3.2,3590.9,1.0,1.0
2025-06-22 11:00,1017.0,31.3,2.5,3854.3,1.0,1.0
2025-06-22 12:00,975.0,33.4,2.5,3535.0,1.0,1.0
2025-06-22 13:00,912.0,34.9,3.7,3437.4,1.0,1.0
2025-06-22 14:00,807.0,35.9,2.9,3005.8,1.0,1.0
2025-06-22 15:00,651.0,36.3,3.3,2482.8,1.0,1.0
2025-06-22 16:00,425.0,35.9,3.6,1676.7,1.0,1.0
2025-06-22 17:00,228.0,34.9,2.9,901.9,1.0,1.0
2025-06-22 18:00,22.0,33.4,3.9,89.1,1.0,1.0
2025-06-22 19:00,0.0,31.3,1.4,0.0,1.0,1.0
2025-06-22 20:00,0.0,28.9,3.8,0.0,1.0,1.0
2025-06-22 21:00,0.0,26.3,3.2,0.0,1.0,1.0
2025-06-22 22:00,0.0,23.7,2.3,0.0,1.0,1.0
2025-06-22 23:00,0.0,21.3,2.7,0.0,1.0,1.0
2025-06-23 00:00,0.0,18.9,3.3,0.0,1.0,1.0
2025-06-23 01:00,0.0,17.3,2.1,0.0,1.0,1.0
2025-06-23 02:00,0.0,16.3,2.0,0.0,1.0,1.0
2025-06-23 03:00,0.0,16.0,3.0,0.0,1.0,1.0
2025-06-23 04:00,0.0,16.3,1.8,0.0,1.0,1.0
2025-06-23 05:00,24.0,17.3,1.9,104.4,1.0,1.0
2025-06-23 06:00,214.0,18.9,2.3,911.5,1.0,1.0
2025-06-23 07:00,447.0,21.0,2.5,1844.5,1.0,1.0
2025-06-23 08:00,594.0,23.4,1.7,2400.0,1.0,1.0
2025-06-23 09:00,803.0,26.0,2.2,3117.6,1.0,1.0
2025-06-23 10:00,884.0,28.6,3.0,3406.1,1.0,1.0
2025-06-23 11:00,941.0,31.0,3.3,3554.5,1.0,1.0
2025-06-23 12:00,971.0,33.1,4.4,3691.3,1.0,1.0
2025-06-23 13:00,923.0,34.6,2.6,3381.9,1.0,1.0
2025-06-23 14:00,796.0,35.6,3.0,2998.3,1.0,1.0
2025-06-23 15:00,619.0,36.0,5.0,2374.0,1.0,1.0
2025-06-23 16:00,427.0,35.6,2.8,1636.7,1.0,1.0
2025-06-23 17:00,220.0,34.6,3.6,886.1,1.0,1.0
2025-06-23 18:00,25.0,33.1,2.6,103.1,1.0,1.0
2025-06-23 19:00,0.0,31.0,2.2,0.0,1.0,1.0
2025-06-23 20:00,0.0,28.6,3.0,0.0,1.0,1.0
2025-06-23 21:00,0.0,26.0,1.9,0.0,1.0,1.0
2025-06-23 22:00,0.0,23.4,2.5,0.0,1.0,1.0
2025-06-23 23:00,0.0,21.0,1.7,0.0,1.0,1.0
2025-06-24 00:00,0.0,21.5,2.5,0.0,1.0,1.0
2025-06-24 01:00,0.0,19.9,1.2,0.0,1.0,1.0
2025-06-24 02:00,0.0,18.9,1.0,0.0,1.0,1.0
2025-06-24 03:00,0.0,18.6,2.0,0.0,1.0,1.0
2025-06-24 04:00,0.0,18.9,2.9,0.0,1.0,1.0
2025-06-24 05:00,23.0,19.9,2.8,96.8,1.0,1.0
2025-06-24 06:00,229.0,21.5,1.8,961.3,1.0,1.0
2025-06-24 07:00,440.0,23.6,2.7,1801.9,1.0,1.0
2025-06-24 08:00,626.0,26.0,3.2,2474.5,1.0,1.0
2025-06-24 09:00,832.0,28.6,1.5,3193.1,1.0,1.0
2025-06-24 10:00,955.0,31.2,3.1,3646.0,1.0,1.0
2025-06-24 11:00,1017.0,33.6,3.3,3692.6,1.0,1.0
2025-06-24 12:00,1005.0,35.6,2.6,3672.4,1.0,1.0
2025-06-24 13:00,955.0,37.2,3.9,3517.5,1.0,1.0
2025-06-24 14:00,767.0,38.2,3.5,2868.4,1.0,1.0
2025-06-24 15:00,663.0,38.6,2.8,2503.0,1.0,1.0
2025-06-24 16:00,456.0,38.2,3.4,1782.0,1.0,1.0
2025-06-24 17:00,226.0,37.2,2.4,905.7,1.0,1.0
2025-06-24 18:00,26.0,35.6,2.2,104.4,1.0,1.0
2025-06-24 19:00,0.0,33.6,2.4,0.0,1.0,1.0
2025-06-24 20:00,0.0,31.2,2.1,0.0,1.0,1.0
2025-06-24 21:00,0.0,28.6,2.3,0.0,1.0,1.0
2025-06-24 22:00,0.0,26.0,1.7,0.0,1.0,1.0
2025-06-24 23:00,0.0,23.6,2.5,0.0,1.0,1.0
2025-06-25 00:00,0.0,15.6,0.8,0.0,1.0,1.0
2025-06-25 01:00,0.0,14.0,1.9,0.0,1.0,1.0
2025-06-25 02:00,0.0,13.0,2.1,0.0,1.0,1.0
2025-06-25 03:00,0.0,12.7,3.0,0.0,1.0,1.0
2025-06-25 04:00,0.0,13.0,2.0,0.0,1.0,1.0
2025-06-25 05:00,23.0,14.0,1.2,99.6,1.0,1.0
2025-06-25 06:00,225.0,15.6,1.7,956.1,1.0,1.0
2025-06-25 07:00,421.0,17.7,1.8,1802.6,1.0,1.0
2025-06-25 08:00,601.0,20.1,1.5,2436.4,1.0,1.0
2025-06-25 09:00,813.0,22.7,2.4,3259.4,1.0,1.0
2025-06-25 10:00,862.0,25.3,2.6,3287.3,1.0,1.0
2025-06-25 11:00,899.0,27.7,3.0,3369.2,1.0,1.0
2025-06-25 12:00,994.0,29.8,3.8,3745.2,1.0,1.0
2025-06-25 13:00,882.0,31.4,3.7,3366.4,1.0,1.0
2025-06-25 14:00,776.0,32.4,3.0,2874.1,1.0,1.0
2025-06-25 15:00,633.0,32.7,3.1,2426.5,1.0,1.0
2025-06-25 16:00,436.0,32.4,4.1,1706.6,1.0,1.0
2025-06-25 17:00,222.0,31.4,4.1,898.6,1.0,1.0
2025-06-25 18:00,22.0,29.8,3.3,90.7,1.0,1.0
2025-06-25 19:00,0.0,27.7,2.6,0.0,1.0,1.0
2025-06-25 20:00,0.0,25.3,1.5,0.0,1.0,1.0
2025-06-25 21:00,0.0,22.7,1.6,0.0,1.0,1.0
2025-06-25 22:00,0.0,20.1,3.1,0.0,1.0,1.0
2025-06-25 23:00,0.0,17.7,2.5,0.0,1.0,1.0
2025-06-26 00:00,0.0,19.7,2.0,0.0,1.0,1.0
2025-06-26 01:00,0.0,18.1,1.9,0.0,1.0,1.0
2025-06-26 02:00,0.0,17.1,1.9,0.0,1.0,1.0
2025-06-26 03:00,0.0,16.8,2.6,0.0,1.0,1.0
2025-06-26 04:00,0.0,17.1,2.4,0.0,1.0,1.0
2025-06-26 05:00,19.0,18.1,2.9,82.7,1.0,1.0
2025-06-26 06:00,222.0,19.7,2.1,920.7,1.0,1.0
2025-06-26 07:00,456.0,21.8,1.3,1865.9,1.0,1.0
2025-06-26 08:00,663.0,24.2,1.3,2603.4,1.0,1.0
2025-06-26 09:00,814.0,26.8,2.1,3133.8,1.0,1.0
2025-06-26 10:00,955.0,29.4,1.0,3532.9,1.0,1.0
2025-06-26 11:00,998.0,31.8,2.8,3698.0,1.0,1.0
2025-06-26 12:00,991.0,33.8,3.4,3635.0,1.0,1.0
2025-06-26 13:00,884.0,35.4,3.3,3326.5,1.0,1.0
2025-06-26 14:00,834.0,36.4,3.8,3065.8,1.0,1.0
2025-06-26 15:00,663.0,36.8,4.4,2497.7,1.0,1.0
2025-06-26 16:00,456.0,36.4,3.3,1774.0,1.0,1.0
2025-06-26 17:00,227.0,35.4,2.9,921.4,1.0,1.0
2025-06-26 18:00,19.0,33.8,2.9,77.1,1.0,1.0
2025-06-26 19:00,0.0,31.8,2.3,0.0,1.0,1.0
2025-06-26 20:00,0.0,29.4,2.0,0.0,1.0,1.0
2025-06-26 21:00,0.0,26.8,1.8,0.0,1.0,1.0
2025-06-26 22:00,0.0,24.2,2.1,0.0,1.0,1.0
2025-06-26 23:00,0.0,21.8,1.2,0.0,1.0,1.0
2025-06-27 00:00,0.0,19.2,3.5,0.0,1.0,1.0
2025-06-27 01:00,0.0,17.6,2.7,0.0,1.0,1.0
2025-06-27 02:00,0.0,16.6,2.0,0.0,1.0,1.0
2025-06-27 03:00,0.0,16.3,3.1,0.0,1.0,1.0
2025-06-27 04:00,0.0,16.6,2.4,0.0,1.0,1.0
2025-06-27 05:00,25.0,17.6,2.1,105.9,1.0,1.0
2025-06-27 06:00,228.0,19.2,2.9,973.6,1.0,1.0
2025-06-27 07:00,455.0,21.3,2.3,1874.4,1.0,1.0
2025-06-27 08:00,663.0,23.7,2.3,2612.0,1.0,1.0
2025-06-27 09:00,834.0,26.3,2.4,3184.5,1.0,1.0
2025-06-27 10:00,942.0,28.9,2.5,3517.3,1.0,1.0
2025-06-27 11:00,1001.0,31.3,1.9,3655.4,1.0,1.0
2025-06-27 12:00,1006.0,33.4,4.1,3756.4,1.0,1.0
2025-06-27 13:00,955.0,35.0,2.7,3467.0,1.0,1.0
2025-06-27 14:00,834.0,36.0,2.3,3080.7,1.0,1.0
2025-06-27 15:00,658.0,36.3,3.9,2493.4,1.0,1.0
2025-06-27 16:00,440.0,36.0,3.2,1737.4,1.0,1.0
2025-06-27 17:00,229.0,35.0,3.5,934.4,1.0,1.0
2025-06-27 18:00,19.0,33.4,4.1,79.4,1.0,1.0
2025-06-27 19:00,0.0,31.3,2.9,0.0,1.0,1.0
2025-06-27 20:00,0.0,28.9,1.3,0.0,1.0,1.0
2025-06-27 21:00,0.0,26.3,1.8,0.0,1.0,1.0
2025-06-27 22:00,0.0,23.7,2.7,0.0,1.0,1.0
2025-06-27 23:00,0.0,21.3,2.8,0.0,1.0,1.0
2025-06-28 00:00,0.0,16.9,1.9,0.0,1.0,1.0
2025-06-28 01:00,0.0,15.3,2.0,0.0,1.0,1.0
2025-06-28 02:00,0.0,14.3,2.5,0.0,1.0,1.0
2025-06-28 03:00,0.0,14.0,1.1,0.0,1.0,1.0
2025-06-28 04:00,0.0,14.3,2.3,0.0,1.0,1.0
2025-06-28 05:00,19.0,15.3,3.1,82.1,1.0,1.0
2025-06-28 06:00,224.0,16.9,1.7,926.9,1.0,1.0
2025-06-28 07:00,443.0,19.0,3.1,1784.3,1.0,1.0
2025-06-28 08:00,653.0,21.4,2.5,2633.0,1.0,1.0
2025-06-28 09:00,833.0,24.0,1.1,3268.6,1.0,1.0
2025-06-28 10:00,952.0,26.6,4.0,3627.1,1.0,1.0
2025-06-28 11:00,1002.0,29.0,3.3,3727.6,1.0,1.0
2025-06-28 12:00,980.0,31.1,3.0,3658.7,1.0,1.0
2025-06-28 13:00,955.0,32.7,2.5,3546.9,1.0,1.0
2025-06-28 14:00,804.0,33.7,3.2,3011.7,1.0,1.0
2025-06-28 15:00,647.0,34.0,4.3,2494.9,1.0,1.0
2025-06-28 16:00,444.0,33.7,2.2,1733.5,1.0,1.0
2025-06-28 17:00,229.0,32.7,3.6,907.8,1.0,1.0
2025-06-28 18:00,21.0,31.1,3.6,86.6,1.0,1.0
2025-06-28 19:00,0.0,29.0,3.4,0.0,1.0,1.0
2025-06-28 20:00,0.0,26.6,2.9,0.0,1.0,1.0
2025-06-28 21:00,0.0,24.0,2.0,0.0,1.0,1.0
2025-06-28 22:00,0.0,21.4,2.2,0.0,1.0,1.0
2025-06-28 23:00,0.0,19.0,2.9,0.0,1.0,1.0
2025-06-29 00:00,0.0,19.3,2.1,0.0,1.0,1.0
2025-06-29 01:00,0.0,17.7,1.7,0.0,1.0,1.0
2025-06-29 02:00,0.0,16.7,2.2,0.0,1.0,1.0
2025-06-29 03:00,0.0,16.4,2.2,0.0,1.0,1.0
2025-06-29 04:00,0.0,16.7,3.6,0.0,1.0,1.0
2025-06-29 05:00,18.0,17.7,1.9,80.2,1.0,1.0
2025-06-29 06:00,229.0,19.3,1.5,963.8,1.0,1.0
2025-06-29 07:00,455.0,21.4,1.8,1829.2,1.0,1.0
2025-06-29 08:00,656.0,23.8,1.6,2566.1,1.0,1.0
2025-06-29 09:00,803.0,26.4,2.0,3061.2,1.0,1.0
2025-06-29 10:00,955.0,28.9,1.7,3597.7,1.0,1.0
2025-06-29 11:00,994.0,31.4,1.8,3701.2,1.0,1.0
2025-06-29 12:00,1005.0,33.4,3.7,3623.9,1.0,1.0
2025-06-29 13:00,955.0,35.0,2.8,3503.4,1.0,1.0
2025-06-29 14:00,795.0,36.0,3.4,2957.1,1.0,1.0
2025-06-29 15:00,643.0,36.4,2.8,2457.8,1.0,1.0
2025-06-29 16:00,443.0,36.0,2.7,1712.1,1.0,1.0
2025-06-29 17:00,227.0,35.0,3.7,899.3,1.0,1.0
2025-06-29 18:00,18.0,33.4,4.2,73.7,1.0,1.0
2025-06-29 19:00,0.0,31.4,2.0,0.0,1.0,1.0
2025-06-29 20:00,0.0,28.9,2.5,0.0,1.0,1.0
2025-06-29 21:00,0.0,26.4,1.0,0.0,1.0,1.0
2025-06-29 22:00,0.0,23.8,2.2,0.0,1.0,1.0
2025-06-29 23:00,0.0,21.4,2.3,0.0,1.0,1.0
2025-06-30 00:00,0.0,18.4,2.2,0.0,1.0,1.0
2025-06-30 01:00,0.0,16.8,2.5,0.0,1.0,1.0
2025-06-30 02:00,0.0,15.8,1.3,0.0,1.0,1.0
2025-06-30 03:00,0.0,15.5,2.9,0.0,1.0,1.0
2025-06-30 04:00,0.0,15.8,2.2,0.0,1.0,1.0
2025-06-30 05:00,20.0,16.8,3.2,84.8,1.0,1.0
2025-06-30 06:00,228.0,18.4,2.3,947.1,1.0,1.0
2025-06-30 07:00,447.0,20.5,3.1,1793.5,1.0,1.0
2025-06-30 08:00,646.0,22.9,2.4,2543.8,1.0,1.0
2025-06-30 09:00,824.0,25.5,1.8,3160.5,1.0,1.0
2025-06-30 10:00,955.0,28.1,2.0,3610.3,1.0,1.0
2025-06-30 11:00,1001.0,30.5,2.9,3719.0,1.0,1.0
2025-06-30 12:00,1018.0,32.6,3.6,3821.4,1.0,1.0
2025-06-30 13:00,906.0,34.2,3.4,3377.1,1.0,1.0
2025-06-30 14:00,833.0,35.2,3.4,3115.6,1.0,1.0
2025-06-30 15:00,663.0,35.5,4.3,2532.8,1.0,1.0
2025-06-30 16:00,444.0,35.2,4.2,1746.7,1.0,1.0
2025-06-30 17:00,228.0,34.2,3.2,915.6,1.0,1.0
2025-06-30 18:00,19.0,32.6,3.8,79.3,1.0,1.0
2025-06-30 19:00,0.0,30.5,2.2,0.0,1.0,1.0
2025-06-30 20:00,0.0,28.1,3.1,0.0,1.0,1.0
2025-06-30 21:00,0.0,25.5,2.1,0.0,1.0,1.0
2025-06-30 22:00,0.0,22.9,0.8,0.0,1.0,1.0
2025-06-30 23:00,0.0,20.5,2.0,0.0,1.0,1.0
2025-07-01 00:00,0.0,20.7,1.2,0.0,1.0,1.0
2025-07-01 01:00,0.0,19.1,1.1,0.0,1.0,1.0
2025-07-01 02:00,0.0,18.1,1.8,0.0,1.0,1.0
2025-07-01 03:00,0.0,17.8,2.6,0.0,1.0,1.0
2025-07-01 04:00,0.0,18.1,0.3,0.0,1.0,1.0
2025-07-01 05:00,22.0,19.1,1.8,94.3,1.0,1.0
2025-07-01 06:00,228.0,20.7,2.8,961.2,1.0,1.0
2025-07-01 07:00,441.0,22.8,2.4,1806.5,1.0,1.0
2025-07-01 08:00,630.0,25.2,2.0,2484.1,1.0,1.0
2025-07-01 09:00,815.0,27.8,1.6,3096.6,1.0,1.0
2025-07-01 10:00,900.0,30.4,2.5,3415.9,1.0,1.0
2025-07-01 11:00,951.0,32.8,1.6,3489.7,1.0,1.0
2025-07-01 12:00,945.0,34.9,2.7,3478.9,1.0,1.0
2025-07-01 13:00,942.0,36.4,2.8,3417.1,1.0,1.0
2025-07-01 14:00,833.0,37.4,3.7,3062.1,1.0,1.0
2025-07-01 15:00,655.0,37.8,2.4,2420.1,1.0,1.0
2025-07-01 16:00,421.0,37.4,3.7,1640.0,1.0,1.0
2025-07-01 17:00,220.0,36.4,3.7,864.8,1.0,1.0
2025-07-01 18:00,20.0,34.9,2.6,82.3,1.0,1.0
2025-07-01 19:00,0.0,32.8,3.0,0.0,1.0,1.0
2025-07-01 20:00,0.0,30.4,3.0,0.0,1.0,1.0
2025-07-01 21:00,0.0,27.8,1.6,0.0,1.0,1.0
2025-07-01 22:00,0.0,25.2,2.3,0.0,1.0,1.0
2025-07-01 23:00,0.0,22.8,2.2,0.0,1.0,1.0
2025-07-02 00:00,0.0,23.6,1.0,0.0,1.0,1.0
2025-07-02 01:00,0.0,22.0,2.0,0.0,1.0,1.0
2025-07-02 02:00,0.0,21.0,1.7,0.0,1.0,1.0
2025-07-02 03:00,0.0,20.7,2.5,0.0,1.0,1.0
2025-07-02 04:00,0.0,21.0,1.9,0.0,1.0,1.0
2025-07-02 05:00,19.0,22.0,1.1,80.6,1.0,1.0
2025-07-02 06:00,225.0,23.6,0.8,930.4,1.0,1.0
2025-07-02 07:00,454.0,25.7,2.5,1820.6,1.0,1.0
2025-07-02 08:00,652.0,28.1,1.1,2512.9,1.0,1.0
2025-07-02 09:00,786.0,30.7,1.7,2933.2,1.0,1.0
2025-07-02 10:00,953.0,33.3,1.2,3532.0,1.0,1.0
2025-07-02 11:00,1018.0,35.7,4.4,3686.2,1.0,1.0
2025-07-02 12:00,1015.0,37.8,3.9,3674.3,1.0,1.0
2025-07-02 13:00,954.0,39.4,4.2,3384.4,1.0,1.0
2025-07-02 14:00,780.0,40.4,3.8,2856.9,1.0,1.0
2025-07-02 15:00,662.0,40.7,4.4,2457.9,1.0,1.0
2025-07-02 16:00,445.0,40.4,2.9,1675.8,1.0,1.0
2025-07-02 17:00,225.0,39.4,3.5,897.5,1.0,1.0
2025-07-02 18:00,24.0,37.8,3.6,96.0,1.0,1.0
2025-07-02 19:00,0.0,35.7,2.7,0.0,1.0,1.0
2025-07-02 20:00,0.0,33.3,1.6,0.0,1.0,1.0
2025-07-02 21:00,0.0,30.7,2.0,0.0,1.0,1.0
2025-07-02 22:00,0.0,28.1,2.2,0.0,1.0,1.0
2025-07-02 23:00,0.0,25.7,2.0,0.0,1.0,1.0
2025-07-03 00:00,0.0,22.8,2.0,0.0,1.0,1.0
2025-07-03 01:00,0.0,21.3,1.4,0.0,1.0,1.0
2025-07-03 02:00,0.0,20.3,1.3,0.0,1.0,1.0
2025-07-03 03:00,0.0,19.9,1.6,0.0,1.0,1.0
2025-07-03 04:00,0.0,20.3,2.1,0.0,1.0,1.0
2025-07-03 05:00,19.0,21.3,1.6,80.1,1.0,1.0
2025-07-03 06:00,227.0,22.8,2.9,937.5,1.0,1.0
2025-07-03 07:00,433.0,24.9,1.3,1721.4,1.0,1.0
2025-07-03 08:00,662.0,27.3,1.2,2593.1,1.0,1.0
2025-07-03 09:00,794.0,29.9,1.6,3024.3,1.0,1.0
2025-07-03 10:00,874.0,32.5,3.5,3268.3,1.0,1.0
2025-07-03 11:00,993.0,34.9,2.6,3619.3,1.0,1.0
2025-07-03 12:00,1018.0,37.0,3.4,3681.1,1.0,1.0
2025-07-03 13:00,955.0,38.6,3.9,3518.1,1.0,1.0
2025-07-03 14:00,798.0,39.6,3.5,2939.3,1.0,1.0
2025-07-03 15:00,600.0,39.9,3.3,2264.3,1.0,1.0
2025-07-03 16:00,454.0,39.6,3.9,1676.5,1.0,1.0
2025-07-03 17:00,222.0,38.6,3.9,856.8,1.0,1.0
2025-07-03 18:00,18.0,37.0,3.1,72.3,1.0,1.0
2025-07-03 19:00,0.0,34.9,3.4,0.0,1.0,1.0
2025-07-03 20:00,0.0,32.5,1.6,0.0,1.0,1.0
2025-07-03 21:00,0.0,29.9,1.4,0.0,1.0,1.0
2025-07-03 22:00,0.0,27.3,2.3,0.0,1.0,1.0
2025-07-03 23:00,0.0,24.9,1.6,0.0,1.0,1.0
2025-07-04 00:00,0.0,24.9,2.7,0.0,1.0,1.0
2025-07-04 01:00,0.0,23.3,2.9,0.0,1.0,1.0
2025-07-04 02:00,0.0,22.3,1.7,0.0,1.0,1.0
2025-07-04 03:00,0.0,22.0,1.7,0.0,1.0,1.0
2025-07-04 04:00,0.0,22.3,1.4,0.0,1.0,1.0
2025-07-04 05:00,19.0,23.3,2.1,79.9,1.0,1.0
2025-07-04 06:00,221.0,24.9,2.5,906.2,1.0,1.0
2025-07-04 07:00,423.0,27.0,2.3,1712.6,1.0,1.0
2025-07-04 08:00,587.0,29.4,2.0,2297.7,1.0,1.0
2025-07-04 09:00,833.0,32.0,2.2,3127.3,1.0,1.0
2025-07-04 10:00,933.0,34.5,1.9,3422.4,1.0,1.0
2025-07-04 11:00,978.0,37.0,2.9,3565.8,1.0,1.0
2025-07-04 12:00,963.0,39.0,2.1,3450.6,1.0,1.0
2025-07-04 13:00,901.0,40.6,2.9,3217.8,1.0,1.0
2025-07-04 14:00,786.0,41.6,2.5,2820.5,1.0,1.0
2025-07-04 15:00,614.0,42.0,4.2,2246.5,1.0,1.0
2025-07-04 16:00,443.0,41.6,3.3,1674.7,1.0,1.0
2025-07-04 17:00,220.0,40.6,2.9,857.1,1.0,1.0
2025-07-04 18:00,23.0,39.0,2.1,92.4,1.0,1.0
2025-07-04 19:00,0.0,37.0,2.6,0.0,1.0,1.0
2025-07-04 20:00,0.0,34.5,1.7,0.0,1.0,1.0
2025-07-04 21:00,0.0,32.0,2.2,0.0,1.0,1.0
2025-07-04 22:00,0.0,29.4,2.2,0.0,1.0,1.0
2025-07-04 23:00,0.0,27.0,2.9,0.0,1.0,1.0
2025-07-05 00:00,0.0,23.6,3.5,0.0,1.0,1.0
2025-07-05 01:00,0.0,22.0,2.2,0.0,1.0,1.0
2025-07-05 02:00,0.0,21.0,2.3,0.0,1.0,1.0
2025-07-05 03:00,0.0,20.7,3.7,0.0,1.0,1.0
2025-07-05 04:00,0.0,21.0,2.4,0.0,1.0,1.0
2025-07-05 05:00,22.0,22.0,2.6,93.0,1.0,1.0
2025-07-05 06:00,220.0,23.6,2.6,917.8,1.0,1.0
2025-07-05 07:00,438.0,25.7,0.3,1744.7,1.0,1.0
2025-07-05 08:00,644.0,28.1,2.6,2538.0,1.0,1.0
2025-07-05 09:00,779.0,30.7,2.8,2977.2,1.0,1.0
2025-07-05 10:00,856.0,33.3,2.1,3207.0,1.0,1.0
2025-07-05 11:00,945.0,35.7,2.6,3425.5,1.0,1.0
2025-07-05 12:00,914.0,37.7,2.2,3347.5,1.0,1.0
2025-07-05 13:00,903.0,39.3,3.3,3293.7,1.0,1.0
2025-07-05 14:00,788.0,40.3,4.1,2893.4,1.0,1.0
2025-07-05 15:00,623.0,40.7,4.7,2306.9,1.0,1.0
2025-07-05 16:00,440.0,40.3,3.3,1675.1,1.0,1.0
2025-07-05 17:00,225.0,39.3,3.5,888.4,1.0,1.0
2025-07-05 18:00,18.0,37.7,2.6,71.8,1.0,1.0
2025-07-05 19:00,0.0,35.7,2.0,0.0,1.0,1.0
2025-07-05 20:00,0.0,33.3,3.5,0.0,1.0,1.0
2025-07-05 21:00,0.0,30.7,1.5,0.0,1.0,1.0
2025-07-05 22:00,0.0,28.1,2.7,0.0,1.0,1.0
2025-07-05 23:00,0.0,25.7,2.5,0.0,1.0,1.0
2025-07-06 00:00,0.0,21.8,2.1,0.0,1.0,1.0
2025-07-06 01:00,0.0,20.2,1.5,0.0,1.0,1.0
2025-07-06 02:00,0.0,19.2,2.7,0.0,1.0,1.0
2025-07-06 03:00,0.0,18.9,2.6,0.0,1.0,1.0
2025-07-06 04:00,0.0,19.2,2.6,0.0,1.0,1.0
2025-07-06 05:00,18.0,20.2,1.5,77.2,1.0,1.0
2025-07-06 06:00,225.0,21.8,2.5,925.6,1.0,1.0
2025-07-06 07:00,443.0,23.9,2.7,1808.7,1.0,1.0
2025-07-06 08:00,661.0,26.3,2.1,2568.4,1.0,1.0
2025-07-06 09:00,796.0,28.9,1.6,3054.7,1.0,1.0
2025-07-06 10:00,955.0,31.5,2.4,3523.9,1.0,1.0
2025-07-06 11:00,1017.0,33.9,3.0,3762.1,1.0,1.0
2025-07-06 12:00,1018.0,36.0,3.8,3724.6,1.0,1.0
2025-07-06 13:00,941.0,37.5,3.3,3496.9,1.0,1.0
2025-07-06 14:00,833.0,38.5,3.7,3088.4,1.0,1.0
2025-07-06 15:00,645.0,38.9,3.7,2400.4,1.0,1.0
2025-07-06 16:00,453.0,38.5,4.2,1693.3,1.0,1.0
2025-07-06 17:00,225.0,37.5,2.9,868.3,1.0,1.0
2025-07-06 18:00,20.0,36.0,3.5,81.3,1.0,1.0
2025-07-06 19:00,0.0,33.9,3.0,0.0,1.0,1.0
2025-07-06 20:00,0.0,31.5,2.0,0.0,1.0,1.0
2025-07-06 21:00,0.0,28.9,2.4,0.0,1.0,1.0
2025-07-06 22:00,0.0,26.3,2.2,0.0,1.0,1.0
2025-07-06 23:00,0.0,23.9,2.6,0.0,1.0,1.0
2025-07-07 00:00,0.0,20.2,1.6,0.0,1.0,1.0
2025-07-07 01:00,0.0,18.6,2.3,0.0,1.0,1.0
2025-07-07 02:00,0.0,17.6,2.1,0.0,1.0,1.0
2025-07-07 03:00,0.0,17.3,1.1,0.0,1.0,1.0
2025-07-07 04:00,0.0,17.6,1.8,0.0,1.0,1.0
2025-07-07 05:00,17.0,18.6,2.5,73.4,1.0,1.0
2025-07-07 06:00,224.0,20.2,2.0,939.1,1.0,1.0
2025-07-07 07:00,440.0,22.3,1.4,1759.7,1.0,1.0
2025-07-07 08:00,660.0,24.7,2.0,2572.8,1.0,1.0
2025-07-07 09:00,820.0,27.3,2.0,3172.2,1.0,1.0
2025-07-07 10:00,939.0,29.9,2.5,3507.5,1.0,1.0
2025-07-07 11:00,1018.0,32.3,3.8,3749.7,1.0,1.0
2025-07-07 12:00,1018.0,34.4,3.4,3737.7,1.0,1.0
2025-07-07 13:00,909.0,35.9,3.6,3330.0,1.0,1.0
2025-07-07 14:00,824.0,36.9,4.1,3038.6,1.0,1.0
2025-07-07 15:00,637.0,37.3,3.7,2370.1,1.0,1.0
2025-07-07 16:00,453.0,36.9,3.9,1759.1,1.0,1.0
2025-07-07 17:00,225.0,35.9,3.5,899.6,1.0,1.0
2025-07-07 18:00,17.0,34.4,2.6,69.9,1.0,1.0
2025-07-07 19:00,0.0,32.3,2.8,0.0,1.0,1.0
2025-07-07 20:00,0.0,29.9,2.2,0.0,1.0,1.0
2025-07-07 21:00,0.0,27.3,2.6,0.0,1.0,1.0
2025-07-07 22:00,0.0,24.7,2.5,0.0,1.0,1.0
2025-07-07 23:00,0.0,22.3,2.6,0.0,1.0,1.0
2025-07-08 00:00,0.0,22.2,1.9,0.0,0.95,1.0
2025-07-08 01:00,0.0,20.7,2.5,0.0,0.95,1.0
2025-07-08 02:00,0.0,19.7,2.2,0.0,0.95,1.0
2025-07-08 03:00,0.0,19.3,3.2,0.0,0.95,1.0
2025-07-08 04:00,0.0,19.7,2.8,0.0,0.95,1.0
2025-07-08 05:00,17.0,20.7,1.3,69.3,0.95,1.0
2025-07-08 06:00,220.0,22.2,1.7,872.5,0.95,1.0
2025-07-08 07:00,438.0,24.3,2.4,1645.6,0.95,1.0
2025-07-08 08:00,638.0,26.7,1.9,2375.2,0.95,1.0
2025-07-08 09:00,792.0,29.3,1.1,2896.1,0.95,1.0
2025-07-08 10:00,924.0,31.9,2.1,3290.7,0.95,1.0
2025-07-08 11:00,968.0,34.3,2.1,3353.1,0.95,1.0
2025-07-08 12:00,973.0,36.4,3.7,3316.6,0.95,1.0
2025-07-08 13:00,932.0,38.0,3.2,3141.1,0.95,1.0
2025-07-08 14:00,780.0,39.0,3.4,2746.7,0.95,1.0
2025-07-08 15:00,661.0,39.3,3.4,2301.7,0.95,1.0
2025-07-08 16:00,439.0,39.0,3.2,1610.1,0.95,1.0
2025-07-08 17:00,218.0,38.0,3.3,802.2,0.95,1.0
2025-07-08 18:00,19.0,36.4,3.5,73.7,0.95,1.0
2025-07-08 19:00,0.0,34.3,3.5,0.0,0.95,1.0
2025-07-08 20:00,0.0,31.9,2.5,0.0,0.95,1.0
2025-07-08 21:00,0.0,29.3,1.9,0.0,0.95,1.0
2025-07-08 22:00,0.0,26.7,1.7,0.0,0.95,1.0
2025-07-08 23:00,0.0,24.3,2.1,0.0,0.95,1.0
2025-07-09 00:00,0.0,21.0,1.6,0.0,0.95,1.0
2025-07-09 01:00,0.0,19.5,2.6,0.0,0.95,1.0
2025-07-09 02:00,0.0,18.5,0.6,0.0,0.95,1.0
2025-07-09 03:00,0.0,18.1,1.5,0.0,0.95,1.0
2025-07-09 04:00,0.0,18.5,1.9,0.0,0.95,1.0
2025-07-09 05:00,25.0,19.5,1.2,100.5,0.95,1.0
2025-07-09 06:00,214.0,21.0,2.0,832.9,0.95,1.0
2025-07-09 07:00,413.0,23.1,0.9,1576.5,0.95,1.0
2025-07-09 08:00,596.0,25.5,2.4,2271.7,0.95,1.0
2025-07-09 09:00,774.0,28.1,1.1,2754.1,0.95,1.0
2025-07-09 10:00,850.0,30.7,2.2,2954.6,0.95,1.0
2025-07-09 11:00,874.0,33.1,2.7,3110.0,0.95,1.0
2025-07-09 12:00,895.0,35.2,2.9,3112.3,0.95,1.0
2025-07-09 13:00,896.0,36.8,2.8,3191.1,0.95,1.0
2025-07-09 14:00,776.0,37.8,3.1,2722.1,0.95,1.0
2025-07-09 15:00,624.0,38.1,3.4,2225.6,0.95,1.0
2025-07-09 16:00,410.0,37.8,2.1,1519.8,0.95,1.0
2025-07-09 17:00,212.0,36.8,3.7,801.5,0.95,1.0
2025-07-09 18:00,21.0,35.2,3.4,80.2,0.95,1.0
2025-07-09 19:00,0.0,33.1,3.1,0.0,0.95,1.0
2025-07-09 20:00,0.0,30.7,2.0,0.0,0.95,1.0
2025-07-09 21:00,0.0,28.1,1.2,0.0,0.95,1.0
2025-07-09 22:00,0.0,25.5,1.4,0.0,0.95,1.0
2025-07-09 23:00,0.0,23.1,1.3,0.0,0.95,1.0
2025-07-10 00:00,0.0,22.7,2.3,0.0,0.95,1.0
2025-07-10 01:00,0.0,21.1,2.3,0.0,0.95,1.0
2025-07-10 02:00,0.0,20.1,3.0,0.0,0.95,1.0
2025-07-10 03:00,0.0,19.7,0.9,0.0,0.95,1.0
2025-07-10 04:00,0.0,20.1,2.7,0.0,0.95,1.0
2025-07-10 05:00,17.0,21.1,2.8,68.7,0.95,1.0
2025-07-10 06:00,216.0,22.7,0.8,857.6,0.95,1.0
2025-07-10 07:00,446.0,24.7,1.2,1685.1,0.95,1.0
2025-07-10 08:00,658.0,27.2,1.2,2425.1,0.95,1.0
2025-07-10 09:00,826.0,29.7,2.4,2977.7,0.95,1.0
2025-07-10 10:00,955.0,32.3,1.8,3347.0,0.95,1.0
2025-07-10 11:00,960.0,34.7,2.8,3381.0,0.95,1.0
2025-07-10 12:00,1018.0,36.8,4.5,3578.7,0.95,1.0
2025-07-10 13:00,942.0,38.4,3.3,3155.9,0.95,1.0
2025-07-10 14:00,806.0,39.4,3.9,2855.4,0.95,1.0
2025-07-10 15:00,647.0,39.7,3.6,2290.9,0.95,1.0
2025-07-10 16:00,451.0,39.4,3.5,1635.8,0.95,1.0
2025-07-10 17:00,221.0,38.4,4.4,821.1,0.95,1.0
2025-07-10 18:00,17.0,36.8,2.9,65.2,0.95,1.0
2025-07-10 19:00,0.0,34.7,3.1,0.0,0.95,1.0
2025-07-10 20:00,0.0,32.3,2.6,0.0,0.95,1.0
2025-07-10 21:00,0.0,29.7,1.5,0.0,0.95,1.0
2025-07-10 22:00,0.0,27.2,1.9,0.0,0.95,1.0
2025-07-10 23:00,0.0,24.7,1.5,0.0,0.95,1.0
2025-07-11 00:00,0.0,28.6,2.5,0.0,0.95,1.0
2025-07-11 01:00,0.0,27.0,1.2,0.0,0.95,1.0
2025-07-11 02:00,0.0,26.0,1.4,0.0,0.95,1.0
2025-07-11 03:00,0.0,25.6,1.1,0.0,0.95,1.0
2025-07-11 04:00,0.0,26.0,2.7,0.0,0.95,1.0
2025-07-11 05:00,16.0,27.0,1.5,63.4,0.95,1.0
2025-07-11 06:00,222.0,28.6,2.4,861.8,0.95,1.0
2025-07-11 07:00,448.0,30.6,2.7,1702.9,0.95,1.0
2025-07-11 08:00,616.0,33.1,2.3,2226.3,0.95,1.0
2025-07-11 09:00,827.0,35.6,3.2,2868.0,0.95,1.0
2025-07-11 10:00,955.0,38.2,2.4,3362.2,0.95,1.0
2025-07-11 11:00,964.0,40.6,2.3,3224.8,0.95,1.0
2025-07-11 12:00,1018.0,42.7,2.9,3403.3,0.95,1.0
2025-07-11 13:00,955.0,44.3,3.3,3262.7,0.95,1.0
2025-07-11 14:00,832.0,45.3,2.8,2843.4,0.95,1.0
2025-07-11 15:00,617.0,45.6,3.0,2130.9,0.95,1.0
2025-07-11 16:00,451.0,45.3,2.9,1575.2,0.95,1.0
2025-07-11 17:00,222.0,44.3,2.6,817.2,0.95,1.0
2025-07-11 18:00,17.0,42.7,3.0,63.8,0.95,1.0
2025-07-11 19:00,0.0,40.6,2.7,0.0,0.95,1.0
2025-07-11 20:00,0.0,38.2,3.3,0.0,0.95,1.0
2025-07-11 21:00,0.0,35.6,2.0,0.0,0.95,1.0
2025-07-11 22:00,0.0,33.1,2.2,0.0,0.95,1.0
2025-07-11 23:00,0.0,30.6,3.4,0.0,0.95,1.0
2025-07-12 00:00,0.0,21.9,2.2,0.0,0.95,1.0
2025-07-12 01:00,0.0,20.3,1.9,0.0,0.95,1.0
2025-07-12 02:00,0.0,19.3,1.2,0.0,0.95,1.0
2025-07-12 03:00,0.0,19.0,1.9,0.0,0.95,1.0
2025-07-12 04:00,0.0,19.3,1.8,0.0,0.95,1.0
2025-07-12 05:00,18.0,20.3,2.6,74.0,0.95,1.0
2025-07-12 06:00,213.0,21.9,2.3,840.2,0.95,1.0
2025-07-12 07:00,416.0,24.0,2.5,1572.5,0.95,1.0
2025-07-12 08:00,638.0,26.4,1.3,2353.0,0.95,1.0
2025-07-12 09:00,777.0,29.0,2.0,2863.7,0.95,1.0
2025-07-12 10:00,935.0,31.6,2.6,3280.4,0.95,1.0
2025-07-12 11:00,982.0,34.0,2.8,3457.9,0.95,1.0
2025-07-12 12:00,979.0,36.0,3.4,3397.7,0.95,1.0
2025-07-12 13:00,901.0,37.6,3.1,3114.5,0.95,1.0
2025-07-12 14:00,771.0,38.6,3.2,2672.4,0.95,1.0
2025-07-12 15:00,628.0,39.0,3.4,2231.7,0.95,1.0
2025-07-12 16:00,431.0,38.6,3.7,1595.0,0.95,1.0
2025-07-12 17:00,220.0,37.6,2.8,821.1,0.95,1.0
2025-07-12 18:00,20.0,36.0,2.2,77.2,0.95,1.0
2025-07-12 19:00,0.0,34.0,3.0,0.0,0.95,1.0
2025-07-12 20:00,0.0,31.6,2.0,0.0,0.95,1.0
2025-07-12 21:00,0.0,29.0,2.3,0.0,0.95,1.0
2025-07-12 22:00,0.0,26.4,2.1,0.0,0.95,1.0
2025-07-12 23:00,0.0,24.0,1.3,0.0,0.95,1.0
2025-07-13 00:00,0.0,25.1,3.1,0.0,0.95,1.0
2025-07-13 01:00,0.0,23.5,1.8,0.0,0.95,1.0
2025-07-13 02:00,0.0,22.5,2.0,0.0,0.95,1.0
2025-07-13 03:00,0.0,22.2,1.3,0.0,0.95,1.0
2025-07-13 04:00,0.0,22.5,3.7,0.0,0.95,1.0
2025-07-13 05:00,22.0,23.5,0.6,88.0,0.95,1.0
2025-07-13 06:00,216.0,25.1,1.3,850.7,0.95,1.0
2025-07-13 07:00,435.0,27.2,2.2,1654.1,0.95,1.0
2025-07-13 08:00,629.0,29.6,2.4,2301.1,0.95,1.0
2025-07-13 09:00,781.0,32.2,2.3,2771.4,0.95,1.0
2025-07-13 10:00,920.0,34.8,2.3,3153.2,0.95,1.0
2025-07-13 11:00,968.0,37.2,3.0,3283.7,0.95,1.0
2025-07-13 12:00,965.0,39.2,2.8,3263.7,0.95,1.0
2025-07-13 13:00,944.0,40.8,4.0,3235.0,0.95,1.0
2025-07-13 14:00,759.0,41.8,2.6,2685.4,0.95,1.0
2025-07-13 15:00,618.0,42.2,3.7,2215.1,0.95,1.0
2025-07-13 16:00,432.0,41.8,4.2,1554.3,0.95,1.0
2025-07-13 17:00,211.0,40.8,2.8,769.5,0.95,1.0
2025-07-13 18:00,22.0,39.2,3.4,85.5,0.95,1.0
2025-07-13 19:00,0.0,37.2,3.2,0.0,0.95,1.0
2025-07-13 20:00,0.0,34.8,1.8,0.0,0.95,1.0
2025-07-13 21:00,0.0,32.2,2.9,0.0,0.95,1.0
2025-07-13 22:00,0.0,29.6,2.0,0.0,0.95,1.0
2025-07-13 23:00,0.0,27.2,2.2,0.0,0.95,1.0
2025-07-14 00:00,0.0,22.6,1.5,0.0,0.95,1.0
2025-07-14 01:00,0.0,21.0,1.5,0.0,0.95,1.0
2025-07-14 02:00,0.0,20.0,0.7,0.0,0.95,1.0
2025-07-14 03:00,0.0,19.7,2.8,0.0,0.95,1.0
2025-07-14 04:00,0.0,20.0,2.2,0.0,0.95,1.0
2025-07-14 05:00,20.0,21.0,1.4,81.8,0.95,1.0
2025-07-14 06:00,212.0,22.6,2.7,839.6,0.95,1.0
2025-07-14 07:00,423.0,24.7,2.2,1628.5,0.95,1.0
2025-07-14 08:00,629.0,27.1,2.9,2340.2,0.95,1.0
2025-07-14 09:00,763.0,29.7,3.1,2730.6,0.95,1.0
2025-07-14 10:00,896.0,32.3,3.1,3197.3,0.95,1.0
2025-07-14 11:00,972.0,34.7,3.8,3433.5,0.95,1.0
2025-07-14 12:00,982.0,36.8,3.1,3300.7,0.95,1.0
2025-07-14 13:00,849.0,38.3,4.3,2957.0,0.95,1.0
2025-07-14 14:00,758.0,39.3,3.1,2639.2,0.95,1.0
2025-07-14 15:00,625.0,39.7,3.4,2240.5,0.95,1.0
2025-07-14 16:00,424.0,39.3,3.0,1532.1,0.95,1.0
2025-07-14 17:00,213.0,38.3,3.8,792.3,0.95,1.0
2025-07-14 18:00,20.0,36.8,3.7,76.4,0.95,1.0
2025-07-14 19:00,0.0,34.7,1.6,0.0,0.95,1.0
2025-07-14 20:00,0.0,32.3,2.6,0.0,0.95,1.0
2025-07-14 21:00,0.0,29.7,2.8,0.0,0.95,1.0
2025-07-14 22:00,0.0,27.1,2.8,0.0,0.95,1.0
2025-07-14 23:00,0.0,24.7,0.9,0.0,0.95,1.0
2025-07-15 00:00,0.0,21.5,2.2,0.0,0.95,1.0
2025-07-15 01:00,0.0,19.9,2.0,0.0,0.95,1.0
2025-07-15 02:00,0.0,18.9,1.9,0.0,0.95,1.0
2025-07-15 03:00,0.0,18.6,2.1,0.0,0.95,1.0
2025-07-15 04:00,0.0,18.9,2.2,0.0,0.95,1.0
2025-07-15 05:00,20.0,19.9,1.2,82.1,0.95,1.0
2025-07-15 06:00,216.0,21.5,2.1,854.3,0.95,1.0
2025-07-15 07:00,448.0,23.6,1.1,1693.7,0.95,1.0
2025-07-15 08:00,637.0,26.0,2.0,2346.1,0.95,1.0
2025-07-15 09:00,803.0,28.6,1.9,2870.5,0.95,1.0
2025-07-15 10:00,908.0,31.2,3.0,3224.6,0.95,1.0
2025-07-15 11:00,1011.0,33.6,2.4,3470.7,0.95,1.0
2025-07-15 12:00,968.0,35.7,3.7,3363.4,0.95,1.0
2025-07-15 13:00,927.0,37.3,3.1,3195.1,0.95,1.0
2025-07-15 14:00,821.0,38.3,4.5,2855.0,0.95,1.0
2025-07-15 15:00,629.0,38.6,4.9,2272.7,0.95,1.0
2025-07-15 16:00,432.0,38.3,3.6,1541.2,0.95,1.0
2025-07-15 17:00,219.0,37.3,2.9,813.5,0.95,1.0
2025-07-15 18:00,15.0,35.7,2.1,57.5,0.95,1.0
2025-07-15 19:00,0.0,33.6,2.5,0.0,0.95,1.0
2025-07-15 20:00,0.0,31.2,2.5,0.0,0.95,1.0
2025-07-15 21:00,0.0,28.6,2.4,0.0,0.95,1.0
2025-07-15 22:00,0.0,26.0,2.7,0.0,0.95,1.0
2025-07-15 23:00,0.0,23.6,1.1,0.0,0.95,1.0
2025-07-16 00:00,0.0,23.2,2.3,0.0,0.95,1.0
2025-07-16 01:00,0.0,21.6,1.9,0.0,0.95,1.0
2025-07-16 02:00,0.0,20.6,1.8,0.0,0.95,1.0
2025-07-16 03:00,0.0,20.2,1.9,0.0,0.95,1.0
2025-07-16 04:00,0.0,20.6,2.3,0.0,0.95,1.0
2025-07-16 05:00,15.0,21.6,2.8,61.9,0.95,1.0
2025-07-16 06:00,218.0,23.2,3.0,863.0,0.95,1.0
2025-07-16 07:00,437.0,25.2,2.2,1670.8,0.95,1.0
2025-07-16 08:00,639.0,27.6,2.0,2375.7,0.95,1.0
2025-07-16 09:00,831.0,30.2,1.3,2919.7,0.95,1.0
2025-07-16 10:00,912.0,32.8,2.2,3260.3,0.95,1.0
2025-07-16 11:00,992.0,35.2,3.8,3386.3,0.95,1.0
2025-07-16 12:00,989.0,37.3,4.1,3393.4,0.95,1.0
2025-07-16 13:00,954.0,38.9,3.7,3230.0,0.95,1.0
2025-07-16 14:00,822.0,39.9,4.5,2839.9,0.95,1.0
2025-07-16 15:00,633.0,40.2,3.3,2259.8,0.95,1.0
2025-07-16 16:00,448.0,39.9,2.7,1657.0,0.95,1.0
2025-07-16 17:00,217.0,38.9,3.8,809.8,0.95,1.0
2025-07-16 18:00,15.0,37.3,3.4,59.0,0.95,1.0
2025-07-16 19:00,0.0,35.2,2.1,0.0,0.95,1.0
2025-07-16 20:00,0.0,32.8,1.7,0.0,0.95,1.0
2025-07-16 21:00,0.0,30.2,2.0,0.0,0.95,1.0
2025-07-16 22:00,0.0,27.6,2.3,0.0,0.95,1.0
2025-07-16 23:00,0.0,25.2,1.5,0.0,0.95,1.0
2025-07-17 00:00,0.0,26.1,1.4,0.0,0.95,1.0
2025-07-17 01:00,0.0,24.5,1.2,0.0,0.95,1.0
2025-07-17 02:00,0.0,23.5,2.3,0.0,0.95,1.0
2025-07-17 03:00,0.0,23.1,1.8,0.0,0.95,1.0
2025-07-17 04:00,0.0,23.5,2.4,0.0,0.95,1.0
2025-07-17 05:00,19.0,24.5,2.8,76.8,0.95,1.0
2025-07-17 06:00,206.0,26.1,2.9,802.8,0.95,1.0
2025-07-17 07:00,422.0,28.1,1.6,1613.7,0.95,1.0
2025-07-17 08:00,640.0,30.6,1.2,2310.3,0.95,1.0
2025-07-17 09:00,798.0,33.1,3.0,2856.7,0.95,1.0
2025-07-17 10:00,875.0,35.7,3.0,3059.6,0.95,1.0
2025-07-17 11:00,954.0,38.1,3.4,3374.9,0.95,1.0
2025-07-17 12:00,955.0,40.2,3.9,3250.1,0.95,1.0
2025-07-17 13:00,893.0,41.8,2.7,2957.0,0.95,1.0
2025-07-17 14:00,787.0,42.8,3.3,2737.0,0.95,1.0
2025-07-17 15:00,611.0,43.1,3.0,2182.3,0.95,1.0
2025-07-17 16:00,442.0,42.8,4.0,1588.1,0.95,1.0
2025-07-17 17:00,208.0,41.8,3.6,776.3,0.95,1.0
2025-07-17 18:00,18.0,40.2,4.2,67.9,0.95,1.0
2025-07-17 19:00,0.0,38.1,2.7,0.0,0.95,1.0
2025-07-17 20:00,0.0,35.7,2.9,0.0,0.95,1.0
2025-07-17 21:00,0.0,33.1,2.6,0.0,0.95,1.0
2025-07-17 22:00,0.0,30.6,2.0,0.0,0.95,1.0
2025-07-17 23:00,0.0,28.1,1.3,0.0,0.95,1.0
2025-07-18 00:00,0.0,23.4,2.3,0.0,1.0,1.0
2025-07-18 01:00,0.0,21.9,1.7,0.0,1.0,1.0
2025-07-18 02:00,0.0,20.9,1.9,0.0,1.0,1.0
2025-07-18 03:00,0.0,20.5,1.7,0.0,1.0,1.0
2025-07-18 04:00,0.0,20.9,1.4,0.0,1.0,1.0
2025-07-18 05:00,14.0,21.9,3.2,60.1,1.0,1.0
2025-07-18 06:00,216.0,23.4,1.4,902.3,1.0,1.0
2025-07-18 07:00,446.0,25.5,2.3,1749.4,1.0,1.0
2025-07-18 08:00,650.0,27.9,2.7,2504.4,1.0,1.0
2025-07-18 09:00,819.0,30.5,2.0,2996.0,1.0,1.0
2025-07-18 10:00,954.0,33.1,2.4,3492.6,1.0,1.0
2025-07-18 11:00,993.0,35.5,3.1,3652.1,1.0,1.0
2025-07-18 12:00,1018.0,37.6,3.3,3675.3,1.0,1.0
2025-07-18 13:00,954.0,39.2,2.1,3424.2,1.0,1.0
2025-07-18 14:00,828.0,40.2,3.1,3000.0,1.0,1.0
2025-07-18 15:00,657.0,40.5,3.5,2400.9,1.0,1.0
2025-07-18 16:00,446.0,40.2,3.3,1669.7,1.0,1.0
2025-07-18 17:00,209.0,39.2,2.7,827.5,1.0,1.0
2025-07-18 18:00,14.0,37.6,3.5,55.7,1.0,1.0
2025-07-18 19:00,0.0,35.5,2.8,0.0,1.0,1.0
2025-07-18 20:00,0.0,33.1,2.3,0.0,1.0,1.0
2025-07-18 21:00,0.0,30.5,1.2,0.0,1.0,1.0
2025-07-18 22:00,0.0,27.9,2.1,0.0,1.0,1.0
2025-07-18 23:00,0.0,25.5,1.8,0.0,1.0,1.0
2025-07-19 00:00,0.0,24.1,2.4,0.0,1.0,1.0
2025-07-19 01:00,0.0,22.5,1.6,0.0,1.0,1.0
2025-07-19 02:00,0.0,21.5,2.4,0.0,1.0,1.0
2025-07-19 03:00,0.0,21.1,1.9,0.0,1.0,1.0
2025-07-19 04:00,0.0,21.5,2.1,0.0,1.0,1.0
2025-07-19 05:00,18.0,22.5,2.2,75.0,1.0,1.0
2025-07-19 06:00,214.0,24.1,1.8,895.6,1.0,1.0
2025-07-19 07:00,427.0,26.1,2.1,1730.6,1.0,1.0
2025-07-19 08:00,657.0,28.6,1.8,2541.1,1.0,1.0
2025-07-19 09:00,831.0,31.1,2.8,3076.8,1.0,1.0
2025-07-19 10:00,954.0,33.7,1.5,3458.1,1.0,1.0
2025-07-19 11:00,958.0,36.1,3.1,3476.1,1.0,1.0
2025-07-19 12:00,945.0,38.2,3.1,3387.0,1.0,1.0
2025-07-19 13:00,941.0,39.8,3.3,3336.5,1.0,1.0
2025-07-19 14:00,831.0,40.8,2.9,3014.2,1.0,1.0
2025-07-19 15:00,631.0,41.1,4.6,2299.4,1.0,1.0
2025-07-19 16:00,446.0,40.8,3.4,1649.5,1.0,1.0
2025-07-19 17:00,215.0,39.8,2.9,840.4,1.0,1.0
2025-07-19 18:00,14.0,38.2,3.4,55.3,1.0,1.0
2025-07-19 19:00,0.0,36.1,1.8,0.0,1.0,1.0
2025-07-19 20:00,0.0,33.7,2.1,0.0,1.0,1.0
2025-07-19 21:00,0.0,31.1,2.3,0.0,1.0,1.0
2025-07-19 22:00,0.0,28.6,2.5,0.0,1.0,1.0
2025-07-19 23:00,0.0,26.1,1.4,0.0,1.0,1.0
2025-07-20 00:00,0.0,25.4,0.9,0.0,1.0,1.0
2025-07-20 01:00,0.0,23.8,2.5,0.0,1.0,1.0
2025-07-20 02:00,0.0,22.8,1.4,0.0,1.0,1.0
2025-07-20 03:00,0.0,22.4,1.6,0.0,1.0,1.0
2025-07-20 04:00,0.0,22.8,2.1,0.0,1.0,1.0
2025-07-20 05:00,14.0,23.8,2.1,58.8,1.0,1.0
2025-07-20 06:00,213.0,25.4,2.5,873.3,1.0,1.0
2025-07-20 07:00,445.0,27.4,1.6,1793.8,1.0,1.0
2025-07-20 08:00,624.0,29.8,2.3,2376.7,1.0,1.0
2025-07-20 09:00,797.0,32.4,1.6,2956.5,1.0,1.0
2025-07-20 10:00,944.0,35.0,2.2,3405.6,1.0,1.0
2025-07-20 11:00,978.0,37.4,2.4,3519.1,1.0,1.0
2025-07-20 12:00,1003.0,39.5,3.3,3611.7,1.0,1.0
2025-07-20 13:00,929.0,41.1,3.8,3338.4,1.0,1.0
2025-07-20 14:00,825.0,42.1,2.6,2950.7,1.0,1.0
2025-07-20 15:00,651.0,42.4,3.3,2376.4,1.0,1.0
2025-07-20 16:00,443.0,42.1,3.5,1652.9,1.0,1.0
2025-07-20 17:00,213.0,41.1,3.3,831.4,1.0,1.0
2025-07-20 18:00,13.0,39.5,3.6,52.3,1.0,1.0
2025-07-20 19:00,0.0,37.4,3.1,0.0,1.0,1.0
2025-07-20 20:00,0.0,35.0,1.5,0.0,1.0,1.0
2025-07-20 21:00,0.0,32.4,2.6,0.0,1.0,1.0
2025-07-20 22:00,0.0,29.8,2.4,0.0,1.0,1.0
2025-07-20 23:00,0.0,27.4,0.8,0.0,1.0,1.0
2025-07-21 00:00,0.0,21.5,2.1,0.0,1.0,1.0
2025-07-21 01:00,0.0,19.9,1.2,0.0,1.0,1.0
2025-07-21 02:00,0.0,18.9,2.0,0.0,1.0,1.0
2025-07-21 03:00,0.0,18.5,2.4,0.0,1.0,1.0
2025-07-21 04:00,0.0,18.9,2.9,0.0,1.0,1.0
2025-07-21 05:00,13.0,19.9,1.4,55.1,1.0,1.0
2025-07-21 06:00,213.0,21.5,1.9,878.3,1.0,1.0
2025-07-21 07:00,431.0,23.5,1.0,1727.3,1.0,1.0
2025-07-21 08:00,636.0,25.9,2.6,2472.4,1.0,1.0
2025-07-21 09:00,819.0,28.5,2.5,3086.5,1.0,1.0
2025-07-21 10:00,934.0,31.1,2.7,3475.3,1.0,1.0
2025-07-21 11:00,1018.0,33.5,2.8,3682.1,1.0,1.0
2025-07-21 12:00,1018.0,35.6,3.6,3780.7,1.0,1.0
2025-07-21 13:00,929.0,37.2,4.9,3371.6,1.0,1.0
2025-07-21 14:00,805.0,38.2,3.6,2970.8,1.0,1.0
2025-07-21 15:00,656.0,38.5,3.4,2404.3,1.0,1.0
2025-07-21 16:00,441.0,38.2,4.3,1686.8,1.0,1.0
2025-07-21 17:00,210.0,37.2,2.9,819.2,1.0,1.0
2025-07-21 18:00,14.0,35.6,2.7,55.2,1.0,1.0
2025-07-21 19:00,0.0,33.5,2.0,0.0,1.0,1.0
2025-07-21 20:00,0.0,31.1,3.0,0.0,1.0,1.0
2025-07-21 21:00,0.0,28.5,2.4,0.0,1.0,1.0
2025-07-21 22:00,0.0,25.9,2.1,0.0,1.0,1.0
2025-07-21 23:00,0.0,23.5,2.4,0.0,1.0,1.0
2025-07-22 00:00,0.0,23.4,2.6,0.0,1.0,1.0
2025-07-22 01:00,0.0,21.8,1.6,0.0,1.0,1.0
2025-07-22 02:00,0.0,20.8,1.8,0.0,1.0,1.0
2025-07-22 03:00,0.0,20.4,2.4,0.0,1.0,1.0
2025-07-22 04:00,0.0,20.8,3.1,0.0,1.0,1.0
2025-07-22 05:00,18.0,21.8,2.3,74.6,1.0,1.0
2025-07-22 06:00,199.0,23.4,2.5,822.4,1.0,1.0
2025-07-22 07:00,428.0,25.4,1.4,1684.6,1.0,1.0
2025-07-22 08:00,653.0,27.9,2.4,2500.3,1.0,1.0
2025-07-22 09:00,815.0,30.4,2.0,3074.9,1.0,1.0
2025-07-22 10:00,915.0,33.0,1.5,3283.6,1.0,1.0
2025-07-22 11:00,948.0,35.4,3.3,3477.3,1.0,1.0
2025-07-22 12:00,997.0,37.5,3.6,3518.5,1.0,1.0
2025-07-22 13:00,887.0,39.1,3.8,3267.8,1.0,1.0
2025-07-22 14:00,786.0,40.1,3.5,2831.2,1.0,1.0
2025-07-22 15:00,627.0,40.4,3.2,2299.7,1.0,1.0
2025-07-22 16:00,437.0,40.1,3.3,1672.8,1.0,1.0
2025-07-22 17:00,203.0,39.1,3.0,786.1,1.0,1.0
2025-07-22 18:00,17.0,37.5,3.0,68.1,1.0,1.0
2025-07-22 19:00,0.0,35.4,3.8,0.0,1.0,1.0
2025-07-22 20:00,0.0,33.0,2.4,0.0,1.0,1.0
2025-07-22 21:00,0.0,30.4,1.9,0.0,1.0,1.0
2025-07-22 22:00,0.0,27.9,1.9,0.0,1.0,1.0
2025-07-22 23:00,0.0,25.4,1.4,0.0,1.0,1.0
2025-07-23 00:00,0.0,23.4,1.4,0.0,1.0,1.0
2025-07-23 01:00,0.0,21.8,2.4,0.0,1.0,1.0
2025-07-23 02:00,0.0,20.8,1.2,0.0,1.0,1.0
2025-07-23 03:00,0.0,20.4,1.1,0.0,1.0,1.0
2025-07-23 04:00,0.0,20.8,2.8,0.0,1.0,1.0
2025-07-23 05:00,12.0,21.8,2.1,50.8,1.0,1.0
2025-07-23 06:00,211.0,23.4,2.2,868.9,1.0,1.0
2025-07-23 07:00,442.0,25.4,1.4,1768.6,1.0,1.0
2025-07-23 08:00,655.0,27.9,2.0,2531.5,1.0,1.0
2025-07-23 09:00,829.0,30.4,1.1,3114.6,1.0,1.0
2025-07-23 10:00,894.0,33.0,2.3,3319.5,1.0,1.0
2025-07-23 11:00,1018.0,35.4,2.3,3661.3,1.0,1.0
2025-07-23 12:00,1017.0,37.5,3.3,3659.4,1.0,1.0
2025-07-23 13:00,953.0,39.1,3.7,3440.2,1.0,1.0
2025-07-23 14:00,829.0,40.1,2.8,3076.2,1.0,1.0
2025-07-23 15:00,624.0,40.4,4.0,2317.9,1.0,1.0
2025-07-23 16:00,420.0,40.1,2.8,1595.7,1.0,1.0
2025-07-23 17:00,209.0,39.1,3.1,815.0,1.0,1.0
2025-07-23 18:00,16.0,37.5,3.3,62.8,1.0,1.0
2025-07-23 19:00,0.0,35.4,2.9,0.0,1.0,1.0
2025-07-23 20:00,0.0,33.0,1.9,0.0,1.0,1.0
2025-07-23 21:00,0.0,30.4,1.3,0.0,1.0,1.0
2025-07-23 22:00,0.0,27.9,0.8,0.0,1.0,1.0
2025-07-23 23:00,0.0,25.4,1.6,0.0,1.0,1.0
2025-07-24 00:00,0.0,22.8,2.1,0.0,1.0,1.0
2025-07-24 01:00,0.0,21.2,1.6,0.0,1.0,1.0
2025-07-24 02:00,0.0,20.2,2.4,0.0,1.0,1.0
2025-07-24 03:00,0.0,19.9,1.7,0.0,1.0,1.0
2025-07-24 04:00,0.0,20.2,2.3,0.0,1.0,1.0
2025-07-24 05:00,15.0,21.2,2.5,65.1,1.0,1.0
2025-07-24 06:00,202.0,22.8,1.9,833.4,1.0,1.0
2025-07-24 07:00,419.0,24.9,3.0,1727.6,1.0,1.0
2025-07-24 08:00,602.0,27.3,1.7,2366.7,1.0,1.0
2025-07-24 09:00,820.0,29.9,2.0,3047.5,1.0,1.0
2025-07-24 10:00,922.0,32.5,2.2,3384.4,1.0,1.0
2025-07-24 11:00,916.0,34.9,2.3,3362.5,1.0,1.0
2025-07-24 12:00,917.0,36.9,3.2,3344.5,1.0,1.0
2025-07-24 13:00,912.0,38.5,4.1,3391.4,1.0,1.0
2025-07-24 14:00,796.0,39.5,4.5,2881.9,1.0,1.0
2025-07-24 15:00,640.0,39.9,4.2,2346.0,1.0,1.0
2025-07-24 16:00,405.0,39.5,3.4,1557.9,1.0,1.0
2025-07-24 17:00,200.0,38.5,3.7,781.7,1.0,1.0
2025-07-24 18:00,13.0,36.9,3.1,51.3,1.0,1.0
2025-07-24 19:00,0.0,34.9,2.5,0.0,1.0,1.0
2025-07-24 20:00,0.0,32.5,2.9,0.0,1.0,1.0
2025-07-24 21:00,0.0,29.9,2.0,0.0,1.0,1.0
2025-07-24 22:00,0.0,27.3,1.7,0.0,1.0,1.0
2025-07-24 23:00,0.0,24.9,2.9,0.0,1.0,1.0
2025-07-25 00:00,0.0,21.9,1.3,0.0,1.0,1.0
2025-07-25 01:00,0.0,20.3,1.5,0.0,1.0,1.0
2025-07-25 02:00,0.0,19.3,2.5,0.0,1.0,1.0
2025-07-25 03:00,0.0,19.0,1.7,0.0,1.0,1.0
2025-07-25 04:00,0.0,19.3,2.1,0.0,1.0,1.0
2025-07-25 05:00,12.0,20.3,1.8,51.3,1.0,1.0
2025-07-25 06:00,205.0,21.9,2.5,851.0,1.0,1.0
2025-07-25 07:00,430.0,24.0,2.0,1705.8,1.0,1.0
2025-07-25 08:00,653.0,26.4,1.3,2536.0,1.0,1.0
2025-07-25 09:00,829.0,29.0,2.6,3217.8,1.0,1.0
2025-07-25 10:00,938.0,31.6,3.4,3519.8,1.0,1.0
2025-07-25 11:00,1002.0,34.0,2.5,3660.1,1.0,1.0
2025-07-25 12:00,1018.0,36.1,2.7,3638.1,1.0,1.0
2025-07-25 13:00,907.0,37.6,3.8,3319.4,1.0,1.0
2025-07-25 14:00,829.0,38.6,4.3,3002.3,1.0,1.0
2025-07-25 15:00,623.0,39.0,3.8,2324.7,1.0,1.0
2025-07-25 16:00,438.0,38.6,4.0,1704.1,1.0,1.0
2025-07-25 17:00,208.0,37.6,3.0,814.6,1.0,1.0
2025-07-25 18:00,12.0,36.1,3.8,48.9,1.0,1.0
2025-07-25 19:00,0.0,34.0,3.7,0.0,1.0,1.0
2025-07-25 20:00,0.0,31.6,3.6,0.0,1.0,1.0
2025-07-25 21:00,0.0,29.0,2.0,0.0,1.0,1.0
2025-07-25 22:00,0.0,26.4,2.3,0.0,1.0,1.0
2025-07-25 23:00,0.0,24.0,1.8,0.0,1.0,1.0
2025-07-26 00:00,0.0,21.2,2.6,0.0,1.0,1.0
2025-07-26 01:00,0.0,19.7,1.4,0.0,1.0,1.0
2025-07-26 02:00,0.0,18.7,2.6,0.0,1.0,1.0
2025-07-26 03:00,0.0,18.3,2.6,0.0,1.0,1.0
2025-07-26 04:00,0.0,18.7,1.5,0.0,1.0,1.0
2025-07-26 05:00,12.0,19.7,1.9,51.3,1.0,1.0
2025-07-26 06:00,207.0,21.2,2.2,861.7,1.0,1.0
2025-07-26 07:00,437.0,23.3,2.3,1756.3,1.0,1.0
2025-07-26 08:00,653.0,25.7,2.8,2533.5,1.0,1.0
2025-07-26 09:00,828.0,28.3,2.4,3158.9,1.0,1.0
2025-07-26 10:00,930.0,30.9,2.7,3490.0,1.0,1.0
2025-07-26 11:00,1017.0,33.3,2.8,3591.6,1.0,1.0
2025-07-26 12:00,1017.0,35.4,2.0,3607.6,1.0,1.0
2025-07-26 13:00,953.0,37.0,3.9,3521.3,1.0,1.0
2025-07-26 14:00,828.0,38.0,2.5,3076.7,1.0,1.0
2025-07-26 15:00,653.0,38.3,3.5,2442.2,1.0,1.0
2025-07-26 16:00,420.0,38.0,3.8,1625.9,1.0,1.0
2025-07-26 17:00,206.0,37.0,3.2,807.0,1.0,1.0
2025-07-26 18:00,11.0,35.4,3.5,43.7,1.0,1.0
2025-07-26 19:00,0.0,33.3,2.2,0.0,1.0,1.0
2025-07-26 20:00,0.0,30.9,1.4,0.0,1.0,1.0
2025-07-26 21:00,0.0,28.3,2.3,0.0,1.0,1.0
2025-07-26 22:00,0.0,25.7,1.7,0.0,1.0,1.0
2025-07-26 23:00,0.0,23.3,2.3,0.0,1.0,1.0
2025-07-27 00:00,0.0,19.8,2.5,0.0,1.0,1.0
2025-07-27 01:00,0.0,18.2,2.5,0.0,1.0,1.0
2025-07-27 02:00,0.0,17.2,1.6,0.0,1.0,1.0
2025-07-27 03:00,0.0,16.9,2.3,0.0,1.0,1.0
2025-07-27 04:00,0.0,17.2,3.3,0.0,1.0,1.0
2025-07-27 05:00,11.0,18.2,2.4,46.3,1.0,1.0
2025-07-27 06:00,203.0,19.8,1.8,853.2,1.0,1.0
2025-07-27 07:00,438.0,21.9,1.8,1789.4,1.0,1.0
2025-07-27 08:00,649.0,24.3,1.9,2529.1,1.0,1.0
2025-07-27 09:00,824.0,26.9,1.0,3058.6,1.0,1.0
2025-07-27 10:00,941.0,29.5,1.4,3516.9,1.0,1.0
2025-07-27 11:00,1010.0,31.9,3.1,3662.4,1.0,1.0
2025-07-27 12:00,984.0,33.9,3.3,3588.3,1.0,1.0
2025-07-27 13:00,953.0,35.5,3.3,3473.0,1.0,1.0
2025-07-27 14:00,825.0,36.5,4.1,3015.7,1.0,1.0
2025-07-27 15:00,646.0,36.9,2.7,2425.7,1.0,1.0
2025-07-27 16:00,429.0,36.5,3.2,1628.9,1.0,1.0
2025-07-27 17:00,199.0,35.5,3.9,770.7,1.0,1.0
2025-07-27 18:00,11.0,33.9,3.4,44.1,1.0,1.0
2025-07-27 19:00,0.0,31.9,2.7,0.0,1.0,1.0
2025-07-27 20:00,0.0,29.5,2.2,0.0,1.0,1.0
2025-07-27 21:00,0.0,26.9,1.1,0.0,1.0,1.0
2025-07-27 22:00,0.0,24.3,1.8,0.0,1.0,1.0
2025-07-27 23:00,0.0,21.9,1.3,0.0,1.0,1.0
2025-07-28 00:00,0.0,21.6,2.2,0.0,1.0,1.0
2025-07-28 01:00,0.0,20.0,1.6,0.0,1.0,1.0
2025-07-28 02:00,0.0,19.0,2.5,0.0,1.0,1.0
2025-07-28 03:00,0.0,18.6,1.1,0.0,1.0,1.0
2025-07-28 04:00,0.0,19.0,2.3,0.0,1.0,1.0
2025-07-28 05:00,12.0,20.0,2.6,51.8,1.0,1.0
2025-07-28 06:00,204.0,21.6,1.1,846.2,1.0,1.0
2025-07-28 07:00,433.0,23.6,1.0,1746.9,1.0,1.0
2025-07-28 08:00,627.0,26.1,2.3,2413.6,1.0,1.0
2025-07-28 09:00,817.0,28.6,3.7,3111.9,1.0,1.0
2025-07-28 10:00,939.0,31.2,1.3,3437.3,1.0,1.0
2025-07-28 11:00,1017.0,33.6,2.8,3675.9,1.0,1.0
2025-07-28 12:00,1017.0,35.7,3.0,3630.5,1.0,1.0
2025-07-28 13:00,920.0,37.3,4.0,3343.4,1.0,1.0
2025-07-28 14:00,827.0,38.3,3.7,3055.7,1.0,1.0
2025-07-28 15:00,612.0,38.6,3.9,2280.3,1.0,1.0
2025-07-28 16:00,422.0,38.3,2.6,1572.0,1.0,1.0
2025-07-28 17:00,202.0,37.3,2.7,789.3,1.0,1.0
2025-07-28 18:00,12.0,35.7,3.5,47.8,1.0,1.0
2025-07-28 19:00,0.0,33.6,2.4,0.0,1.0,1.0
2025-07-28 20:00,0.0,31.2,1.3,0.0,1.0,1.0
2025-07-28 21:00,0.0,28.6,1.6,0.0,1.0,1.0
2025-07-28 22:00,0.0,26.1,1.2,0.0,1.0,1.0
2025-07-28 23:00,0.0,23.6,1.8,0.0,1.0,1.0
2025-07-29 00:00,0.0,26.1,1.6,0.0,1.0,1.0
2025-07-29 01:00,0.0,24.5,1.7,0.0,1.0,1.0
2025-07-29 02:00,0.0,23.5,1.0,0.0,1.0,1.0
2025-07-29 03:00,0.0,23.2,1.2,0.0,1.0,1.0
2025-07-29 04:00,0.0,23.5,2.3,0.0,1.0,1.0
2025-07-29 05:00,12.0,24.5,1.9,50.1,1.0,1.0
2025-07-29 06:00,199.0,26.1,3.2,822.6,1.0,1.0
2025-07-29 07:00,434.0,28.2,2.2,1698.1,1.0,1.0
2025-07-29 08:00,651.0,30.6,2.2,2494.9,1.0,1.0
2025-07-29 09:00,827.0,33.2,2.5,3059.2,1.0,1.0
2025-07-29 10:00,931.0,35.8,2.4,3338.8,1.0,1.0
2025-07-29 11:00,1017.0,38.2,2.4,3622.8,1.0,1.0
2025-07-29 12:00,1000.0,40.2,4.0,3570.5,1.0,1.0
2025-07-29 13:00,952.0,41.8,2.8,3335.2,1.0,1.0
2025-07-29 14:00,796.0,42.8,3.8,2804.3,1.0,1.0
2025-07-29 15:00,639.0,43.2,3.3,2317.4,1.0,1.0
2025-07-29 16:00,434.0,42.8,3.5,1612.3,1.0,1.0
2025-07-29 17:00,203.0,41.8,4.0,777.7,1.0,1.0
2025-07-29 18:00,11.0,40.2,3.6,43.2,1.0,1.0
2025-07-29 19:00,0.0,38.2,2.9,0.0,1.0,1.0
2025-07-29 20:00,0.0,35.8,2.6,0.0,1.0,1.0
2025-07-29 21:00,0.0,33.2,2.3,0.0,1.0,1.0
2025-07-29 22:00,0.0,30.6,2.4,0.0,1.0,1.0
2025-07-29 23:00,0.0,28.2,2.2,0.0,1.0,1.0
2025-07-30 00:00,0.0,21.9,2.1,0.0,1.0,1.0
2025-07-30 01:00,0.0,20.3,2.6,0.0,1.0,1.0
2025-07-30 02:00,0.0,19.3,2.0,0.0,1.0,1.0
2025-07-30 03:00,0.0,19.0,2.2,0.0,1.0,1.0
2025-07-30 04:00,0.0,19.3,2.3,0.0,1.0,1.0
2025-07-30 05:00,11.0,20.3,1.9,48.0,1.0,1.0
2025-07-30 06:00,199.0,21.9,1.8,839.5,1.0,1.0
2025-07-30 07:00,407.0,24.0,1.3,1676.8,1.0,1.0
2025-07-30 08:00,633.0,26.4,2.2,2430.3,1.0,1.0
2025-07-30 09:00,745.0,29.0,1.7,2775.3,1.0,1.0
2025-07-30 10:00,909.0,31.6,2.0,3349.5,1.0,1.0
2025-07-30 11:00,968.0,34.0,1.9,3418.4,1.0,1.0
2025-07-30 12:00,909.0,36.1,2.9,3216.5,1.0,1.0
2025-07-30 13:00,908.0,37.6,2.6,3277.7,1.0,1.0
2025-07-30 14:00,805.0,38.6,3.4,2974.9,1.0,1.0
2025-07-30 15:00,602.0,39.0,4.1,2232.7,1.0,1.0
2025-07-30 16:00,412.0,38.6,3.7,1576.2,1.0,1.0
2025-07-30 17:00,188.0,37.6,4.3,726.7,1.0,1.0
2025-07-30 18:00,10.0,36.1,3.3,40.0,1.0,1.0
2025-07-30 19:00,0.0,34.0,4.4,0.0,1.0,1.0
2025-07-30 20:00,0.0,31.6,3.0,0.0,1.0,1.0
2025-07-30 21:00,0.0,29.0,1.8,0.0,1.0,1.0
2025-07-30 22:00,0.0,26.4,1.9,0.0,1.0,1.0
2025-07-30 23:00,0.0,24.0,3.2,0.0,1.0,1.0
2025-07-31 00:00,0.0,20.8,1.7,0.0,1.0,1.0
2025-07-31 01:00,0.0,19.2,1.4,0.0,1.0,1.0
2025-07-31 02:00,0.0,18.2,1.9,0.0,1.0,1.0
2025-07-31 03:00,0.0,17.8,1.7,0.0,1.0,1.0
2025-07-31 04:00,0.0,18.2,2.1,0.0,1.0,1.0
2025-07-31 05:00,11.0,19.2,2.5,47.1,1.0,1.0
2025-07-31 06:00,194.0,20.8,1.0,805.1,1.0,1.0
2025-07-31 07:00,434.0,22.8,2.1,1736.5,1.0,1.0
2025-07-31 08:00,620.0,25.3,1.5,2465.0,1.0,1.0
2025-07-31 09:00,804.0,27.8,2.1,3058.1,1.0,1.0
2025-07-31 10:00,945.0,30.4,2.2,3454.5,1.0,1.0
2025-07-31 11:00,947.0,32.8,2.8,3390.9,1.0,1.0
2025-07-31 12:00,974.0,34.9,2.9,3550.3,1.0,1.0
2025-07-31 13:00,928.0,36.5,3.9,3417.2,1.0,1.0
2025-07-31 14:00,800.0,37.5,2.8,2912.4,1.0,1.0
2025-07-31 15:00,622.0,37.8,4.0,2356.5,1.0,1.0
2025-07-31 16:00,422.0,37.5,3.5,1590.4,1.0,1.0
2025-07-31 17:00,200.0,36.5,3.4,771.6,1.0,1.0
2025-07-31 18:00,11.0,34.9,3.4,43.6,1.0,1.0
2025-07-31 19:00,0.0,32.8,3.1,0.0,1.0,1.0
2025-07-31 20:00,0.0,30.4,2.7,0.0,1.0,1.0
2025-07-31 21:00,0.0,27.8,1.5,0.0,1.0,1.0
2025-07-31 22:00,0.0,25.3,2.3,0.0,1.0,1.0
2025-07-31 23:00,0.0,22.8,1.6,0.0,1.0,1.0
2025-08-01 00:00,0.0,21.2,3.0,0.0,1.0,1.0
2025-08-01 01:00,0.0,19.6,2.9,0.0,1.0,1.0
2025-08-01 02:00,0.0,18.6,1.2,0.0,1.0,1.0
2025-08-01 03:00,0.0,18.2,1.7,0.0,1.0,1.0
2025-08-01 04:00,0.0,18.6,1.4,0.0,1.0,1.0
2025-08-01 05:00,12.0,19.6,1.0,51.9,1.0,1.0
2025-08-01 06:00,180.0,21.2,3.4,746.6,1.0,1.0
2025-08-01 07:00,419.0,23.2,2.9,1676.8,1.0,1.0
2025-08-01 08:00,617.0,25.7,1.6,2387.1,1.0,1.0
2025-08-01 09:00,755.0,28.2,2.1,2873.5,1.0,1.0
2025-08-01 10:00,897.0,30.8,1.5,3343.7,1.0,1.0
2025-08-01 11:00,976.0,33.2,3.6,3591.9,1.0,1.0
2025-08-01 12:00,934.0,35.3,3.6,3382.5,1.0,1.0
2025-08-01 13:00,913.0,36.9,3.0,3309.3,1.0,1.0
2025-08-01 14:00,697.0,37.9,3.5,2585.2,1.0,1.0
2025-08-01 15:00,611.0,38.2,4.2,2274.1,1.0,1.0
2025-08-01 16:00,423.0,37.9,3.2,1598.1,1.0,1.0
2025-08-01 17:00,187.0,36.9,4.7,737.0,1.0,1.0
2025-08-01 18:00,12.0,35.3,4.0,48.2,1.0,1.0
2025-08-01 19:00,0.0,33.2,1.9,0.0,1.0,1.0
2025-08-01 20:00,0.0,30.8,0.9,0.0,1.0,1.0
2025-08-01 21:00,0.0,28.2,2.9,0.0,1.0,1.0
2025-08-01 22:00,0.0,25.7,3.1,0.0,1.0,1.0
2025-08-01 23:00,0.0,23.2,1.9,0.0,1.0,1.0
2025-08-02 00:00,0.0,23.0,2.3,0.0,1.0,1.0
2025-08-02 01:00,0.0,21.4,2.2,0.0,1.0,1.0
2025-08-02 02:00,0.0,20.4,2.5,0.0,1.0,1.0
2025-08-02 03:00,0.0,20.1,2.1,0.0,1.0,1.0
2025-08-02 04:00,0.0,20.4,2.1,0.0,1.0,1.0
2025-08-02 05:00,8.0,21.4,2.7,33.7,1.0,1.0
2025-08-02 06:00,197.0,23.0,2.1,805.3,1.0,1.0
2025-08-02 07:00,432.0,25.1,2.1,1748.6,1.0,1.0
2025-08-02 08:00,619.0,27.5,2.5,2380.2,1.0,1.0
2025-08-02 09:00,825.0,30.1,2.3,3082.0,1.0,1.0
2025-08-02 10:00,927.0,32.7,2.5,3481.7,1.0,1.0
2025-08-02 11:00,985.0,35.1,3.1,3558.9,1.0,1.0
2025-08-02 12:00,1012.0,37.1,2.0,3542.1,1.0,1.0
2025-08-02 13:00,948.0,38.7,3.3,3319.9,1.0,1.0
2025-08-02 14:00,825.0,39.7,3.9,2955.2,1.0,1.0
2025-08-02 15:00,647.0,40.1,3.4,2392.5,1.0,1.0
2025-08-02 16:00,432.0,39.7,3.5,1633.3,1.0,1.0
2025-08-02 17:00,197.0,38.7,3.6,772.9,1.0,1.0
2025-08-02 18:00,11.0,37.1,3.6,44.2,1.0,1.0
2025-08-02 19:00,0.0,35.1,2.7,0.0,1.0,1.0
2025-08-02 20:00,0.0,32.7,2.1,0.0,1.0,1.0
2025-08-02 21:00,0.0,30.1,2.3,0.0,1.0,1.0
2025-08-02 22:00,0.0,27.5,2.2,0.0,1.0,1.0
2025-08-02 23:00,0.0,25.1,0.4,0.0,1.0,1.0
2025-08-03 00:00,0.0,23.6,2.2,0.0,1.0,1.0
2025-08-03 01:00,0.0,22.0,2.9,0.0,1.0,1.0
2025-08-03 02:00,0.0,21.0,2.9,0.0,1.0,1.0
2025-08-03 03:00,0.0,20.7,1.5,0.0,1.0,1.0
2025-08-03 04:00,0.0,21.0,1.7,0.0,1.0,1.0
2025-08-03 05:00,10.0,22.0,1.1,41.3,1.0,1.0
2025-08-03 06:00,180.0,23.6,2.0,743.6,1.0,1.0
2025-08-03 07:00,396.0,25.7,2.3,1585.9,1.0,1.0
2025-08-03 08:00,613.0,28.1,2.9,2396.0,1.0,1.0
2025-08-03 09:00,757.0,30.7,1.8,2839.7,1.0,1.0
2025-08-03 10:00,885.0,33.3,2.4,3218.3,1.0,1.0
2025-08-03 11:00,896.0,35.7,3.8,3170.7,1.0,1.0
2025-08-03 12:00,947.0,37.7,3.6,3345.7,1.0,1.0
2025-08-03 13:00,889.0,39.3,2.6,3215.6,1.0,1.0
2025-08-03 14:00,766.0,40.3,3.6,2829.3,1.0,1.0
2025-08-03 15:00,609.0,40.7,2.7,2274.4,1.0,1.0
2025-08-03 16:00,413.0,40.3,3.9,1563.8,1.0,1.0
2025-08-03 17:00,184.0,39.3,2.5,718.8,1.0,1.0
2025-08-03 18:00,10.0,37.7,3.0,39.4,1.0,1.0
2025-08-03 19:00,0.0,35.7,2.7,0.0,1.0,1.0
2025-08-03 20:00,0.0,33.3,3.6,0.0,1.0,1.0
2025-08-03 21:00,0.0,30.7,2.0,0.0,1.0,1.0
2025-08-03 22:00,0.0,28.1,1.3,0.0,1.0,1.0
2025-08-03 23:00,0.0,25.7,2.5,0.0,1.0,1.0
2025-08-04 00:00,0.0,22.9,2.4,0.0,1.0,1.0
2025-08-04 01:00,0.0,21.3,1.2,0.0,1.0,1.0
2025-08-04 02:00,0.0,20.3,3.2,0.0,1.0,1.0
2025-08-04 03:00,0.0,19.9,1.0,0.0,1.0,1.0
2025-08-04 04:00,0.0,20.3,2.2,0.0,1.0,1.0
2025-08-04 05:00,10.0,21.3,1.0,42.2,1.0,1.0
2025-08-04 06:00,190.0,22.9,2.9,775.2,1.0,1.0
2025-08-04 07:00,429.0,24.9,1.7,1696.5,1.0,1.0
2025-08-04 08:00,623.0,27.3,1.1,2414.4,1.0,1.0
2025-08-04 09:00,768.0,29.9,1.8,2834.3,1.0,1.0
2025-08-04 10:00,875.0,32.5,2.2,3249.9,1.0,1.0
2025-08-04 11:00,969.0,34.9,1.1,3446.5,1.0,1.0
2025-08-04 12:00,985.0,37.0,3.4,3572.6,1.0,1.0
2025-08-04 13:00,939.0,38.6,4.1,3396.3,1.0,1.0
2025-08-04 14:00,757.0,39.6,4.5,2816.6,1.0,1.0
2025-08-04 15:00,630.0,39.9,3.5,2362.1,1.0,1.0
2025-08-04 16:00,429.0,39.6,4.2,1649.0,1.0,1.0
2025-08-04 17:00,189.0,38.6,3.7,723.9,1.0,1.0
2025-08-04 18:00,10.0,37.0,3.1,39.8,1.0,1.0
2025-08-04 19:00,0.0,34.9,3.1,0.0,1.0,1.0
2025-08-04 20:00,0.0,32.5,1.8,0.0,1.0,1.0
2025-08-04 21:00,0.0,29.9,1.7,0.0,1.0,1.0
2025-08-04 22:00,0.0,27.3,2.7,0.0,1.0,1.0
2025-08-04 23:00,0.0,24.9,2.0,0.0,1.0,1.0
2025-08-05 00:00,0.0,19.7,2.6,0.0,1.0,1.0
2025-08-05 01:00,0.0,18.1,1.7,0.0,1.0,1.0
2025-08-05 02:00,0.0,17.1,2.1,0.0,1.0,1.0
2025-08-05 03:00,0.0,16.8,1.7,0.0,1.0,1.0
2025-08-05 04:00,0.0,17.1,2.3,0.0,1.0,1.0
2025-08-05 05:00,10.0,18.1,1.9,42.7,1.0,1.0
2025-08-05 06:00,179.0,19.7,2.5,762.4,1.0,1.0
2025-08-05 07:00,398.0,21.8,1.7,1599.7,1.0,1.0
2025-08-05 08:00,553.0,24.2,1.4,2222.5,1.0,1.0
2025-08-05 09:00,744.0,26.8,0.3,2792.6,1.0,1.0
2025-08-05 10:00,833.0,29.4,1.2,3117.9,1.0,1.0
2025-08-05 11:00,820.0,31.8,1.9,3004.0,1.0,1.0
2025-08-05 12:00,940.0,33.9,1.3,3297.8,1.0,1.0
2025-08-05 13:00,797.0,35.4,3.5,2974.6,1.0,1.0
2025-08-05 14:00,694.0,36.4,3.8,2638.8,1.0,1.0
2025-08-05 15:00,589.0,36.8,4.2,2237.8,1.0,1.0
2025-08-05 16:00,373.0,36.4,3.6,1473.3,1.0,1.0
2025-08-05 17:00,176.0,35.4,2.7,685.5,1.0,1.0
2025-08-05 18:00,11.0,33.9,2.2,44.4,1.0,1.0
2025-08-05 19:00,0.0,31.8,2.6,0.0,1.0,1.0
2025-08-05 20:00,0.0,29.4,1.5,0.0,1.0,1.0
2025-08-05 21:00,0.0,26.8,1.8,0.0,1.0,1.0
2025-08-05 22:00,0.0,24.2,2.1,0.0,1.0,1.0
2025-08-05 23:00,0.0,21.8,2.4,0.0,1.0,1.0
2025-08-06 00:00,0.0,23.5,2.7,0.0,1.0,1.0
2025-08-06 01:00,0.0,21.9,2.3,0.0,1.0,1.0
2025-08-06 02:00,0.0,20.9,1.5,0.0,1.0,1.0
2025-08-06 03:00,0.0,20.6,0.9,0.0,1.0,1.0
2025-08-06 04:00,0.0,20.9,3.2,0.0,1.0,1.0
2025-08-06 05:00,6.0,21.9,2.6,25.4,1.0,1.0
2025-08-06 06:00,190.0,23.5,1.6,776.4,1.0,1.0
2025-08-06 07:00,426.0,25.6,2.2,1681.1,1.0,1.0
2025-08-06 08:00,643.0,28.0,2.6,2481.9,1.0,1.0
2025-08-06 09:00,822.0,30.6,3.2,3085.1,1.0,1.0
2025-08-06 10:00,936.0,33.2,2.9,3476.1,1.0,1.0
2025-08-06 11:00,1014.0,35.6,2.2,3595.2,1.0,1.0
2025-08-06 12:00,1014.0,37.6,2.1,3556.1,1.0,1.0
2025-08-06 13:00,949.0,39.2,3.7,3419.5,1.0,1.0
2025-08-06 14:00,802.0,40.2,3.1,2954.4,1.0,1.0
2025-08-06 15:00,641.0,40.6,3.5,2377.7,1.0,1.0
2025-08-06 16:00,426.0,40.2,3.1,1613.6,1.0,1.0
2025-08-06 17:00,189.0,39.2,4.0,750.8,1.0,1.0
2025-08-06 18:00,8.0,37.6,2.8,31.6,1.0,1.0
2025-08-06 19:00,0.0,35.6,3.5,0.0,1.0,1.0
2025-08-06 20:00,0.0,33.2,2.0,0.0,1.0,1.0
2025-08-06 21:00,0.0,30.6,1.7,0.0,1.0,1.0
2025-08-06 22:00,0.0,28.0,1.4,0.0,1.0,1.0
2025-08-06 23:00,0.0,25.6,1.1,0.0,1.0,1.0
2025-08-07 00:00,0.0,21.7,2.8,0.0,1.0,1.0
2025-08-07 01:00,0.0,20.1,2.1,0.0,1.0,1.0
2025-08-07 02:00,0.0,19.1,0.7,0.0,1.0,1.0
2025-08-07 03:00,0.0,18.8,1.4,0.0,1.0,1.0
2025-08-07 04:00,0.0,19.1,2.1,0.0,1.0,1.0
2025-08-07 05:00,9.0,20.1,1.8,37.6,1.0,1.0
2025-08-07 06:00,180.0,21.7,1.4,737.4,1.0,1.0
2025-08-07 07:00,385.0,23.8,3.5,1559.3,1.0,1.0
2025-08-07 08:00,588.0,26.2,1.6,2293.3,1.0,1.0
2025-08-07 09:00,719.0,28.8,2.1,2694.2,1.0,1.0
2025-08-07 10:00,824.0,31.4,3.1,3101.7,1.0,1.0
2025-08-07 11:00,940.0,33.8,3.1,3386.9,1.0,1.0
2025-08-07 12:00,961.0,35.8,2.4,3450.1,1.0,1.0
2025-08-07 13:00,883.0,37.4,2.4,3172.5,1.0,1.0
2025-08-07 14:00,749.0,38.4,3.4,2713.4,1.0,1.0
2025-08-07 15:00,599.0,38.8,2.8,2224.1,1.0,1.0
2025-08-07 16:00,400.0,38.4,2.7,1534.6,1.0,1.0
2025-08-07 17:00,185.0,37.4,3.4,730.3,1.0,1.0
2025-08-07 18:00,8.0,35.8,4.2,32.1,1.0,1.0
2025-08-07 19:00,0.0,33.8,2.1,0.0,1.0,1.0
2025-08-07 20:00,0.0,31.4,2.1,0.0,1.0,1.0
2025-08-07 21:00,0.0,28.8,2.5,0.0,1.0,1.0
2025-08-07 22:00,0.0,26.2,1.4,0.0,1.0,1.0
2025-08-07 23:00,0.0,23.8,2.0,0.0,1.0,1.0
2025-08-08 00:00,0.0,20.9,0.6,0.0,1.0,1.0
2025-08-08 01:00,0.0,19.3,3.1,0.0,1.0,1.0
2025-08-08 02:00,0.0,18.3,1.5,0.0,1.0,1.0
2025-08-08 03:00,0.0,18.0,2.3,0.0,1.0,1.0
2025-08-08 04:00,0.0,18.3,3.0,0.0,1.0,1.0
2025-08-08 05:00,6.0,19.3,2.3,25.5,1.0,1.0
2025-08-08 06:00,180.0,20.9,1.2,740.8,1.0,1.0
2025-08-08 07:00,412.0,23.0,3.0,1644.8,1.0,1.0
2025-08-08 08:00,583.0,25.4,2.2,2306.4,1.0,1.0
2025-08-08 09:00,768.0,28.0,1.2,2916.5,1.0,1.0
2025-08-08 10:00,875.0,30.5,2.6,3247.5,1.0,1.0
2025-08-08 11:00,942.0,33.0,2.0,3403.4,1.0,1.0
2025-08-08 12:00,974.0,35.0,3.0,3515.8,1.0,1.0
2025-08-08 13:00,833.0,36.6,3.2,3035.8,1.0,1.0
2025-08-08 14:00,774.0,37.6,3.5,2872.3,1.0,1.0
2025-08-08 15:00,599.0,38.0,3.1,2181.4,1.0,1.0
2025-08-08 16:00,415.0,37.6,4.2,1573.9,1.0,1.0
2025-08-08 17:00,180.0,36.6,3.7,703.4,1.0,1.0
2025-08-08 18:00,8.0,35.0,2.4,31.8,1.0,1.0
2025-08-08 19:00,0.0,33.0,2.9,0.0,1.0,1.0
2025-08-08 20:00,0.0,30.5,2.8,0.0,1.0,1.0
2025-08-08 21:00,0.0,28.0,1.8,0.0,1.0,1.0
2025-08-08 22:00,0.0,25.4,2.1,0.0,1.0,1.0
2025-08-08 23:00,0.0,23.0,2.1,0.0,1.0,1.0
2025-08-09 00:00,0.0,21.7,3.1,0.0,1.0,1.0
2025-08-09 01:00,0.0,20.1,2.3,0.0,1.0,1.0
2025-08-09 02:00,0.0,19.1,1.7,0.0,1.0,1.0
2025-08-09 03:00,0.0,18.8,1.9,0.0,1.0,1.0
2025-08-09 04:00,0.0,19.1,1.8,0.0,1.0,1.0
2025-08-09 05:00,5.0,20.1,1.9,21.3,1.0,1.0
2025-08-09 06:00,177.0,21.7,1.5,730.2,1.0,1.0
2025-08-09 07:00,411.0,23.8,1.6,1608.1,1.0,1.0
2025-08-09 08:00,624.0,26.2,2.8,2426.5,1.0,1.0
2025-08-09 09:00,819.0,28.8,2.6,3079.1,1.0,1.0
2025-08-09 10:00,911.0,31.4,2.1,3317.0,1.0,1.0
2025-08-09 11:00,972.0,33.8,2.9,3537.5,1.0,1.0
2025-08-09 12:00,1013.0,35.9,4.0,3676.6,1.0,1.0
2025-08-09 13:00,912.0,37.5,3.8,3302.3,1.0,1.0
2025-08-09 14:00,797.0,38.5,2.6,2905.2,1.0,1.0
2025-08-09 15:00,640.0,38.8,4.2,2327.1,1.0,1.0
2025-08-09 16:00,419.0,38.5,2.7,1589.0,1.0,1.0
2025-08-09 17:00,182.0,37.5,5.5,729.8,1.0,1.0
2025-08-09 18:00,5.0,35.9,2.0,19.9,1.0,1.0
2025-08-09 19:00,0.0,33.8,2.1,0.0,1.0,1.0
2025-08-09 20:00,0.0,31.4,2.7,0.0,1.0,1.0
2025-08-09 21:00,0.0,28.8,3.2,0.0,1.0,1.0
2025-08-09 22:00,0.0,26.2,2.8,0.0,1.0,1.0
2025-08-09 23:00,0.0,23.8,2.6,0.0,1.0,1.0
2025-08-10 00:00,0.0,19.6,3.1,0.0,1.0,1.0
2025-08-10 01:00,0.0,18.0,2.4,0.0,1.0,1.0
2025-08-10 02:00,0.0,17.0,1.6,0.0,1.0,1.0
2025-08-10 03:00,0.0,16.7,1.6,0.0,1.0,1.0
2025-08-10 04:00,0.0,17.0,2.2,0.0,1.0,1.0
2025-08-10 05:00,5.0,18.0,1.9,21.4,1.0,1.0
2025-08-10 06:00,182.0,19.6,2.8,762.5,1.0,1.0
2025-08-10 07:00,396.0,21.7,1.2,1585.9,1.0,1.0
2025-08-10 08:00,631.0,24.1,1.9,2450.5,1.0,1.0
2025-08-10 09:00,819.0,26.7,2.1,3090.6,1.0,1.0
2025-08-10 10:00,942.0,29.3,1.9,3490.9,1.0,1.0
2025-08-10 11:00,1012.0,31.7,3.0,3712.2,1.0,1.0
2025-08-10 12:00,955.0,33.8,2.5,3470.6,1.0,1.0
2025-08-10 13:00,944.0,35.4,3.8,3463.3,1.0,1.0
2025-08-10 14:00,819.0,36.4,3.1,3019.9,1.0,1.0
2025-08-10 15:00,608.0,36.7,3.6,2236.2,1.0,1.0
2025-08-10 16:00,421.0,36.4,3.4,1615.2,1.0,1.0
2025-08-10 17:00,183.0,35.4,3.7,729.9,1.0,1.0
2025-08-10 18:00,5.0,33.8,2.4,20.1,1.0,1.0
2025-08-10 19:00,0.0,31.7,2.3,0.0,1.0,1.0
2025-08-10 20:00,0.0,29.3,2.2,0.0,1.0,1.0
2025-08-10 21:00,0.0,26.7,2.2,0.0,1.0,1.0
2025-08-10 22:00,0.0,24.1,2.3,0.0,1.0,1.0
2025-08-10 23:00,0.0,21.7,1.8,0.0,1.0,1.0
2025-08-11 00:00,0.0,18.9,2.9,0.0,1.0,1.0
2025-08-11 01:00,0.0,17.3,1.1,0.0,1.0,1.0
2025-08-11 02:00,0.0,16.3,2.2,0.0,1.0,1.0
2025-08-11 03:00,0.0,16.0,2.1,0.0,1.0,1.0
2025-08-11 04:00,0.0,16.3,2.3,0.0,1.0,1.0
2025-08-11 05:00,4.0,17.3,1.7,16.9,1.0,1.0
2025-08-11 06:00,181.0,18.9,2.2,771.3,1.0,1.0
2025-08-11 07:00,419.0,21.0,1.3,1709.5,1.0,1.0
2025-08-11 08:00,633.0,23.4,2.1,2475.3,1.0,1.0
2025-08-11 09:00,811.0,26.0,2.4,3029.5,1.0,1.0
2025-08-11 10:00,945.0,28.5,2.0,3582.9,1.0,1.0
2025-08-11 11:00,1011.0,31.0,1.8,3660.3,1.0,1.0
2025-08-11 12:00,1011.0,33.0,3.6,3588.9,1.0,1.0
2025-08-11 13:00,944.0,34.6,2.5,3419.3,1.0,1.0
2025-08-11 14:00,798.0,35.6,2.7,2975.7,1.0,1.0
2025-08-11 15:00,638.0,36.0,3.8,2391.0,1.0,1.0
2025-08-11 16:00,419.0,35.6,3.5,1565.8,1.0,1.0
2025-08-11 17:00,180.0,34.6,3.1,704.0,1.0,1.0
2025-08-11 18:00,4.0,33.0,3.1,16.3,1.0,1.0
2025-08-11 19:00,0.0,31.0,1.7,0.0,1.0,1.0
2025-08-11 20:00,0.0,28.5,2.9,0.0,1.0,1.0
2025-08-11 21:00,0.0,26.0,2.1,0.0,1.0,1.0
2025-08-11 22:00,0.0,23.4,1.3,0.0,1.0,1.0
2025-08-11 23:00,0.0,21.0,0.3,0.0,1.0,1.0
2025-08-12 00:00,0.0,22.9,3.0,0.0,1.0,1.0
2025-08-12 01:00,0.0,21.3,2.4,0.0,1.0,1.0
2025-08-12 02:00,0.0,20.3,1.7,0.0,1.0,1.0
2025-08-12 03:00,0.0,20.0,1.9,0.0,1.0,1.0
2025-08-12 04:00,0.0,20.3,3.7,0.0,1.0,1.0
2025-08-12 05:00,4.0,21.3,2.1,16.8,1.0,1.0
2025-08-12 06:00,176.0,22.9,1.2,728.5,1.0,1.0
2025-08-12 07:00,400.0,25.0,1.1,1571.4,1.0,1.0
2025-08-12 08:00,619.0,27.4,1.6,2369.9,1.0,1.0
2025-08-12 09:00,781.0,30.0,1.6,2969.9,1.0,1.0
2025-08-12 10:00,878.0,32.6,2.3,3244.8,1.0,1.0
2025-08-12 11:00,982.0,35.0,2.8,3559.6,1.0,1.0
2025-08-12 12:00,994.0,37.0,2.7,3499.0,1.0,1.0
2025-08-12 13:00,855.0,38.6,4.4,3087.2,1.0,1.0
2025-08-12 14:00,758.0,39.6,3.6,2795.5,1.0,1.0
2025-08-12 15:00,592.0,40.0,4.2,2171.5,1.0,1.0
2025-08-12 16:00,405.0,39.6,3.5,1553.7,1.0,1.0
2025-08-12 17:00,172.0,38.6,3.8,675.2,1.0,1.0
2025-08-12 18:00,4.0,37.0,3.6,16.0,1.0,1.0
2025-08-12 19:00,0.0,35.0,3.0,0.0,1.0,1.0
2025-08-12 20:00,0.0,32.6,2.3,0.0,1.0,1.0
2025-08-12 21:00,0.0,30.0,2.5,0.0,1.0,1.0
2025-08-12 22:00,0.0,27.4,2.4,0.0,1.0,1.0
2025-08-12 23:00,0.0,25.0,2.5,0.0,1.0,1.0
2025-08-13 00:00,0.0,19.1,1.4,0.0,1.0,1.0
2025-08-13 01:00,0.0,17.5,1.0,0.0,1.0,1.0
2025-08-13 02:00,0.0,16.5,2.3,0.0,1.0,1.0
2025-08-13 03:00,0.0,16.2,1.4,0.0,1.0,1.0
2025-08-13 04:00,0.0,16.5,3.0,0.0,1.0,1.0
2025-08-13 05:00,15.0,17.5,0.6,62.3,1.0,1.0
2025-08-13 06:00,178.0,19.1,1.8,740.4,1.0,1.0
2025-08-13 07:00,416.0,21.2,2.1,1670.9,1.0,1.0
2025-08-13 08:00,635.0,23.6,1.9,2507.9,1.0,1.0
2025-08-13 09:00,816.0,26.2,2.5,3133.8,1.0,1.0
2025-08-13 10:00,944.0,28.8,2.2,3444.9,1.0,1.0
2025-08-13 11:00,982.0,31.2,2.9,3463.4,1.0,1.0
2025-08-13 12:00,1010.0,33.3,3.6,3682.4,1.0,1.0
2025-08-13 13:00,944.0,34.9,2.6,3437.5,1.0,1.0
2025-08-13 14:00,816.0,35.9,3.8,3008.4,1.0,1.0
2025-08-13 15:00,635.0,36.2,4.8,2381.7,1.0,1.0
2025-08-13 16:00,416.0,35.9,3.3,1609.5,1.0,1.0
2025-08-13 17:00,171.0,34.9,3.1,675.1,1.0,1.0
2025-08-13 18:00,15.0,33.3,3.4,61.5,1.0,1.0
2025-08-13 19:00,0.0,31.2,2.6,0.0,1.0,1.0
2025-08-13 20:00,0.0,28.8,0.5,0.0,1.0,1.0
2025-08-13 21:00,0.0,26.2,3.6,0.0,1.0,1.0
2025-08-13 22:00,0.0,23.6,2.0,0.0,1.0,1.0
2025-08-13 23:00,0.0,21.2,2.1,0.0,1.0,1.0
2025-08-14 00:00,0.0,24.2,1.8,0.0,1.0,1.0
2025-08-14 01:00,0.0,22.6,1.9,0.0,1.0,1.0
2025-08-14 02:00,0.0,21.6,1.7,0.0,1.0,1.0
2025-08-14 03:00,0.0,21.3,1.9,0.0,1.0,1.0
2025-08-14 04:00,0.0,21.6,1.3,0.0,1.0,1.0
2025-08-14 05:00,12.0,22.6,2.0,50.5,1.0,1.0
2025-08-14 06:00,163.0,24.2,1.7,673.7,1.0,1.0
2025-08-14 07:00,382.0,26.3,3.4,1529.1,1.0,1.0
2025-08-14 08:00,590.0,28.7,2.0,2291.9,1.0,1.0
2025-08-14 09:00,768.0,31.3,2.1,2834.6,1.0,1.0
2025-08-14 10:00,943.0,33.9,2.2,3376.6,1.0,1.0
2025-08-14 11:00,936.0,36.3,2.7,3391.7,1.0,1.0
2025-08-14 12:00,957.0,38.4,3.5,3428.1,1.0,1.0
2025-08-14 13:00,907.0,40.0,3.3,3287.2,1.0,1.0
2025-08-14 14:00,813.0,41.0,3.6,2902.6,1.0,1.0
2025-08-14 15:00,591.0,41.3,2.9,2145.8,1.0,1.0
2025-08-14 16:00,390.0,41.0,3.5,1470.1,1.0,1.0
2025-08-14 17:00,170.0,40.0,4.0,657.2,1.0,1.0
2025-08-14 18:00,12.0,38.4,3.4,46.8,1.0,1.0
2025-08-14 19:00,0.0,36.3,3.3,0.0,1.0,1.0
2025-08-14 20:00,0.0,33.9,2.8,0.0,1.0,1.0
2025-08-14 21:00,0.0,31.3,1.7,0.0,1.0,1.0
2025-08-14 22:00,0.0,28.7,1.5,0.0,1.0,1.0
2025-08-14 23:00,0.0,26.3,3.2,0.0,1.0,1.0
2025-08-15 00:00,0.0,21.5,2.4,0.0,1.0,1.0
2025-08-15 01:00,0.0,19.9,2.3,0.0,1.0,1.0
2025-08-15 02:00,0.0,18.9,2.2,0.0,1.0,1.0
2025-08-15 03:00,0.0,18.6,2.3,0.0,1.0,1.0
2025-08-15 04:00,0.0,18.9,2.1,0.0,1.0,1.0
2025-08-15 05:00,10.0,19.9,1.7,46.1,1.0,1.0
2025-08-15 06:00,167.0,21.5,2.4,729.4,1.0,1.0
2025-08-15 07:00,409.0,23.6,2.2,1764.4,1.0,1.0
2025-08-15 08:00,614.0,26.0,2.3,2547.8,1.0,1.0
2025-08-15 09:00,781.0,28.6,3.1,3131.6,1.0,1.0
2025-08-15 10:00,877.0,31.1,2.8,3417.0,1.0,1.0
2025-08-15 11:00,918.0,33.6,3.0,3556.0,1.0,1.0
2025-08-15 12:00,970.0,35.6,3.0,3681.9,1.0,1.0
2025-08-15 13:00,938.0,37.2,3.9,3676.4,1.0,1.0
2025-08-15 14:00,759.0,38.2,3.5,2964.9,1.0,1.0
2025-08-15 15:00,597.0,38.6,4.0,2357.7,1.0,1.0
2025-08-15 16:00,405.0,38.2,3.3,1661.3,1.0,1.0
2025-08-15 17:00,165.0,37.2,3.1,677.1,1.0,1.0
2025-08-15 18:00,10.0,35.6,3.3,41.8,1.0,1.0
2025-08-15 19:00,0.0,33.6,3.8,0.0,1.0,1.0
2025-08-15 20:00,0.0,31.1,3.4,0.0,1.0,1.0
2025-08-15 21:00,0.0,28.6,1.7,0.0,1.0,1.0
2025-08-15 22:00,0.0,26.0,1.9,0.0,1.0,1.0
2025-08-15 23:00,0.0,23.6,0.9,0.0,1.0,1.0
2025-08-16 00:00,0.0,20.5,3.4,0.0,1.0,1.0
2025-08-16 01:00,0.0,18.9,2.2,0.0,1.0,1.0
2025-08-16 02:00,0.0,17.9,2.1,0.0,1.0,1.0
2025-08-16 03:00,0.0,17.5,1.1,0.0,1.0,1.0
2025-08-16 04:00,0.0,17.9,2.7,0.0,1.0,1.0
2025-08-16 05:00,9.0,18.9,1.6,39.3,1.0,1.0
2025-08-16 06:00,163.0,20.5,2.6,713.2,1.0,1.0
2025-08-16 07:00,411.0,22.5,1.9,1758.4,1.0,1.0
2025-08-16 08:00,631.0,25.0,1.4,2564.7,1.0,1.0
2025-08-16 09:00,763.0,27.5,2.1,3051.9,1.0,1.0
2025-08-16 10:00,928.0,30.1,3.1,3646.3,1.0,1.0
2025-08-16 11:00,1008.0,32.5,1.9,3842.6,1.0,1.0
2025-08-16 12:00,1008.0,34.6,2.9,3838.2,1.0,1.0
2025-08-16 13:00,887.0,36.2,2.9,3361.5,1.0,1.0
2025-08-16 14:00,809.0,37.2,4.2,3133.0,1.0,1.0
2025-08-16 15:00,628.0,37.5,3.7,2499.0,1.0,1.0
2025-08-16 16:00,391.0,37.2,4.7,1559.8,1.0,1.0
2025-08-16 17:00,171.0,36.2,3.1,697.0,1.0,1.0
2025-08-16 18:00,8.0,34.6,4.3,33.9,1.0,1.0
2025-08-16 19:00,0.0,32.5,4.0,0.0,1.0,1.0
2025-08-16 20:00,0.0,30.1,2.1,0.0,1.0,1.0
2025-08-16 21:00,0.0,27.5,2.2,0.0,1.0,1.0
2025-08-16 22:00,0.0,25.0,1.9,0.0,1.0,1.0
2025-08-16 23:00,0.0,22.5,2.5,0.0,1.0,1.0
2025-08-17 00:00,0.0,18.8,1.7,0.0,1.0,1.0
2025-08-17 01:00,0.0,17.2,1.7,0.0,1.0,1.0
2025-08-17 02:00,0.0,16.2,2.8,0.0,1.0,1.0
2025-08-17 03:00,0.0,15.9,3.0,0.0,1.0,1.0
2025-08-17 04:00,0.0,16.2,3.1,0.0,1.0,1.0
2025-08-17 05:00,7.0,17.2,1.7,31.1,1.0,1.0
2025-08-17 06:00,168.0,18.8,2.8,750.6,1.0,1.0
2025-08-17 07:00,403.0,20.9,0.8,1687.5,1.0,1.0
2025-08-17 08:00,593.0,23.3,2.8,2506.0,1.0,1.0
2025-08-17 09:00,776.0,25.9,2.6,3144.7,1.0,1.0
2025-08-17 10:00,887.0,28.5,2.1,3416.0,1.0,1.0
2025-08-17 11:00,935.0,30.9,3.7,3669.7,1.0,1.0
2025-08-17 12:00,1007.0,33.0,3.8,3878.7,1.0,1.0
2025-08-17 13:00,913.0,34.5,4.1,3543.2,1.0,1.0
2025-08-17 14:00,702.0,35.5,3.1,2756.0,1.0,1.0
2025-08-17 15:00,609.0,35.9,2.6,2385.8,1.0,1.0
2025-08-17 16:00,397.0,35.5,3.3,1633.7,1.0,1.0
2025-08-17 17:00,169.0,34.5,3.0,701.2,1.0,1.0
2025-08-17 18:00,7.0,33.0,2.9,30.2,1.0,1.0
2025-08-17 19:00,0.0,30.9,2.5,0.0,1.0,1.0
2025-08-17 20:00,0.0,28.5,2.0,0.0,1.0,1.0
2025-08-17 21:00,0.0,25.9,2.7,0.0,1.0,1.0
2025-08-17 22:00,0.0,23.3,2.7,0.0,1.0,1.0
2025-08-17 23:00,0.0,20.9,2.1,0.0,1.0,1.0
2025-08-18 00:00,0.0,23.5,2.2,0.0,1.0,1.0
2025-08-18 01:00,0.0,21.9,1.7,0.0,1.0,1.0
2025-08-18 02:00,0.0,20.9,1.7,0.0,1.0,1.0
2025-08-18 03:00,0.0,20.6,2.0,0.0,1.0,1.0
2025-08-18 04:00,0.0,20.9,2.0,0.0,1.0,1.0
2025-08-18 05:00,5.0,21.9,1.7,22.3,1.0,1.0
2025-08-18 06:00,155.0,23.5,1.7,676.0,1.0,1.0
2025-08-18 07:00,382.0,25.6,2.2,1591.5,1.0,1.0
2025-08-18 08:00,553.0,28.0,1.2,2194.2,1.0,1.0
2025-08-18 09:00,771.0,30.6,1.3,3056.1,1.0,1.0
2025-08-18 10:00,853.0,33.2,2.5,3368.1,1.0,1.0
2025-08-18 11:00,928.0,35.6,3.4,3529.1,1.0,1.0
2025-08-18 12:00,908.0,37.7,4.1,3520.1,1.0,1.0
2025-08-18 13:00,847.0,39.3,3.3,3245.0,1.0,1.0
2025-08-18 14:00,690.0,40.2,2.9,2638.2,1.0,1.0
2025-08-18 15:00,583.0,40.6,4.2,2258.9,1.0,1.0
2025-08-18 16:00,357.0,40.2,3.5,1455.8,1.0,1.0
2025-08-18 17:00,157.0,39.3,4.1,642.1,1.0,1.0
2025-08-18 18:00,4.0,37.7,4.0,16.8,1.0,1.0
2025-08-18 19:00,0.0,35.6,3.2,0.0,1.0,1.0
2025-08-18 20:00,0.0,33.2,2.6,0.0,1.0,1.0
2025-08-18 21:00,0.0,30.6,2.3,0.0,1.0,1.0
2025-08-18 22:00,0.0,28.0,1.8,0.0,1.0,1.0
2025-08-18 23:00,0.0,25.6,2.1,0.0,1.0,1.0
2025-08-19 00:00,0.0,24.2,1.7,0.0,1.0,1.0
2025-08-19 01:00,0.0,22.6,2.2,0.0,1.0,1.0
2025-08-19 02:00,0.0,21.6,2.0,0.0,1.0,1.0
2025-08-19 03:00,0.0,21.3,2.3,0.0,1.0,1.0
2025-08-19 04:00,0.0,21.6,2.1,0.0,1.0,1.0
2025-08-19 05:00,3.0,22.6,2.6,13.2,1.0,1.0
2025-08-19 06:00,160.0,24.2,2.0,695.0,1.0,1.0
2025-08-19 07:00,385.0,26.3,2.1,1627.4,1.0,1.0
2025-08-19 08:00,596.0,28.7,1.8,2468.9,1.0,1.0
2025-08-19 09:00,763.0,31.3,1.9,3012.4,1.0,1.0
2025-08-19 10:00,898.0,33.9,2.6,3487.7,1.0,1.0
2025-08-19 11:00,941.0,36.3,4.2,3603.8,1.0,1.0
2025-08-19 12:00,949.0,38.4,3.0,3554.9,1.0,1.0
2025-08-19 13:00,910.0,40.0,4.6,3536.2,1.0,1.0
2025-08-19 14:00,779.0,41.0,3.2,2963.8,1.0,1.0
2025-08-19 15:00,627.0,41.3,2.7,2443.8,1.0,1.0
2025-08-19 16:00,400.0,41.0,4.4,1575.8,1.0,1.0
2025-08-19 17:00,163.0,40.0,4.0,672.0,1.0,1.0
2025-08-19 18:00,3.0,38.4,3.3,12.7,1.0,1.0
2025-08-19 19:00,0.0,36.3,3.2,0.0,1.0,1.0
2025-08-19 20:00,0.0,33.9,3.1,0.0,1.0,1.0
2025-08-19 21:00,0.0,31.3,2.6,0.0,1.0,1.0
2025-08-19 22:00,0.0,28.7,3.3,0.0,1.0,1.0
2025-08-19 23:00,0.0,26.3,1.7,0.0,1.0,1.0
2025-08-20 00:00,0.0,20.7,1.4,0.0,1.0,1.0
2025-08-20 01:00,0.0,19.1,3.1,0.0,1.0,1.0
2025-08-20 02:00,0.0,18.1,2.4,0.0,1.0,1.0
2025-08-20 03:00,0.0,17.7,1.2,0.0,1.0,1.0
2025-08-20 04:00,0.0,18.1,2.5,0.0,1.0,1.0
2025-08-20 05:00,2.0,19.1,2.7,9.2,1.0,1.0
2025-08-20 06:00,162.0,20.7,2.3,710.8,1.0,1.0
2025-08-20 07:00,388.0,22.7,1.8,1629.8,1.0,1.0
2025-08-20 08:00,610.0,25.1,1.2,2508.3,1.0,1.0
2025-08-20 09:00,807.0,27.7,3.3,3213.1,1.0,1.0
2025-08-20 10:00,882.0,30.3,1.9,3358.5,1.0,1.0
2025-08-20 11:00,1004.0,32.7,2.5,3902.0,1.0,1.0
2025-08-20 12:00,968.0,34.8,3.6,3741.1,1.0,1.0
2025-08-20 13:00,937.0,36.4,4.0,3652.9,1.0,1.0
2025-08-20 14:00,804.0,37.4,3.6,2955.8,1.0,1.0
2025-08-20 15:00,625.0,37.7,3.7,2412.9,1.0,1.0
2025-08-20 16:00,403.0,37.4,3.3,1636.8,1.0,1.0
2025-08-20 17:00,163.0,36.4,3.0,689.8,1.0,1.0
2025-08-20 18:00,2.0,34.8,3.0,8.3,1.0,1.0
2025-08-20 19:00,0.0,32.7,4.0,0.0,1.0,1.0
2025-08-20 20:00,0.0,30.3,3.5,0.0,1.0,1.0
2025-08-20 21:00,0.0,27.7,1.7,0.0,1.0,1.0
2025-08-20 22:00,0.0,25.1,1.7,0.0,1.0,1.0
2025-08-20 23:00,0.0,22.7,1.1,0.0,1.0,1.0
2025-08-21 00:00,0.0,21.2,2.8,0.0,1.0,1.0
2025-08-21 01:00,0.0,19.6,2.0,0.0,1.0,1.0
2025-08-21 02:00,0.0,18.6,1.5,0.0,1.0,1.0
2025-08-21 03:00,0.0,18.2,2.4,0.0,1.0,1.0
2025-08-21 04:00,0.0,18.6,2.8,0.0,1.0,1.0
2025-08-21 05:00,0.0,19.6,1.4,0.0,1.0,1.0
2025-08-21 06:00,157.0,21.2,2.2,690.1,1.0,1.0
2025-08-21 07:00,387.0,23.2,1.6,1660.1,1.0,1.0
2025-08-21 08:00,618.0,25.7,0.6,2519.0,1.0,1.0
2025-08-21 09:00,760.0,28.2,2.5,3065.8,1.0,1.0
2025-08-21 10:00,888.0,30.8,2.6,3513.4,1.0,1.0
2025-08-21 11:00,887.0,33.2,1.6,3452.2,1.0,1.0
2025-08-21 12:00,951.0,35.3,2.4,3590.9,1.0,1.0
2025-08-21 13:00,876.0,36.9,2.9,3401.2,1.0,1.0
2025-08-21 14:00,780.0,37.9,2.9,2964.8,1.0,1.0
2025-08-21 15:00,579.0,38.2,3.7,2253.5,1.0,1.0
2025-08-21 16:00,386.0,37.9,3.6,1543.5,1.0,1.0
2025-08-21 17:00,149.0,36.9,3.1,616.1,1.0,1.0
2025-08-21 18:00,0.0,35.3,2.6,0.0,1.0,1.0
2025-08-21 19:00,0.0,33.2,3.4,0.0,1.0,1.0
2025-08-21 20:00,0.0,30.8,2.4,0.0,1.0,1.0
2025-08-21 21:00,0.0,28.2,1.9,0.0,1.0,1.0
2025-08-21 22:00,0.0,25.7,2.0,0.0,1.0,1.0
2025-08-21 23:00,0.0,23.2,2.0,0.0,1.0,1.0
2025-08-22 00:00,0.0,20.8,1.8,0.0,1.0,1.0
2025-08-22 01:00,0.0,19.3,2.9,0.0,1.0,1.0
2025-08-22 02:00,0.0,18.3,2.5,0.0,1.0,1.0
2025-08-22 03:00,0.0,17.9,1.6,0.0,1.0,1.0
2025-08-22 04:00,0.0,18.3,1.8,0.0,1.0,1.0
2025-08-22 05:00,0.0,19.3,2.3,0.0,1.0,1.0
2025-08-22 06:00,144.0,20.8,2.8,638.7,1.0,1.0
2025-08-22 07:00,394.0,22.9,1.6,1639.3,1.0,1.0
2025-08-22 08:00,609.0,25.3,3.4,2523.7,1.0,1.0
2025-08-22 09:00,758.0,27.9,1.6,2977.4,1.0,1.0
2025-08-22 10:00,926.0,30.5,1.4,3495.8,1.0,1.0
2025-08-22 11:00,941.0,32.9,3.3,3662.4,1.0,1.0
2025-08-22 12:00,953.0,35.0,3.4,3624.7,1.0,1.0
2025-08-22 13:00,861.0,36.6,3.3,3377.8,1.0,1.0
2025-08-22 14:00,802.0,37.6,3.4,3048.6,1.0,1.0
2025-08-22 15:00,565.0,37.9,4.5,2259.6,1.0,1.0
2025-08-22 16:00,378.0,37.6,4.4,1542.5,1.0,1.0
2025-08-22 17:00,150.0,36.6,3.1,628.5,1.0,1.0
2025-08-22 18:00,0.0,35.0,2.9,0.0,1.0,1.0
2025-08-22 19:00,0.0,32.9,2.8,0.0,1.0,1.0
2025-08-22 20:00,0.0,30.5,1.9,0.0,1.0,1.0
2025-08-22 21:00,0.0,27.9,2.0,0.0,1.0,1.0
2025-08-22 22:00,0.0,25.3,2.0,0.0,1.0,1.0
2025-08-22 23:00,0.0,22.9,1.4,0.0,1.0,1.0
2025-08-23 00:00,0.0,22.3,1.9,0.0,1.0,1.0
2025-08-23 01:00,0.0,20.7,2.8,0.0,1.0,1.0
2025-08-23 02:00,0.0,19.7,2.2,0.0,1.0,1.0
2025-08-23 03:00,0.0,19.4,1.6,0.0,1.0,1.0
2025-08-23 04:00,0.0,19.7,1.6,0.0,1.0,1.0
2025-08-23 05:00,0.0,20.7,2.3,0.0,1.0,1.0
2025-08-23 06:00,149.0,22.3,1.6,643.7,1.0,1.0
2025-08-23 07:00,381.0,24.4,2.5,1599.9,1.0,1.0
2025-08-23 08:00,594.0,26.8,2.3,2434.5,1.0,1.0
2025-08-23 09:00,764.0,29.4,2.3,3063.5,1.0,1.0
2025-08-23 10:00,885.0,32.0,2.4,3380.7,1.0,1.0
2025-08-23 11:00,917.0,34.4,2.4,3476.3,1.0,1.0
2025-08-23 12:00,869.0,36.4,2.5,3284.4,1.0,1.0
2025-08-23 13:00,881.0,38.0,3.5,3289.6,1.0,1.0
2025-08-23 14:00,753.0,39.0,3.9,2880.9,1.0,1.0
2025-08-23 15:00,572.0,39.4,3.2,2190.0,1.0,1.0
2025-08-23 16:00,346.0,39.0,2.6,1394.7,1.0,1.0
2025-08-23 17:00,150.0,38.0,3.6,609.8,1.0,1.0
2025-08-23 18:00,0.0,36.4,3.5,0.0,1.0,1.0
2025-08-23 19:00,0.0,34.4,2.4,0.0,1.0,1.0
2025-08-23 20:00,0.0,32.0,3.1,0.0,1.0,1.0
2025-08-23 21:00,0.0,29.4,0.9,0.0,1.0,1.0
2025-08-23 22:00,0.0,26.8,2.6,0.0,1.0,1.0
2025-08-23 23:00,0.0,24.4,3.1,0.0,1.0,1.0
2025-08-24 00:00,0.0,20.9,2.2,0.0,1.0,1.0
2025-08-24 01:00,0.0,19.3,2.7,0.0,1.0,1.0
2025-08-24 02:00,0.0,18.3,1.7,0.0,1.0,1.0
2025-08-24 03:00,0.0,17.9,2.0,0.0,1.0,1.0
2025-08-24 04:00,0.0,18.3,2.6,0.0,1.0,1.0
2025-08-24 05:00,0.0,19.3,1.6,0.0,1.0,1.0
2025-08-24 06:00,149.0,20.9,2.2,647.4,1.0,1.0
2025-08-24 07:00,359.0,22.9,2.1,1566.2,1.0,1.0
2025-08-24 08:00,571.0,25.4,2.2,2360.3,1.0,1.0
2025-08-24 09:00,718.0,27.9,1.4,2872.4,1.0,1.0
2025-08-24 10:00,810.0,30.5,2.7,3190.7,1.0,1.0
2025-08-24 11:00,879.0,32.9,2.5,3323.2,1.0,1.0
2025-08-24 12:00,967.0,35.0,3.3,3697.0,1.0,1.0
2025-08-24 13:00,857.0,36.6,3.4,3357.9,1.0,1.0
2025-08-24 14:00,770.0,37.6,3.2,2991.4,1.0,1.0
2025-08-24 15:00,586.0,37.9,4.2,2364.1,1.0,1.0
2025-08-24 16:00,360.0,37.6,3.6,1457.4,1.0,1.0
2025-08-24 17:00,146.0,36.6,3.4,615.6,1.0,1.0
2025-08-24 18:00,0.0,35.0,2.7,0.0,1.0,1.0
2025-08-24 19:00,0.0,32.9,2.5,0.0,1.0,1.0
2025-08-24 20:00,0.0,30.5,3.0,0.0,1.0,1.0
2025-08-24 21:00,0.0,27.9,1.9,0.0,1.0,1.0
2025-08-24 22:00,0.0,25.4,0.5,0.0,1.0,1.0
2025-08-24 23:00,0.0,22.9,2.4,0.0,1.0,1.0
2025-08-25 00:00,0.0,21.2,1.8,0.0,1.0,1.0
2025-08-25 01:00,0.0,19.6,1.6,0.0,1.0,1.0
2025-08-25 02:00,0.0,18.6,1.9,0.0,1.0,1.0
2025-08-25 03:00,0.0,18.3,1.4,0.0,1.0,1.0
2025-08-25 04:00,0.0,18.6,2.2,0.0,1.0,1.0
2025-08-25 05:00,0.0,19.6,1.3,0.0,1.0,1.0
2025-08-25 06:00,145.0,21.2,3.2,638.0,1.0,1.0
2025-08-25 07:00,378.0,23.3,1.9,1606.2,1.0,1.0
2025-08-25 08:00,545.0,25.7,1.9,2275.3,1.0,1.0
2025-08-25 09:00,740.0,28.3,2.1,2935.0,1.0,1.0
2025-08-25 10:00,870.0,30.9,1.9,3404.0,1.0,1.0
2025-08-25 11:00,889.0,33.3,2.8,3401.5,1.0,1.0
2025-08-25 12:00,938.0,35.4,3.9,3616.8,1.0,1.0
2025-08-25 13:00,821.0,37.0,2.9,3185.3,1.0,1.0
2025-08-25 14:00,730.0,38.0,3.0,2845.2,1.0,1.0
2025-08-25 15:00,568.0,38.3,3.8,2249.4,1.0,1.0
2025-08-25 16:00,369.0,38.0,3.6,1487.5,1.0,1.0
2025-08-25 17:00,147.0,37.0,3.9,606.8,1.0,1.0
2025-08-25 18:00,0.0,35.4,3.9,0.0,1.0,1.0
2025-08-25 19:00,0.0,33.3,2.5,0.0,1.0,1.0
2025-08-25 20:00,0.0,30.9,2.6,0.0,1.0,1.0
2025-08-25 21:00,0.0,28.3,1.9,0.0,1.0,1.0
2025-08-25 22:00,0.0,25.7,2.1,0.0,1.0,1.0
2025-08-25 23:00,0.0,23.3,2.5,0.0,1.0,1.0
2025-08-26 00:00,0.0,21.0,2.2,0.0,1.0,1.0
2025-08-26 01:00,0.0,19.4,1.8,0.0,1.0,1.0
2025-08-26 02:00,0.0,18.4,0.5,0.0,1.0,1.0
2025-08-26 03:00,0.0,18.0,0.8,0.0,1.0,1.0
2025-08-26 04:00,0.0,18.4,2.1,0.0,1.0,1.0
2025-08-26 05:00,0.0,19.4,2.8,0.0,1.0,1.0
2025-08-26 06:00,138.0,21.0,2.9,607.9,1.0,1.0
2025-08-26 07:00,386.0,23.0,2.5,1625.7,1.0,1.0
2025-08-26 08:00,598.0,25.5,2.1,2471.4,1.0,1.0
2025-08-26 09:00,788.0,28.0,1.7,3194.3,1.0,1.0
2025-08-26 10:00,896.0,30.6,2.7,3518.0,1.0,1.0
2025-08-26 11:00,996.0,33.0,2.8,3906.4,1.0,1.0
2025-08-26 12:00,937.0,35.1,2.3,3536.1,1.0,1.0
2025-08-26 13:00,883.0,36.7,3.8,3416.7,1.0,1.0
2025-08-26 14:00,750.0,37.7,3.9,2927.6,1.0,1.0
2025-08-26 15:00,603.0,38.0,3.5,2365.8,1.0,1.0
2025-08-26 16:00,391.0,37.7,3.5,1554.2,1.0,1.0
2025-08-26 17:00,149.0,36.7,3.0,614.7,1.0,1.0
2025-08-26 18:00,0.0,35.1,2.7,0.0,1.0,1.0
2025-08-26 19:00,0.0,33.0,2.5,0.0,1.0,1.0
2025-08-26 20:00,0.0,30.6,2.7,0.0,1.0,1.0
2025-08-26 21:00,0.0,28.0,0.3,0.0,1.0,1.0
2025-08-26 22:00,0.0,25.5,2.4,0.0,1.0,1.0
2025-08-26 23:00,0.0,23.0,0.9,0.0,1.0,1.0
2025-08-27 00:00,0.0,24.1,1.1,0.0,1.0,1.0
2025-08-27 01:00,0.0,22.5,1.5,0.0,1.0,1.0
2025-08-27 02:00,0.0,21.5,1.1,0.0,1.0,1.0
2025-08-27 03:00,0.0,21.2,1.3,0.0,1.0,1.0
2025-08-27 04:00,0.0,21.5,2.4,0.0,1.0,1.0
2025-08-27 05:00,0.0,22.5,1.9,0.0,1.0,1.0
2025-08-27 06:00,138.0,24.1,2.1,611.9,1.0,1.0
2025-08-27 07:00,377.0,26.2,1.7,1587.1,1.0,1.0
2025-08-27 08:00,573.0,28.6,0.5,2307.3,1.0,1.0
2025-08-27 09:00,784.0,31.2,1.7,3126.2,1.0,1.0
2025-08-27 10:00,891.0,33.8,3.2,3403.9,1.0,1.0
2025-08-27 11:00,951.0,36.2,2.6,3548.0,1.0,1.0
2025-08-27 12:00,912.0,38.3,3.0,3462.8,1.0,1.0
2025-08-27 13:00,927.0,39.9,3.8,3548.8,1.0,1.0
2025-08-27 14:00,752.0,40.9,2.3,2900.2,1.0,1.0
2025-08-27 15:00,585.0,41.2,4.5,2277.4,1.0,1.0
2025-08-27 16:00,389.0,40.9,3.3,1569.9,1.0,1.0
2025-08-27 17:00,142.0,39.9,2.7,577.7,1.0,1.0
2025-08-27 18:00,0.0,38.3,3.8,0.0,1.0,1.0
2025-08-27 19:00,0.0,36.2,2.7,0.0,1.0,1.0
2025-08-27 20:00,0.0,33.8,3.2,0.0,1.0,1.0
2025-08-27 21:00,0.0,31.2,2.2,0.0,1.0,1.0
2025-08-27 22:00,0.0,28.6,1.4,0.0,1.0,1.0
2025-08-27 23:00,0.0,26.2,1.1,0.0,1.0,1.0
2025-08-28 00:00,0.0,27.8,2.2,0.0,1.0,1.0
2025-08-28 01:00,0.0,26.2,2.3,0.0,1.0,1.0
2025-08-28 02:00,0.0,25.2,2.4,0.0,1.0,1.0
2025-08-28 03:00,0.0,24.9,1.7,0.0,1.0,1.0
2025-08-28 04:00,0.0,25.2,2.1,0.0,1.0,1.0
2025-08-28 05:00,0.0,26.2,2.6,0.0,1.0,1.0
2025-08-28 06:00,144.0,27.8,1.1,627.7,1.0,1.0
2025-08-28 07:00,387.0,29.9,2.0,1576.9,1.0,1.0
2025-08-28 08:00,611.0,32.3,1.7,2410.7,1.0,1.0
2025-08-28 09:00,795.0,34.9,1.9,3139.9,1.0,1.0
2025-08-28 10:00,887.0,37.4,2.8,3312.9,1.0,1.0
2025-08-28 11:00,969.0,39.9,2.7,3577.2,1.0,1.0
2025-08-28 12:00,978.0,41.9,3.0,3651.6,1.0,1.0
2025-08-28 13:00,877.0,43.5,2.8,3248.1,1.0,1.0
2025-08-28 14:00,754.0,44.5,4.2,2866.0,1.0,1.0
2025-08-28 15:00,611.0,44.9,3.7,2334.2,1.0,1.0
2025-08-28 16:00,375.0,44.5,2.9,1433.1,1.0,1.0
2025-08-28 17:00,144.0,43.5,2.8,580.7,1.0,1.0
2025-08-28 18:00,0.0,41.9,3.3,0.0,1.0,1.0
2025-08-28 19:00,0.0,39.9,2.9,0.0,1.0,1.0
2025-08-28 20:00,0.0,37.4,2.6,0.0,1.0,1.0
2025-08-28 21:00,0.0,34.9,2.2,0.0,1.0,1.0
2025-08-28 22:00,0.0,32.3,2.4,0.0,1.0,1.0
2025-08-28 23:00,0.0,29.9,1.0,0.0,1.0,1.0
2025-08-29 00:00,0.0,20.9,2.5,0.0,1.0,1.0
2025-08-29 01:00,0.0,19.3,2.8,0.0,1.0,1.0
2025-08-29 02:00,0.0,18.3,2.3,0.0,1.0,1.0
2025-08-29 03:00,0.0,18.0,1.3,0.0,1.0,1.0
2025-08-29 04:00,0.0,18.3,3.1,0.0,1.0,1.0
2025-08-29 05:00,0.0,19.3,1.1,0.0,1.0,1.0
2025-08-29 06:00,142.0,20.9,1.4,632.6,1.0,1.0
2025-08-29 07:00,375.0,23.0,2.3,1614.1,1.0,1.0
2025-08-29 08:00,609.0,25.4,2.2,2554.9,1.0,1.0
2025-08-29 09:00,784.0,28.0,2.6,3080.8,1.0,1.0
2025-08-29 10:00,909.0,30.6,3.4,3540.9,1.0,1.0
2025-08-29 11:00,961.0,33.0,2.9,3692.3,1.0,1.0
2025-08-29 12:00,992.0,35.0,2.4,3736.3,1.0,1.0
2025-08-29 13:00,869.0,36.6,2.8,3330.6,1.0,1.0
2025-08-29 14:00,778.0,37.6,3.8,3031.5,1.0,1.0
2025-08-29 15:00,609.0,38.0,3.1,2396.9,1.0,1.0
2025-08-29 16:00,373.0,37.6,4.1,1519.2,1.0,1.0
2025-08-29 17:00,138.0,36.6,3.6,564.0,1.0,1.0
2025-08-29 18:00,0.0,35.0,2.3,0.0,1.0,1.0
2025-08-29 19:00,0.0,33.0,2.2,0.0,1.0,1.0
2025-08-29 20:00,0.0,30.6,2.1,0.0,1.0,1.0
2025-08-29 21:00,0.0,28.0,1.1,0.0,1.0,1.0
2025-08-29 22:00,0.0,25.4,1.9,0.0,1.0,1.0
2025-08-29 23:00,0.0,23.0,2.3,0.0,1.0,1.0
2025-08-30 00:00,0.0,23.8,2.4,0.0,1.0,1.0
2025-08-30 01:00,0.0,22.2,3.0,0.0,1.0,1.0
2025-08-30 02:00,0.0,21.2,2.1,0.0,1.0,1.0
2025-08-30 03:00,0.0,20.8,1.8,0.0,1.0,1.0
2025-08-30 04:00,0.0,21.2,2.5,0.0,1.0,1.0
2025-08-30 05:00,0.0,22.2,2.2,0.0,1.0,1.0
2025-08-30 06:00,137.0,23.8,2.3,596.2,1.0,1.0
2025-08-30 07:00,360.0,25.8,0.8,1505.1,1.0,1.0
2025-08-30 08:00,603.0,28.2,2.9,2466.6,1.0,1.0
2025-08-30 09:00,792.0,30.8,1.0,3084.8,1.0,1.0
2025-08-30 10:00,913.0,33.4,1.7,3498.5,1.0,1.0
2025-08-30 11:00,986.0,35.8,3.0,3709.5,1.0,1.0
2025-08-30 12:00,941.0,37.9,2.3,3544.8,1.0,1.0
2025-08-30 13:00,923.0,39.5,3.1,3413.1,1.0,1.0
2025-08-30 14:00,773.0,40.5,4.1,2986.8,1.0,1.0
2025-08-30 15:00,591.0,40.8,4.1,2299.5,1.0,1.0
2025-08-30 16:00,373.0,40.5,3.8,1507.1,1.0,1.0
2025-08-30 17:00,139.0,39.5,3.9,576.6,1.0,1.0
2025-08-30 18:00,0.0,37.9,2.7,0.0,1.0,1.0
2025-08-30 19:00,0.0,35.8,3.6,0.0,1.0,1.0
2025-08-30 20:00,0.0,33.4,2.2,0.0,1.0,1.0
2025-08-30 21:00,0.0,30.8,1.9,0.0,1.0,1.0
2025-08-30 22:00,0.0,28.2,2.4,0.0,1.0,1.0
2025-08-30 23:00,0.0,25.8,1.4,0.0,1.0,1.0
2025-08-31 00:00,0.0,20.2,1.1,0.0,1.0,1.0
2025-08-31 01:00,0.0,18.6,2.0,0.0,1.0,1.0
2025-08-31 02:00,0.0,17.6,2.1,0.0,1.0,1.0
2025-08-31 03:00,0.0,17.3,1.4,0.0,1.0,1.0
2025-08-31 04:00,0.0,17.6,1.9,0.0,1.0,1.0
2025-08-31 05:00,0.0,18.6,3.2,0.0,1.0,1.0
2025-08-31 06:00,137.0,20.2,2.2,610.7,1.0,1.0
2025-08-31 07:00,354.0,22.3,1.8,1468.4,1.0,1.0
2025-08-31 08:00,577.0,24.7,1.7,2335.0,1.0,1.0
2025-08-31 09:00,727.0,27.3,1.5,2885.4,1.0,1.0
2025-08-31 10:00,921.0,29.8,2.5,3487.2,1.0,1.0
2025-08-31 11:00,943.0,32.3,3.1,3703.5,1.0,1.0
2025-08-31 12:00,947.0,34.3,3.5,3654.7,1.0,1.0
2025-08-31 13:00,886.0,35.9,3.4,3447.8,1.0,1.0
2025-08-31 14:00,753.0,36.9,5.0,2929.4,1.0,1.0
2025-08-31 15:00,568.0,37.3,4.1,2253.9,1.0,1.0
2025-08-31 16:00,376.0,36.9,3.1,1540.3,1.0,1.0
2025-08-31 17:00,124.0,35.9,3.0,522.5,1.0,1.0
2025-08-31 18:00,0.0,34.3,3.1,0.0,1.0,1.0
2025-08-31 19:00,0.0,32.3,2.8,0.0,1.0,1.0
2025-08-31 20:00,0.0,29.8,3.1,0.0,1.0,1.0
2025-08-31 21:00,0.0,27.3,2.7,0.0,1.0,1.0
2025-08-31 22:00,0.0,24.7,1.7,0.0,1.0,1.0
2025-08-31 23:00,0.0,22.3,2.0,0.0,1.0,1.0
2025-09-01 00:00,0.0,18.0,2.3,0.0,1.0,1.0
2025-09-01 01:00,0.0,16.5,2.1,0.0,1.0,1.0
2025-09-01 02:00,0.0,15.6,1.7,0.0,1.0,1.0
2025-09-01 03:00,0.0,15.3,1.8,0.0,1.0,1.0
2025-09-01 04:00,0.0,15.6,1.3,0.0,1.0,1.0
2025-09-01 05:00,0.0,16.5,1.6,0.0,1.0,1.0
2025-09-01 06:00,114.0,18.0,2.0,504.4,1.0,1.0
2025-09-01 07:00,353.0,19.8,2.2,1487.1,1.0,1.0
2025-09-01 08:00,578.0,22.0,2.0,2414.7,1.0,1.0
2025-09-01 09:00,760.0,24.3,1.9,3040.6,1.0,1.0
2025-09-01 10:00,846.0,26.7,3.1,3369.9,1.0,1.0
2025-09-01 11:00,899.0,28.8,3.0,3544.5,1.0,1.0
2025-09-01 12:00,960.0,30.7,2.8,3740.0,1.0,1.0
2025-09-01 13:00,806.0,32.1,2.8,3193.9,1.0,1.0
2025-09-01 14:00,738.0,33.0,3.8,2884.4,1.0,1.0
2025-09-01 15:00,577.0,33.3,3.1,2317.8,1.0,1.0
2025-09-01 16:00,335.0,33.0,3.6,1380.0,1.0,1.0
2025-09-01 17:00,124.0,32.1,3.9,518.6,1.0,1.0
2025-09-01 18:00,0.0,30.7,2.8,0.0,1.0,1.0
2025-09-01 19:00,0.0,28.8,3.8,0.0,1.0,1.0
2025-09-01 20:00,0.0,26.7,2.3,0.0,1.0,1.0
2025-09-01 21:00,0.0,24.3,0.8,0.0,1.0,1.0
2025-09-01 22:00,0.0,22.0,1.8,0.0,1.0,1.0
2025-09-01 23:00,0.0,19.8,1.6,0.0,1.0,1.0
2025-09-02 00:00,0.0,18.2,1.7,0.0,1.0,1.0
2025-09-02 01:00,0.0,16.8,1.8,0.0,1.0,1.0
2025-09-02 02:00,0.0,15.9,1.4,0.0,1.0,1.0
2025-09-02 03:00,0.0,15.6,2.5,0.0,1.0,1.0
2025-09-02 04:00,0.0,15.9,2.5,0.0,1.0,1.0
2025-09-02 05:00,0.0,16.8,1.4,0.0,1.0,1.0
2025-09-02 06:00,121.0,18.2,1.2,536.8,1.0,1.0
2025-09-02 07:00,356.0,20.1,2.0,1556.3,1.0,1.0
2025-09-02 08:00,542.0,22.3,1.9,2201.6,1.0,1.0
2025-09-02 09:00,736.0,24.6,3.5,2958.7,1.0,1.0
2025-09-02 10:00,830.0,26.9,2.1,3250.5,1.0,1.0
2025-09-02 11:00,913.0,29.1,1.7,3462.9,1.0,1.0
2025-09-02 12:00,952.0,30.9,2.4,3639.8,1.0,1.0
2025-09-02 13:00,829.0,32.4,2.1,3235.0,1.0,1.0
2025-09-02 14:00,723.0,33.3,4.2,2918.0,1.0,1.0
2025-09-02 15:00,578.0,33.6,3.3,2237.3,1.0,1.0
2025-09-02 16:00,337.0,33.3,3.8,1373.2,1.0,1.0
2025-09-02 17:00,125.0,32.4,2.9,519.1,1.0,1.0
2025-09-02 18:00,0.0,30.9,3.0,0.0,1.0,1.0
2025-09-02 19:00,0.0,29.1,3.3,0.0,1.0,1.0
2025-09-02 20:00,0.0,26.9,3.3,0.0,1.0,1.0
2025-09-02 21:00,0.0,24.6,2.5,0.0,1.0,1.0
2025-09-02 22:00,0.0,22.3,1.6,0.0,1.0,1.0
2025-09-02 23:00,0.0,20.1,1.4,0.0,1.0,1.0
2025-09-03 00:00,0.0,20.4,1.8,0.0,1.0,1.0
2025-09-03 01:00,0.0,18.9,0.7,0.0,1.0,1.0
2025-09-03 02:00,0.0,18.0,1.4,0.0,1.0,1.0
2025-09-03 03:00,0.0,17.7,1.9,0.0,1.0,1.0
2025-09-03 04:00,0.0,18.0,0.3,0.0,1.0,1.0
2025-09-03 05:00,0.0,18.9,1.3,0.0,1.0,1.0
2025-09-03 06:00,125.0,20.4,2.7,547.9,1.0,1.0
2025-09-03 07:00,316.0,22.2,2.4,1352.7,1.0,1.0
2025-09-03 08:00,516.0,24.4,1.9,2160.6,1.0,1.0
2025-09-03 09:00,711.0,26.7,2.1,2841.7,1.0,1.0
2025-09-03 10:00,814.0,29.1,1.6,3148.4,1.0,1.0
2025-09-03 11:00,905.0,31.2,2.4,3446.4,1.0,1.0
2025-09-03 12:00,889.0,33.1,3.1,3371.7,1.0,1.0
2025-09-03 13:00,823.0,34.5,3.5,3234.5,1.0,1.0
2025-09-03 14:00,708.0,35.4,3.2,2736.9,1.0,1.0
2025-09-03 15:00,567.0,35.7,3.7,2286.6,1.0,1.0
2025-09-03 16:00,320.0,35.4,3.6,1309.1,1.0,1.0
2025-09-03 17:00,118.0,34.5,2.8,490.8,1.0,1.0
2025-09-03 18:00,0.0,33.1,4.1,0.0,1.0,1.0
2025-09-03 19:00,0.0,31.2,3.1,0.0,1.0,1.0
2025-09-03 20:00,0.0,29.1,2.0,0.0,1.0,1.0
2025-09-03 21:00,0.0,26.7,3.4,0.0,1.0,1.0
2025-09-03 22:00,0.0,24.4,2.0,0.0,1.0,1.0
2025-09-03 23:00,0.0,22.2,2.3,0.0,1.0,1.0
2025-09-04 00:00,0.0,19.4,3.1,0.0,1.0,1.0
2025-09-04 01:00,0.0,18.0,2.7,0.0,1.0,1.0
2025-09-04 02:00,0.0,17.1,2.1,0.0,1.0,1.0
2025-09-04 03:00,0.0,16.8,3.0,0.0,1.0,1.0
2025-09-04 04:00,0.0,17.1,1.1,0.0,1.0,1.0
2025-09-04 05:00,0.0,18.0,2.4,0.0,1.0,1.0
2025-09-04 06:00,121.0,19.4,2.1,532.4,1.0,1.0
2025-09-04 07:00,334.0,21.3,2.3,1411.5,1.0,1.0
2025-09-04 08:00,573.0,23.4,2.3,2412.2,1.0,1.0
2025-09-04 09:00,782.0,25.8,2.5,3070.2,1.0,1.0
2025-09-04 10:00,906.0,28.1,3.0,3586.5,1.0,1.0
2025-09-04 11:00,944.0,30.3,2.1,3627.8,1.0,1.0
2025-09-04 12:00,966.0,32.1,2.7,3748.9,1.0,1.0
2025-09-04 13:00,838.0,33.5,4.4,3293.0,1.0,1.0
2025-09-04 14:00,749.0,34.4,3.7,2929.8,1.0,1.0
2025-09-04 15:00,563.0,34.8,3.7,2219.9,1.0,1.0
2025-09-04 16:00,347.0,34.4,3.4,1435.2,1.0,1.0
2025-09-04 17:00,124.0,33.5,4.4,523.7,1.0,1.0
2025-09-04 18:00,0.0,32.1,2.4,0.0,1.0,1.0
2025-09-04 19:00,0.0,30.3,2.5,0.0,1.0,1.0
2025-09-04 20:00,0.0,28.1,1.2,0.0,1.0,1.0
2025-09-04 21:00,0.0,25.8,2.2,0.0,1.0,1.0
2025-09-04 22:00,0.0,23.4,2.3,0.0,1.0,1.0
2025-09-04 23:00,0.0,21.3,2.5,0.0,1.0,1.0
2025-09-05 00:00,0.0,20.0,2.4,0.0,1.0,1.0
2025-09-05 01:00,0.0,18.6,3.3,0.0,1.0,1.0
2025-09-05 02:00,0.0,17.7,1.2,0.0,1.0,1.0
2025-09-05 03:00,0.0,17.4,1.9,0.0,1.0,1.0
2025-09-05 04:00,0.0,17.7,1.9,0.0,1.0,1.0
2025-09-05 05:00,0.0,18.6,2.4,0.0,1.0,1.0
2025-09-05 06:00,123.0,20.0,2.3,534.6,1.0,1.0
2025-09-05 07:00,352.0,21.9,3.1,1507.8,1.0,1.0
2025-09-05 08:00,591.0,24.1,2.4,2404.2,1.0,1.0
2025-09-05 09:00,780.0,26.4,1.5,3142.7,1.0,1.0
2025-09-05 10:00,847.0,28.7,2.3,3311.7,1.0,1.0
2025-09-05 11:00,936.0,30.9,2.4,3640.2,1.0,1.0
2025-09-05 12:00,980.0,32.7,3.6,3786.8,1.0,1.0
2025-09-05 13:00,912.0,34.2,3.2,3435.3,1.0,1.0
2025-09-05 14:00,754.0,35.1,4.7,2961.8,1.0,1.0
2025-09-05 15:00,573.0,35.4,3.2,2280.3,1.0,1.0
2025-09-05 16:00,353.0,35.1,2.6,1393.2,1.0,1.0
2025-09-05 17:00,123.0,34.2,3.6,514.5,1.0,1.0
2025-09-05 18:00,0.0,32.7,1.6,0.0,1.0,1.0
2025-09-05 19:00,0.0,30.9,1.6,0.0,1.0,1.0
2025-09-05 20:00,0.0,28.7,3.0,0.0,1.0,1.0
2025-09-05 21:00,0.0,26.4,1.2,0.0,1.0,1.0
2025-09-05 22:00,0.0,24.1,1.7,0.0,1.0,1.0
2025-09-05 23:00,0.0,21.9,1.6,0.0,1.0,1.0
2025-09-06 00:00,0.0,17.0,1.8,0.0,1.0,1.0
2025-09-06 01:00,0.0,15.6,1.9,0.0,1.0,1.0
2025-09-06 02:00,0.0,14.7,2.9,0.0,1.0,1.0
2025-09-06 03:00,0.0,14.4,1.7,0.0,1.0,1.0
2025-09-06 04:00,0.0,14.7,2.1,0.0,1.0,1.0
2025-09-06 05:00,0.0,15.6,2.1,0.0,1.0,1.0
2025-09-06 06:00,119.0,17.0,2.4,518.7,1.0,1.0
2025-09-06 07:00,358.0,18.9,0.5,1570.3,1.0,1.0
2025-09-06 08:00,567.0,21.1,1.9,2387.5,1.0,1.0
2025-09-06 09:00,761.0,23.4,1.3,2984.9,1.0,1.0
2025-09-06 10:00,862.0,25.7,2.4,3475.0,1.0,1.0
2025-09-06 11:00,926.0,27.9,2.8,3657.2,1.0,1.0
2025-09-06 12:00,973.0,29.8,3.0,3756.3,1.0,1.0
2025-09-06 13:00,909.0,31.2,3.5,3572.5,1.0,1.0
2025-09-06 14:00,766.0,32.1,3.7,2999.3,1.0,1.0
2025-09-06 15:00,592.0,32.4,3.3,2375.0,1.0,1.0
2025-09-06 16:00,365.0,32.1,3.7,1497.6,1.0,1.0
2025-09-06 17:00,120.0,31.2,4.1,508.8,1.0,1.0
2025-09-06 18:00,0.0,29.8,2.4,0.0,1.0,1.0
2025-09-06 19:00,0.0,27.9,3.1,0.0,1.0,1.0
2025-09-06 20:00,0.0,25.7,1.9,0.0,1.0,1.0
2025-09-06 21:00,0.0,23.4,1.5,0.0,1.0,1.0
2025-09-06 22:00,0.0,21.1,1.4,0.0,1.0,1.0
2025-09-06 23:00,0.0,18.9,1.7,0.0,1.0,1.0
2025-09-07 00:00,0.0,18.8,1.9,0.0,1.0,1.0
2025-09-07 01:00,0.0,17.4,2.5,0.0,1.0,1.0
2025-09-07 02:00,0.0,16.5,2.7,0.0,1.0,1.0
2025-09-07 03:00,0.0,16.2,1.5,0.0,1.0,1.0
2025-09-07 04:00,0.0,16.5,1.7,0.0,1.0,1.0
2025-09-07 05:00,0.0,17.4,2.1,0.0,1.0,1.0
2025-09-07 06:00,109.0,18.8,3.0,492.2,1.0,1.0
2025-09-07 07:00,340.0,20.7,2.1,1446.4,1.0,1.0
2025-09-07 08:00,537.0,22.8,1.1,2276.8,1.0,1.0
2025-09-07 09:00,728.0,25.2,2.4,2950.0,1.0,1.0
2025-09-07 10:00,877.0,27.5,1.9,3457.0,1.0,1.0
2025-09-07 11:00,958.0,29.7,2.6,3673.7,1.0,1.0
2025-09-07 12:00,891.0,31.5,3.3,3489.0,1.0,1.0
2025-09-07 13:00,870.0,32.9,2.9,3442.9,1.0,1.0
2025-09-07 14:00,725.0,33.8,2.4,2795.5,1.0,1.0
2025-09-07 15:00,518.0,34.2,3.9,2076.5,1.0,1.0
2025-09-07 16:00,351.0,33.8,3.3,1427.8,1.0,1.0
2025-09-07 17:00,115.0,32.9,3.2,494.2,1.0,1.0
2025-09-07 18:00,0.0,31.5,2.6,0.0,1.0,1.0
2025-09-07 19:00,0.0,29.7,2.4,0.0,1.0,1.0
2025-09-07 20:00,0.0,27.5,3.6,0.0,1.0,1.0
2025-09-07 21:00,0.0,25.2,2.5,0.0,1.0,1.0
2025-09-07 22:00,0.0,22.8,3.9,0.0,1.0,1.0
2025-09-07 23:00,0.0,20.7,1.7,0.0,1.0,1.0
2025-09-08 00:00,0.0,22.0,2.1,0.0,1.0,1.0
2025-09-08 01:00,0.0,20.6,0.6,0.0,1.0,1.0
2025-09-08 02:00,0.0,19.7,2.4,0.0,1.0,1.0
2025-09-08 03:00,0.0,19.4,2.9,0.0,1.0,1.0
2025-09-08 04:00,0.0,19.7,1.4,0.0,1.0,1.0
2025-09-08 05:00,0.0,20.6,1.6,0.0,1.0,1.0
2025-09-08 06:00,114.0,22.0,2.4,499.6,1.0,1.0
2025-09-08 07:00,355.0,23.9,2.2,1488.7,1.0,1.0
2025-09-08 08:00,555.0,26.1,3.0,2266.2,1.0,1.0
2025-09-08 09:00,766.0,28.4,1.6,3056.2,1.0,1.0
2025-09-08 10:00,862.0,30.7,2.1,3373.7,1.0,1.0
2025-09-08 11:00,943.0,32.9,3.0,3631.9,1.0,1.0
2025-09-08 12:00,974.0,34.8,2.4,3629.2,1.0,1.0
2025-09-08 13:00,826.0,36.2,2.8,3168.3,1.0,1.0
2025-09-08 14:00,718.0,37.1,3.4,2734.2,1.0,1.0
2025-09-08 15:00,577.0,37.4,3.0,2255.9,1.0,1.0
2025-09-08 16:00,350.0,37.1,4.1,1414.1,1.0,1.0
2025-09-08 17:00,109.0,36.2,2.3,453.1,1.0,1.0
2025-09-08 18:00,0.0,34.8,2.2,0.0,1.0,1.0
2025-09-08 19:00,0.0,32.9,3.6,0.0,1.0,1.0
2025-09-08 20:00,0.0,30.7,1.2,0.0,1.0,1.0
2025-09-08 21:00,0.0,28.4,0.6,0.0,1.0,1.0
2025-09-08 22:00,0.0,26.1,2.1,0.0,1.0,1.0
2025-09-08 23:00,0.0,23.9,2.0,0.0,1.0,1.0
2025-09-09 00:00,0.0,20.5,2.6,0.0,1.0,1.0
2025-09-09 01:00,0.0,19.1,1.9,0.0,1.0,1.0
2025-09-09 02:00,0.0,18.2,2.3,0.0,1.0,1.0
2025-09-09 03:00,0.0,17.9,1.4,0.0,1.0,1.0
2025-09-09 04:00,0.0,18.2,2.5,0.0,1.0,1.0
2025-09-09 05:00,0.0,19.1,2.7,0.0,1.0,1.0
2025-09-09 06:00,95.0,20.5,1.5,416.0,1.0,1.0
2025-09-09 07:00,278.0,22.4,1.5,1184.3,1.0,1.0
2025-09-09 08:00,474.0,24.6,2.2,1967.8,1.0,1.0
2025-09-09 09:00,616.0,26.9,1.4,2499.4,1.0,1.0
2025-09-09 10:00,702.0,29.2,2.8,2789.5,1.0,1.0
2025-09-09 11:00,811.0,31.4,3.9,3195.9,1.0,1.0
2025-09-09 12:00,779.0,33.3,4.2,3057.6,1.0,1.0
2025-09-09 13:00,715.0,34.7,3.2,2748.5,1.0,1.0
2025-09-09 14:00,609.0,35.6,4.1,2417.1,1.0,1.0
2025-09-09 15:00,462.0,35.9,3.6,1839.3,1.0,1.0
2025-09-09 16:00,274.0,35.6,4.5,1135.7,1.0,1.0
2025-09-09 17:00,94.0,34.7,4.1,383.8,1.0,1.0
2025-09-09 18:00,0.0,33.3,3.4,0.0,1.0,1.0
2025-09-09 19:00,0.0,31.4,2.3,0.0,1.0,1.0
2025-09-09 20:00,0.0,29.2,3.1,0.0,1.0,1.0
2025-09-09 21:00,0.0,26.9,1.9,0.0,1.0,1.0
2025-09-09 22:00,0.0,24.6,0.6,0.0,1.0,1.0
2025-09-09 23:00,0.0,22.4,2.2,0.0,1.0,1.0
2025-09-10 00:00,0.0,19.0,2.7,0.0,1.0,1.0
2025-09-10 01:00,0.0,17.6,2.6,0.0,1.0,1.0
2025-09-10 02:00,0.0,16.7,1.8,0.0,1.0,1.0
2025-09-10 03:00,0.0,16.3,2.1,0.0,1.0,1.0
2025-09-10 04:00,0.0,16.7,3.1,0.0,1.0,1.0
2025-09-10 05:00,0.0,17.6,2.6,0.0,1.0,1.0
2025-09-10 06:00,101.0,19.0,2.2,452.1,1.0,1.0
2025-09-10 07:00,343.0,20.8,2.6,1438.6,1.0,1.0
2025-09-10 08:00,541.0,23.0,3.0,2275.1,1.0,1.0
2025-09-10 09:00,748.0,25.3,2.4,2991.3,1.0,1.0
2025-09-10 10:00,901.0,27.7,1.9,3511.6,1.0,1.0
2025-09-10 11:00,921.0,29.8,3.9,3552.4,1.0,1.0
2025-09-10 12:00,865.0,31.7,4.2,3362.5,1.0,1.0
2025-09-10 13:00,816.0,33.1,3.2,3143.9,1.0,1.0
2025-09-10 14:00,744.0,34.0,3.6,2866.1,1.0,1.0
2025-09-10 15:00,558.0,34.3,4.9,2238.7,1.0,1.0
2025-09-10 16:00,345.0,34.0,3.2,1369.9,1.0,1.0
2025-09-10 17:00,103.0,33.1,3.1,436.7,1.0,1.0
2025-09-10 18:00,0.0,31.7,2.8,0.0,1.0,1.0
2025-09-10 19:00,0.0,29.8,1.9,0.0,1.0,1.0
2025-09-10 20:00,0.0,27.7,1.9,0.0,1.0,1.0
2025-09-10 21:00,0.0,25.3,2.2,0.0,1.0,1.0
2025-09-10 22:00,0.0,23.0,1.6,0.0,1.0,1.0
2025-09-10 23:00,0.0,20.8,1.1,0.0,1.0,1.0
2025-09-11 00:00,0.0,20.8,2.0,0.0,1.0,1.0
2025-09-11 01:00,0.0,19.4,2.2,0.0,1.0,1.0
2025-09-11 02:00,0.0,18.5,1.8,0.0,1.0,1.0
2025-09-11 03:00,0.0,18.2,2.9,0.0,1.0,1.0
2025-09-11 04:00,0.0,18.5,1.7,0.0,1.0,1.0
2025-09-11 05:00,0.0,19.4,2.6,0.0,1.0,1.0
2025-09-11 06:00,95.0,20.8,1.1,414.6,1.0,1.0
2025-09-11 07:00,349.0,22.7,1.2,1490.0,1.0,1.0
2025-09-11 08:00,525.0,24.9,2.6,2174.4,1.0,1.0
2025-09-11 09:00,717.0,27.2,0.4,2833.4,1.0,1.0
2025-09-11 10:00,811.0,29.5,1.4,3183.7,1.0,1.0
2025-09-11 11:00,917.0,31.7,1.7,3444.0,1.0,1.0
2025-09-11 12:00,960.0,33.6,2.6,3649.7,1.0,1.0
2025-09-11 13:00,843.0,35.0,4.5,3250.4,1.0,1.0
2025-09-11 14:00,685.0,35.9,3.0,2620.8,1.0,1.0
2025-09-11 15:00,532.0,36.2,3.2,2132.9,1.0,1.0
2025-09-11 16:00,334.0,35.9,3.7,1357.4,1.0,1.0
2025-09-11 17:00,99.0,35.0,3.6,410.8,1.0,1.0
2025-09-11 18:00,0.0,33.6,2.8,0.0,1.0,1.0
2025-09-11 19:00,0.0,31.7,2.9,0.0,1.0,1.0
2025-09-11 20:00,0.0,29.5,3.0,0.0,1.0,1.0
2025-09-11 21:00,0.0,27.2,1.4,0.0,1.0,1.0
2025-09-11 22:00,0.0,24.9,2.8,0.0,1.0,1.0
2025-09-11 23:00,0.0,22.7,2.5,0.0,1.0,1.0
2025-09-12 00:00,0.0,22.7,1.7,0.0,1.0,1.0
2025-09-12 01:00,0.0,21.3,2.5,0.0,1.0,1.0
2025-09-12 02:00,0.0,20.4,3.3,0.0,1.0,1.0
2025-09-12 03:00,0.0,20.1,1.8,0.0,1.0,1.0
2025-09-12 04:00,0.0,20.4,1.8,0.0,1.0,1.0
2025-09-12 05:00,0.0,21.3,1.9,0.0,1.0,1.0
2025-09-12 06:00,101.0,22.7,1.7,442.3,1.0,1.0
2025-09-12 07:00,319.0,24.6,1.7,1357.8,1.0,1.0
2025-09-12 08:00,553.0,26.8,2.1,2243.4,1.0,1.0
2025-09-12 09:00,686.0,29.1,1.6,2702.8,1.0,1.0
2025-09-12 10:00,886.0,31.4,2.5,3463.7,1.0,1.0
2025-09-12 11:00,906.0,33.6,2.8,3484.1,1.0,1.0
2025-09-12 12:00,944.0,35.5,3.1,3578.3,1.0,1.0
2025-09-12 13:00,819.0,36.9,4.7,3193.0,1.0,1.0
2025-09-12 14:00,678.0,37.8,3.9,2672.5,1.0,1.0
2025-09-12 15:00,510.0,38.1,3.4,2030.8,1.0,1.0
2025-09-12 16:00,312.0,37.8,2.8,1267.9,1.0,1.0
2025-09-12 17:00,101.0,36.9,4.4,408.7,1.0,1.0
2025-09-12 18:00,0.0,35.5,3.8,0.0,1.0,1.0
2025-09-12 19:00,0.0,33.6,3.2,0.0,1.0,1.0
2025-09-12 20:00,0.0,31.4,2.0,0.0,1.0,1.0
2025-09-12 21:00,0.0,29.1,1.7,0.0,1.0,1.0
2025-09-12 22:00,0.0,26.8,1.3,0.0,1.0,1.0
2025-09-12 23:00,0.0,24.6,2.4,0.0,1.0,1.0
2025-09-13 00:00,0.0,16.6,2.1,0.0,1.0,1.0
2025-09-13 01:00,0.0,15.1,2.6,0.0,1.0,1.0
2025-09-13 02:00,0.0,14.2,0.4,0.0,1.0,1.0
2025-09-13 03:00,0.0,13.9,2.8,0.0,1.0,1.0
2025-09-13 04:00,0.0,14.2,1.2,0.0,1.0,1.0
2025-09-13 05:00,0.0,15.1,1.6,0.0,1.0,1.0
2025-09-13 06:00,101.0,16.6,2.3,446.5,1.0,1.0
2025-09-13 07:00,344.0,18.4,2.1,1470.5,1.0,1.0
2025-09-13 08:00,574.0,20.6,2.1,2382.2,1.0,1.0
2025-09-13 09:00,761.0,22.9,2.6,3043.0,1.0,1.0
2025-09-13 10:00,894.0,25.3,1.3,3563.6,1.0,1.0
2025-09-13 11:00,917.0,27.4,2.4,3555.6,1.0,1.0
2025-09-13 12:00,962.0,29.3,2.7,3705.4,1.0,1.0
2025-09-13 13:00,865.0,30.7,4.2,3383.0,1.0,1.0
2025-09-13 14:00,757.0,31.6,3.8,2965.5,1.0,1.0
2025-09-13 15:00,548.0,31.9,3.8,2206.0,1.0,1.0
2025-09-13 16:00,347.0,31.6,3.8,1426.8,1.0,1.0
2025-09-13 17:00,101.0,30.7,3.2,426.2,1.0,1.0
2025-09-13 18:00,0.0,29.3,3.0,0.0,1.0,1.0
2025-09-13 19:00,0.0,27.4,3.2,0.0,1.0,1.0
2025-09-13 20:00,0.0,25.3,3.7,0.0,1.0,1.0
2025-09-13 21:00,0.0,22.9,2.6,0.0,1.0,1.0
2025-09-13 22:00,0.0,20.6,2.0,0.0,1.0,1.0
2025-09-13 23:00,0.0,18.4,1.5,0.0,1.0,1.0
2025-09-14 00:00,0.0,19.5,2.6,0.0,1.0,1.0
2025-09-14 01:00,0.0,18.1,2.0,0.0,1.0,1.0
2025-09-14 02:00,0.0,17.2,0.4,0.0,1.0,1.0
2025-09-14 03:00,0.0,16.9,1.6,0.0,1.0,1.0
2025-09-14 04:00,0.0,17.2,2.0,0.0,1.0,1.0
2025-09-14 05:00,0.0,18.1,1.2,0.0,1.0,1.0
2025-09-14 06:00,89.0,19.5,1.5,394.0,1.0,1.0
2025-09-14 07:00,301.0,21.4,2.4,1299.4,1.0,1.0
2025-09-14 08:00,553.0,23.5,1.4,2301.3,1.0,1.0
2025-09-14 09:00,673.0,25.9,2.5,2748.0,1.0,1.0
2025-09-14 10:00,818.0,28.2,1.9,3277.0,1.0,1.0
2025-09-14 11:00,888.0,30.4,2.3,3448.2,1.0,1.0
2025-09-14 12:00,900.0,32.2,2.1,3470.1,1.0,1.0
2025-09-14 13:00,843.0,33.7,3.1,3281.2,1.0,1.0
2025-09-14 14:00,678.0,34.6,4.1,2690.6,1.0,1.0
2025-09-14 15:00,501.0,34.9,3.0,1996.6,1.0,1.0
2025-09-14 16:00,326.0,34.6,3.2,1343.8,1.0,1.0
2025-09-14 17:00,94.0,33.7,3.1,396.9,1.0,1.0
2025-09-14 18:00,0.0,32.2,1.6,0.0,1.0,1.0
2025-09-14 19:00,0.0,30.4,3.7,0.0,1.0,1.0
2025-09-14 20:00,0.0,28.2,2.0,0.0,1.0,1.0
2025-09-14 21:00,0.0,25.9,2.8,0.0,1.0,1.0
2025-09-14 22:00,0.0,23.5,1.7,0.0,1.0,1.0
2025-09-14 23:00,0.0,21.4,2.1,0.0,1.0,1.0
2025-09-15 00:00,0.0,23.6,2.1,0.0,1.0,1.0
2025-09-15 01:00,0.0,22.1,2.3,0.0,1.0,1.0
2025-09-15 02:00,0.0,21.2,3.0,0.0,1.0,1.0
2025-09-15 03:00,0.0,20.9,2.7,0.0,1.0,1.0
2025-09-15 04:00,0.0,21.2,2.3,0.0,1.0,1.0
2025-09-15 05:00,0.0,22.1,0.5,0.0,1.0,1.0
2025-09-15 06:00,86.0,23.6,2.0,374.1,1.0,1.0
2025-09-15 07:00,321.0,25.4,2.1,1352.7,1.0,1.0
2025-09-15 08:00,523.0,27.6,1.9,2098.5,1.0,1.0
2025-09-15 09:00,728.0,29.9,1.9,2862.1,1.0,1.0
2025-09-15 10:00,839.0,32.2,2.8,3275.5,1.0,1.0
2025-09-15 11:00,886.0,34.4,2.3,3375.9,1.0,1.0
2025-09-15 12:00,895.0,36.3,4.2,3385.3,1.0,1.0
2025-09-15 13:00,833.0,37.7,2.9,3162.3,1.0,1.0
2025-09-15 14:00,719.0,38.6,3.1,2654.7,1.0,1.0
2025-09-15 15:00,527.0,38.9,3.7,2088.3,1.0,1.0
2025-09-15 16:00,315.0,38.6,3.5,1251.4,1.0,1.0
2025-09-15 17:00,90.0,37.7,2.7,376.0,1.0,1.0
2025-09-15 18:00,0.0,36.3,3.9,0.0,1.0,1.0
2025-09-15 19:00,0.0,34.4,3.5,0.0,1.0,1.0
2025-09-15 20:00,0.0,32.2,3.0,0.0,1.0,1.0
2025-09-15 21:00,0.0,29.9,1.5,0.0,1.0,1.0
2025-09-15 22:00,0.0,27.6,1.9,0.0,1.0,1.0
2025-09-15 23:00,0.0,25.4,2.2,0.0,1.0,1.0
2025-09-16 00:00,0.0,19.9,2.1,0.0,1.0,1.0
2025-09-16 01:00,0.0,18.4,2.8,0.0,1.0,1.0
2025-09-16 02:00,0.0,17.5,3.3,0.0,1.0,1.0
2025-09-16 03:00,0.0,17.2,2.7,0.0,1.0,1.0
2025-09-16 04:00,0.0,17.5,1.4,0.0,1.0,1.0
2025-09-16 05:00,0.0,18.4,2.4,0.0,1.0,1.0
2025-09-16 06:00,90.0,19.9,2.6,384.2,1.0,1.0
2025-09-16 07:00,315.0,21.7,1.9,1340.4,1.0,1.0
2025-09-16 08:00,512.0,23.9,0.6,2097.4,1.0,1.0
2025-09-16 09:00,753.0,26.2,1.5,3006.0,1.0,1.0
2025-09-16 10:00,868.0,28.5,2.4,3453.9,1.0,1.0
2025-09-16 11:00,955.0,30.7,2.9,3689.6,1.0,1.0
2025-09-16 12:00,950.0,32.6,3.1,3663.1,1.0,1.0
2025-09-16 13:00,861.0,34.0,4.2,3345.5,1.0,1.0
2025-09-16 14:00,726.0,34.9,3.3,2836.2,1.0,1.0
2025-09-16 15:00,539.0,35.2,4.4,2180.7,1.0,1.0
2025-09-16 16:00,322.0,34.9,4.1,1321.3,1.0,1.0
2025-09-16 17:00,86.0,34.0,3.3,359.3,1.0,1.0
2025-09-16 18:00,0.0,32.6,3.8,0.0,1.0,1.0
2025-09-16 19:00,0.0,30.7,1.8,0.0,1.0,1.0
2025-09-16 20:00,0.0,28.5,0.7,0.0,1.0,1.0
2025-09-16 21:00,0.0,26.2,1.5,0.0,1.0,1.0
2025-09-16 22:00,0.0,23.9,1.5,0.0,1.0,1.0
2025-09-16 23:00,0.0,21.7,3.0,0.0,1.0,1.0
2025-09-17 00:00,0.0,22.6,2.4,0.0,1.0,1.0
2025-09-17 01:00,0.0,21.2,1.6,0.0,1.0,1.0
2025-09-17 02:00,0.0,20.3,3.0,0.0,1.0,1.0
2025-09-17 03:00,0.0,20.0,1.5,0.0,1.0,1.0
2025-09-17 04:00,0.0,20.3,1.9,0.0,1.0,1.0
2025-09-17 05:00,0.0,21.2,1.3,0.0,1.0,1.0
2025-09-17 06:00,70.0,22.6,2.3,304.6,1.0,1.0
2025-09-17 07:00,273.0,24.5,1.8,1153.7,1.0,1.0
2025-09-17 08:00,454.0,26.6,1.9,1869.4,1.0,1.0
2025-09-17 09:00,621.0,29.0,1.7,2507.5,1.0,1.0
2025-09-17 10:00,727.0,31.3,2.3,2875.5,1.0,1.0
2025-09-17 11:00,796.0,33.5,2.6,3090.3,1.0,1.0
2025-09-17 12:00,764.0,35.3,2.8,2968.5,1.0,1.0
2025-09-17 13:00,696.0,36.7,3.4,2683.6,1.0,1.0
2025-09-17 14:00,630.0,37.6,4.1,2480.4,1.0,1.0
2025-09-17 15:00,458.0,38.0,4.1,1824.0,1.0,1.0
2025-09-17 16:00,252.0,37.6,3.4,1027.9,1.0,1.0
2025-09-17 17:00,70.0,36.7,2.8,288.2,1.0,1.0
2025-09-17 18:00,0.0,35.3,3.3,0.0,1.0,1.0
2025-09-17 19:00,0.0,33.5,2.7,0.0,1.0,1.0
2025-09-17 20:00,0.0,31.3,2.8,0.0,1.0,1.0
2025-09-17 21:00,0.0,29.0,2.6,0.0,1.0,1.0
2025-09-17 22:00,0.0,26.6,1.8,0.0,1.0,1.0
2025-09-17 23:00,0.0,24.5,2.4,0.0,1.0,1.0
2025-09-18 00:00,0.0,20.0,2.1,0.0,1.0,1.0
2025-09-18 01:00,0.0,18.6,1.9,0.0,1.0,1.0
2025-09-18 02:00,0.0,17.7,3.2,0.0,1.0,1.0
2025-09-18 03:00,0.0,17.4,1.9,0.0,1.0,1.0
2025-09-18 04:00,0.0,17.7,2.8,0.0,1.0,1.0
2025-09-18 05:00,0.0,18.6,2.3,0.0,1.0,1.0
2025-09-18 06:00,75.0,20.0,1.5,327.3,1.0,1.0
2025-09-18 07:00,320.0,21.9,1.9,1337.7,1.0,1.0
2025-09-18 08:00,503.0,24.0,2.0,2070.0,1.0,1.0
2025-09-18 09:00,656.0,26.4,1.4,2646.0,1.0,1.0
2025-09-18 10:00,805.0,28.7,2.3,3191.4,1.0,1.0
2025-09-18 11:00,856.0,30.9,3.1,3292.4,1.0,1.0
2025-09-18 12:00,868.0,32.7,3.1,3323.0,1.0,1.0
2025-09-18 13:00,803.0,34.2,3.1,3118.1,1.0,1.0
2025-09-18 14:00,685.0,35.1,4.0,2729.0,1.0,1.0
2025-09-18 15:00,506.0,35.4,3.5,2002.9,1.0,1.0
2025-09-18 16:00,315.0,35.1,3.4,1283.6,1.0,1.0
2025-09-18 17:00,77.0,34.2,3.2,320.5,1.0,1.0
2025-09-18 18:00,0.0,32.7,4.2,0.0,1.0,1.0
2025-09-18 19:00,0.0,30.9,3.2,0.0,1.0,1.0
2025-09-18 20:00,0.0,28.7,3.1,0.0,1.0,1.0
2025-09-18 21:00,0.0,26.4,3.0,0.0,1.0,1.0
2025-09-18 22:00,0.0,24.0,2.4,0.0,1.0,1.0
2025-09-18 23:00,0.0,21.9,1.0,0.0,1.0,1.0
2025-09-19 00:00,0.0,18.7,1.8,0.0,1.0,1.0
2025-09-19 01:00,0.0,17.2,0.8,0.0,1.0,1.0
2025-09-19 02:00,0.0,16.3,1.9,0.0,1.0,1.0
2025-09-19 03:00,0.0,16.0,1.6,0.0,1.0,1.0
2025-09-19 04:00,0.0,16.3,3.3,0.0,1.0,1.0
2025-09-19 05:00,0.0,17.2,1.4,0.0,1.0,1.0
2025-09-19 06:00,74.0,18.7,2.2,326.9,1.0,1.0
2025-09-19 07:00,304.0,20.5,1.4,1310.3,1.0,1.0
2025-09-19 08:00,464.0,22.7,2.5,1938.5,1.0,1.0
2025-09-19 09:00,654.0,25.0,1.9,2628.3,1.0,1.0
2025-09-19 10:00,767.0,27.4,2.6,3040.8,1.0,1.0
2025-09-19 11:00,840.0,29.5,1.8,3278.6,1.0,1.0
2025-09-19 12:00,862.0,31.4,3.0,3359.0,1.0,1.0
2025-09-19 13:00,820.0,32.8,3.7,3160.3,1.0,1.0
2025-09-19 14:00,688.0,33.7,4.1,2741.4,1.0,1.0
2025-09-19 15:00,485.0,34.0,3.3,1942.5,1.0,1.0
2025-09-19 16:00,316.0,33.7,4.6,1286.6,1.0,1.0
2025-09-19 17:00,73.0,32.8,3.3,299.7,1.0,1.0
2025-09-19 18:00,0.0,31.4,2.3,0.0,1.0,1.0
2025-09-19 19:00,0.0,29.5,3.6,0.0,1.0,1.0
2025-09-19 20:00,0.0,27.4,2.5,0.0,1.0,1.0
2025-09-19 21:00,0.0,25.0,2.8,0.0,1.0,1.0
2025-09-19 22:00,0.0,22.7,1.7,0.0,1.0,1.0
2025-09-19 23:00,0.0,20.5,3.0,0.0,1.0,1.0
2025-09-20 00:00,0.0,19.7,2.3,0.0,1.0,1.0
2025-09-20 01:00,0.0,18.3,1.5,0.0,1.0,1.0
2025-09-20 02:00,0.0,17.4,2.2,0.0,1.0,1.0
2025-09-20 03:00,0.0,17.1,0.4,0.0,1.0,1.0
2025-09-20 04:00,0.0,17.4,0.8,0.0,1.0,1.0
2025-09-20 05:00,0.0,18.3,0.9,0.0,1.0,1.0
2025-09-20 06:00,76.0,19.7,1.8,329.5,1.0,1.0
2025-09-20 07:00,274.0,21.6,2.3,1162.0,1.0,1.0
2025-09-20 08:00,497.0,23.7,2.1,2053.8,1.0,1.0
2025-09-20 09:00,697.0,26.1,2.8,2803.3,1.0,1.0
2025-09-20 10:00,764.0,28.4,2.3,2997.8,1.0,1.0
2025-09-20 11:00,868.0,30.6,2.5,3339.6,1.0,1.0
2025-09-20 12:00,884.0,32.4,3.2,3470.5,1.0,1.0
2025-09-20 13:00,750.0,33.9,3.3,2868.7,1.0,1.0
2025-09-20 14:00,673.0,34.8,4.2,2666.8,1.0,1.0
2025-09-20 15:00,496.0,35.1,3.9,2064.7,1.0,1.0
2025-09-20 16:00,287.0,34.8,2.9,1183.9,1.0,1.0
2025-09-20 17:00,67.0,33.9,2.9,274.3,1.0,1.0
2025-09-20 18:00,0.0,32.4,3.0,0.0,1.0,1.0
2025-09-20 19:00,0.0,30.6,1.9,0.0,1.0,1.0
2025-09-20 20:00,0.0,28.4,2.6,0.0,1.0,1.0
2025-09-20 21:00,0.0,26.1,1.9,0.0,1.0,1.0
2025-09-20 22:00,0.0,23.7,2.4,0.0,1.0,1.0
2025-09-20 23:00,0.0,21.6,1.2,0.0,1.0,1.0
2025-09-21 00:00,0.0,19.1,2.1,0.0,1.0,1.0
2025-09-21 01:00,0.0,17.6,0.9,0.0,1.0,1.0
2025-09-21 02:00,0.0,16.7,2.2,0.0,1.0,1.0
2025-09-21 03:00,0.0,16.4,2.4,0.0,1.0,1.0
2025-09-21 04:00,0.0,16.7,1.3,0.0,1.0,1.0
2025-09-21 05:00,0.0,17.6,2.3,0.0,1.0,1.0
2025-09-21 06:00,64.0,19.1,3.3,281.3,1.0,1.0
2025-09-21 07:00,253.0,20.9,1.9,1087.7,1.0,1.0
2025-09-21 08:00,443.0,23.1,2.8,1887.9,1.0,1.0
2025-09-21 09:00,578.0,25.4,1.3,2334.6,1.0,1.0
2025-09-21 10:00,723.0,27.8,3.6,2880.7,1.0,1.0
2025-09-21 11:00,784.0,29.9,2.2,2986.6,1.0,1.0
2025-09-21 12:00,760.0,31.8,4.3,2959.8,1.0,1.0
2025-09-21 13:00,679.0,33.2,2.8,2666.4,1.0,1.0
2025-09-21 14:00,619.0,34.1,3.3,2452.4,1.0,1.0
2025-09-21 15:00,456.0,34.4,3.1,1802.2,1.0,1.0
2025-09-21 16:00,253.0,34.1,2.9,1015.1,1.0,1.0
2025-09-21 17:00,63.0,33.2,3.8,263.7,1.0,1.0
2025-09-21 18:00,0.0,31.8,4.0,0.0,1.0,1.0
2025-09-21 19:00,0.0,29.9,2.5,0.0,1.0,1.0
2025-09-21 20:00,0.0,27.8,3.1,0.0,1.0,1.0
2025-09-21 21:00,0.0,25.4,1.7,0.0,1.0,1.0
2025-09-21 22:00,0.0,23.1,1.1,0.0,1.0,1.0
2025-09-21 23:00,0.0,20.9,2.2,0.0,1.0,1.0
2025-09-22 00:00,0.0,18.9,2.2,0.0,1.0,1.0
2025-09-22 01:00,0.0,17.5,2.3,0.0,1.0,1.0
2025-09-22 02:00,0.0,16.6,1.2,0.0,1.0,1.0
2025-09-22 03:00,0.0,16.3,1.1,0.0,1.0,1.0
2025-09-22 04:00,0.0,16.6,2.5,0.0,1.0,1.0
2025-09-22 05:00,0.0,17.5,1.9,0.0,1.0,1.0
2025-09-22 06:00,66.0,18.9,1.1,294.9,1.0,1.0
2025-09-22 07:00,286.0,20.8,1.2,1208.5,1.0,1.0
2025-09-22 08:00,528.0,23.0,2.2,2188.8,1.0,1.0
2025-09-22 09:00,675.0,25.3,2.1,2661.2,1.0,1.0
2025-09-22 10:00,775.0,27.6,2.2,3058.2,1.0,1.0
2025-09-22 11:00,848.0,29.8,3.1,3256.4,1.0,1.0
2025-09-22 12:00,872.0,31.6,3.2,3443.6,1.0,1.0
2025-09-22 13:00,769.0,33.1,3.0,2996.4,1.0,1.0
2025-09-22 14:00,695.0,34.0,3.5,2708.3,1.0,1.0
2025-09-22 15:00,489.0,34.3,4.1,1960.9,1.0,1.0
2025-09-22 16:00,303.0,34.0,3.9,1263.9,1.0,1.0
2025-09-22 17:00,68.0,33.1,4.1,289.0,1.0,1.0
2025-09-22 18:00,0.0,31.6,2.3,0.0,1.0,1.0
2025-09-22 19:00,0.0,29.8,2.4,0.0,1.0,1.0
2025-09-22 20:00,0.0,27.6,2.9,0.0,1.0,1.0
2025-09-22 21:00,0.0,25.3,2.0,0.0,1.0,1.0
2025-09-22 22:00,0.0,23.0,1.4,0.0,1.0,1.0
2025-09-22 23:00,0.0,20.8,1.8,0.0,1.0,1.0
2025-09-23 00:00,0.0,18.7,2.4,0.0,1.0,1.0
2025-09-23 01:00,0.0,17.3,2.2,0.0,1.0,1.0
2025-09-23 02:00,0.0,16.4,2.0,0.0,1.0,1.0
2025-09-23 03:00,0.0,16.1,2.3,0.0,1.0,1.0
2025-09-23 04:00,0.0,16.4,2.2,0.0,1.0,1.0
2025-09-23 05:00,0.0,17.3,1.7,0.0,1.0,1.0
2025-09-23 06:00,65.0,18.7,1.1,283.3,1.0,1.0
2025-09-23 07:00,271.0,20.6,1.9,1149.0,1.0,1.0
2025-09-23 08:00,512.0,22.7,1.6,2083.4,1.0,1.0
2025-09-23 09:00,663.0,25.1,2.1,2653.9,1.0,1.0
2025-09-23 10:00,732.0,27.4,2.7,2874.6,1.0,1.0
2025-09-23 11:00,838.0,29.6,2.1,3258.9,1.0,1.0
2025-09-23 12:00,856.0,31.4,4.4,3299.2,1.0,1.0
2025-09-23 13:00,767.0,32.9,3.5,2988.5,1.0,1.0
2025-09-23 14:00,682.0,33.8,3.3,2676.7,1.0,1.0
2025-09-23 15:00,464.0,34.1,3.8,1863.2,1.0,1.0
2025-09-23 16:00,278.0,33.8,3.5,1125.3,1.0,1.0
2025-09-23 17:00,60.0,32.9,3.0,246.7,1.0,1.0
2025-09-23 18:00,0.0,31.4,3.5,0.0,1.0,1.0
2025-09-23 19:00,0.0,29.6,2.3,0.0,1.0,1.0
2025-09-23 20:00,0.0,27.4,2.6,0.0,1.0,1.0
2025-09-23 21:00,0.0,25.1,2.2,0.0,1.0,1.0
2025-09-23 22:00,0.0,22.7,0.6,0.0,1.0,1.0
2025-09-23 23:00,0.0,20.6,2.0,0.0,1.0,1.0
2025-09-24 00:00,0.0,21.8,1.3,0.0,1.0,1.0
2025-09-24 01:00,0.0,20.4,1.7,0.0,1.0,1.0
2025-09-24 02:00,0.0,19.5,1.3,0.0,1.0,1.0
2025-09-24 03:00,0.0,19.2,2.1,0.0,1.0,1.0
2025-09-24 04:00,0.0,19.5,2.3,0.0,1.0,1.0
2025-09-24 05:00,0.0,20.4,1.4,0.0,1.0,1.0
2025-09-24 06:00,66.0,21.8,2.0,293.7,1.0,1.0
2025-09-24 07:00,306.0,23.7,2.8,1301.7,1.0,1.0
2025-09-24 08:00,531.0,25.8,2.7,2181.1,1.0,1.0
2025-09-24 09:00,712.0,28.2,1.9,2867.1,1.0,1.0
2025-09-24 10:00,831.0,30.5,3.5,3267.3,1.0,1.0
2025-09-24 11:00,903.0,32.7,2.4,3424.2,1.0,1.0
2025-09-24 12:00,932.0,34.5,3.3,3477.9,1.0,1.0
2025-09-24 13:00,778.0,36.0,3.0,2991.3,1.0,1.0
2025-09-24 14:00,714.0,36.9,3.3,2716.6,1.0,1.0
2025-09-24 15:00,530.0,37.2,4.4,2111.9,1.0,1.0
2025-09-24 16:00,311.0,36.9,2.9,1249.7,1.0,1.0
2025-09-24 17:00,66.0,36.0,2.5,275.6,1.0,1.0
2025-09-24 18:00,0.0,34.5,3.6,0.0,1.0,1.0
2025-09-24 19:00,0.0,32.7,3.3,0.0,1.0,1.0
2025-09-24 20:00,0.0,30.5,3.0,0.0,1.0,1.0
2025-09-24 21:00,0.0,28.2,1.0,0.0,1.0,1.0
2025-09-24 22:00,0.0,25.8,2.9,0.0,1.0,1.0
2025-09-24 23:00,0.0,23.7,1.7,0.0,1.0,1.0
2025-09-25 00:00,0.0,18.0,0.6,0.0,1.0,1.0
2025-09-25 01:00,0.0,16.6,2.0,0.0,1.0,1.0
2025-09-25 02:00,0.0,15.7,0.3,0.0,1.0,1.0
2025-09-25 03:00,0.0,15.4,1.5,0.0,1.0,1.0
2025-09-25 04:00,0.0,15.7,1.5,0.0,1.0,1.0
2025-09-25 05:00,0.0,16.6,2.0,0.0,1.0,1.0
2025-09-25 06:00,59.0,18.0,2.8,258.9,1.0,1.0
2025-09-25 07:00,311.0,19.9,1.5,1306.3,1.0,1.0
2025-09-25 08:00,540.0,22.0,2.1,2258.5,1.0,1.0
2025-09-25 09:00,728.0,24.4,1.9,2913.5,1.0,1.0
2025-09-25 10:00,835.0,26.7,1.8,3276.3,1.0,1.0
2025-09-25 11:00,929.0,28.9,3.2,3638.0,1.0,1.0
2025-09-25 12:00,929.0,30.7,4.3,3608.4,1.0,1.0
2025-09-25 13:00,830.0,32.2,4.0,3169.4,1.0,1.0
2025-09-25 14:00,728.0,33.1,4.2,2865.4,1.0,1.0
2025-09-25 15:00,540.0,33.4,4.2,2152.0,1.0,1.0
2025-09-25 16:00,307.0,33.1,3.1,1247.3,1.0,1.0
2025-09-25 17:00,60.0,32.2,2.3,254.6,1.0,1.0
2025-09-25 18:00,0.0,30.7,3.0,0.0,1.0,1.0
2025-09-25 19:00,0.0,28.9,3.8,0.0,1.0,1.0
2025-09-25 20:00,0.0,26.7,3.2,0.0,1.0,1.0
2025-09-25 21:00,0.0,24.4,1.5,0.0,1.0,1.0
2025-09-25 22:00,0.0,22.0,1.2,0.0,1.0,1.0
2025-09-25 23:00,0.0,19.9,0.5,0.0,1.0,1.0
2025-09-26 00:00,0.0,20.0,1.6,0.0,1.0,1.0
2025-09-26 01:00,0.0,18.6,1.9,0.0,1.0,1.0
2025-09-26 02:00,0.0,17.7,1.8,0.0,1.0,1.0
2025-09-26 03:00,0.0,17.4,2.1,0.0,1.0,1.0
2025-09-26 04:00,0.0,17.7,1.9,0.0,1.0,1.0
2025-09-26 05:00,0.0,18.6,1.9,0.0,1.0,1.0
2025-09-26 06:00,50.0,20.0,2.2,221.6,1.0,1.0
2025-09-26 07:00,281.0,21.9,1.4,1197.2,1.0,1.0
2025-09-26 08:00,479.0,24.0,1.7,1979.1,1.0,1.0
2025-09-26 09:00,691.0,26.4,1.9,2768.4,1.0,1.0
2025-09-26 10:00,768.0,28.7,3.3,3080.4,1.0,1.0
2025-09-26 11:00,806.0,30.9,3.3,3093.5,1.0,1.0
2025-09-26 12:00,853.0,32.7,2.9,3313.7,1.0,1.0
2025-09-26 13:00,765.0,34.2,3.5,2956.3,1.0,1.0
2025-09-26 14:00,640.0,35.1,3.5,2490.1,1.0,1.0
2025-09-26 15:00,482.0,35.4,3.6,1924.3,1.0,1.0
2025-09-26 16:00,280.0,35.1,4.2,1158.5,1.0,1.0
2025-09-26 17:00,52.0,34.2,3.0,211.2,1.0,1.0
2025-09-26 18:00,0.0,32.7,2.5,0.0,1.0,1.0
2025-09-26 19:00,0.0,30.9,2.7,0.0,1.0,1.0
2025-09-26 20:00,0.0,28.7,2.4,0.0,1.0,1.0
2025-09-26 21:00,0.0,26.4,2.1,0.0,1.0,1.0
2025-09-26 22:00,0.0,24.0,2.6,0.0,1.0,1.0
2025-09-26 23:00,0.0,21.9,2.5,0.0,1.0,1.0
2025-09-27 00:00,0.0,22.0,2.0,0.0,1.0,1.0
2025-09-27 01:00,0.0,20.6,2.0,0.0,1.0,1.0
2025-09-27 02:00,0.0,19.7,2.0,0.0,1.0,1.0
2025-09-27 03:00,0.0,19.4,1.4,0.0,1.0,1.0
2025-09-27 04:00,0.0,19.7,1.5,0.0,1.0,1.0
2025-09-27 05:00,0.0,20.6,3.0,0.0,1.0,1.0
2025-09-27 06:00,53.0,22.0,2.6,227.6,1.0,1.0
2025-09-27 07:00,257.0,23.9,4.4,1107.1,1.0,1.0
2025-09-27 08:00,485.0,26.0,2.3,1987.3,1.0,1.0
2025-09-27 09:00,658.0,28.4,2.2,2606.6,1.0,1.0
2025-09-27 10:00,827.0,30.7,2.1,3271.7,1.0,1.0
2025-09-27 11:00,907.0,32.9,2.6,3533.0,1.0,1.0
2025-09-27 12:00,886.0,34.7,3.4,3390.9,1.0,1.0
2025-09-27 13:00,854.0,36.1,4.0,3263.0,1.0,1.0
2025-09-27 14:00,716.0,37.0,3.7,2763.0,1.0,1.0
2025-09-27 15:00,508.0,37.4,3.7,2009.7,1.0,1.0
2025-09-27 16:00,280.0,37.0,3.9,1152.0,1.0,1.0
2025-09-27 17:00,51.0,36.1,3.5,211.9,1.0,1.0
2025-09-27 18:00,0.0,34.7,2.9,0.0,1.0,1.0
2025-09-27 19:00,0.0,32.9,3.1,0.0,1.0,1.0
2025-09-27 20:00,0.0,30.7,2.2,0.0,1.0,1.0
2025-09-27 21:00,0.0,28.4,2.5,0.0,1.0,1.0
2025-09-27 22:00,0.0,26.0,1.7,0.0,1.0,1.0
2025-09-27 23:00,0.0,23.9,2.8,0.0,1.0,1.0
2025-09-28 00:00,0.0,16.8,1.4,0.0,1.0,1.0
2025-09-28 01:00,0.0,15.3,2.3,0.0,1.0,1.0
2025-09-28 02:00,0.0,14.4,1.1,0.0,1.0,1.0
2025-09-28 03:00,0.0,14.1,3.1,0.0,1.0,1.0
2025-09-28 04:00,0.0,14.4,1.9,0.0,1.0,1.0
2025-09-28 05:00,0.0,15.3,2.1,0.0,1.0,1.0
2025-09-28 06:00,49.0,16.8,1.9,216.7,1.0,1.0
2025-09-28 07:00,270.0,18.6,1.9,1156.5,1.0,1.0
2025-09-28 08:00,506.0,20.8,1.7,2112.8,1.0,1.0
2025-09-28 09:00,632.0,23.1,1.5,2574.6,1.0,1.0
2025-09-28 10:00,839.0,25.5,1.6,3217.0,1.0,1.0
2025-09-28 11:00,789.0,27.6,2.8,3152.5,1.0,1.0
2025-09-28 12:00,864.0,29.5,3.8,3380.9,1.0,1.0
2025-09-28 13:00,849.0,30.9,3.7,3284.4,1.0,1.0
2025-09-28 14:00,667.0,31.8,3.6,2614.6,1.0,1.0
2025-09-28 15:00,503.0,32.1,3.7,1992.7,1.0,1.0
2025-09-28 16:00,289.0,31.8,3.3,1174.7,1.0,1.0
2025-09-28 17:00,44.0,30.9,2.4,183.9,1.0,1.0
2025-09-28 18:00,0.0,29.5,2.5,0.0,1.0,1.0
2025-09-28 19:00,0.0,27.6,2.9,0.0,1.0,1.0
2025-09-28 20:00,0.0,25.5,2.0,0.0,1.0,1.0
2025-09-28 21:00,0.0,23.1,3.0,0.0,1.0,1.0
2025-09-28 22:00,0.0,20.8,1.0,0.0,1.0,1.0
2025-09-28 23:00,0.0,18.6,2.2,0.0,1.0,1.0
2025-09-29 00:00,0.0,21.9,2.3,0.0,1.0,1.0
2025-09-29 01:00,0.0,20.4,1.4,0.0,1.0,1.0
2025-09-29 02:00,0.0,19.5,3.0,0.0,1.0,1.0
2025-09-29 03:00,0.0,19.2,1.0,0.0,1.0,1.0
2025-09-29 04:00,0.0,19.5,2.1,0.0,1.0,1.0
2025-09-29 05:00,0.0,20.4,0.9,0.0,1.0,1.0
2025-09-29 06:00,47.0,21.9,1.2,203.2,1.0,1.0
2025-09-29 07:00,298.0,23.7,0.9,1252.5,1.0,1.0
2025-09-29 08:00,527.0,25.9,3.1,2153.5,1.0,1.0
2025-09-29 09:00,679.0,28.2,1.4,2676.2,1.0,1.0
2025-09-29 10:00,830.0,30.6,3.2,3187.7,1.0,1.0
2025-09-29 11:00,836.0,32.7,3.0,3227.7,1.0,1.0
2025-09-29 12:00,897.0,34.6,3.1,3361.4,1.0,1.0
2025-09-29 13:00,848.0,36.0,3.5,3165.6,1.0,1.0
2025-09-29 14:00,699.0,36.9,3.4,2686.4,1.0,1.0
2025-09-29 15:00,527.0,37.2,3.0,2054.9,1.0,1.0
2025-09-29 16:00,298.0,36.9,3.5,1205.8,1.0,1.0
2025-09-29 17:00,48.0,36.0,2.9,195.7,1.0,1.0
2025-09-29 18:00,0.0,34.6,2.7,0.0,1.0,1.0
2025-09-29 19:00,0.0,32.7,3.0,0.0,1.0,1.0
2025-09-29 20:00,0.0,30.6,1.9,0.0,1.0,1.0
2025-09-29 21:00,0.0,28.2,2.5,0.0,1.0,1.0
2025-09-29 22:00,0.0,25.9,1.5,0.0,1.0,1.0
2025-09-29 23:00,0.0,23.7,2.1,0.0,1.0,1.0
2025-09-30 00:00,0.0,18.2,1.1,0.0,1.0,1.0
2025-09-30 01:00,0.0,16.8,3.0,0.0,1.0,1.0
2025-09-30 02:00,0.0,15.9,2.5,0.0,1.0,1.0
2025-09-30 03:00,0.0,15.6,1.9,0.0,1.0,1.0
2025-09-30 04:00,0.0,15.9,1.8,0.0,1.0,1.0
2025-09-30 05:00,0.0,16.8,2.2,0.0,1.0,1.0
2025-09-30 06:00,39.0,18.2,1.8,173.4,1.0,1.0
2025-09-30 07:00,256.0,20.1,2.1,1100.8,1.0,1.0
2025-09-30 08:00,473.0,22.3,1.4,1970.8,1.0,1.0
2025-09-30 09:00,655.0,24.6,2.3,2679.7,1.0,1.0
2025-09-30 10:00,789.0,26.9,2.8,3137.9,1.0,1.0
2025-09-30 11:00,834.0,29.1,2.5,3249.6,1.0,1.0
2025-09-30 12:00,836.0,31.0,2.6,3273.9,1.0,1.0
2025-09-30 13:00,754.0,32.4,2.4,2865.5,1.0,1.0
2025-09-30 14:00,619.0,33.3,3.4,2450.3,1.0,1.0
2025-09-30 15:00,469.0,33.6,3.6,1863.1,1.0,1.0
2025-09-30 16:00,265.0,33.3,3.9,1074.5,1.0,1.0
2025-09-30 17:00,40.0,32.4,3.6,168.1,1.0,1.0
2025-09-30 18:00,0.0,31.0,4.0,0.0,1.0,1.0
2025-09-30 19:00,0.0,29.1,3.3,0.0,1.0,1.0
2025-09-30 20:00,0.0,26.9,2.4,0.0,1.0,1.0
2025-09-30 21:00,0.0,24.6,2.1,0.0,1.0,1.0
2025-09-30 22:00,0.0,22.3,2.6,0.0,1.0,1.0
2025-09-30 23:00,0.0,20.1,1.8,0.0,1.0,1.0
2025-10-01 00:00,0.0,11.0,2.7,0.0,1.0,1.0
2025-10-01 01:00,0.0,9.7,1.4,0.0,1.0,1.0
2025-10-01 02:00,0.0,8.9,2.2,0.0,1.0,1.0
2025-10-01 03:00,0.0,8.6,2.2,0.0,1.0,1.0
2025-10-01 04:00,0.0,8.9,3.0,0.0,1.0,1.0
2025-10-01 05:00,0.0,9.7,2.6,0.0,1.0,1.0
2025-10-01 06:00,31.0,11.0,2.4,139.8,1.0,1.0
2025-10-01 07:00,257.0,12.6,2.6,1133.2,1.0,1.0
2025-10-01 08:00,426.0,14.6,2.2,1825.4,1.0,1.0
2025-10-01 09:00,603.0,16.6,1.6,2593.3,1.0,1.0
2025-10-01 10:00,686.0,18.7,2.7,2796.3,1.0,1.0
2025-10-01 11:00,794.0,20.6,3.0,3234.7,1.0,1.0
2025-10-01 12:00,783.0,22.3,3.1,3169.2,1.0,1.0
2025-10-01 13:00,718.0,23.6,3.1,2857.0,1.0,1.0
2025-10-01 14:00,576.0,24.4,3.7,2369.1,1.0,1.0
2025-10-01 15:00,449.0,24.6,3.6,1854.4,1.0,1.0
2025-10-01 16:00,241.0,24.4,2.8,1037.8,1.0,1.0
2025-10-01 17:00,33.0,23.6,4.0,142.3,1.0,1.0
2025-10-01 18:00,0.0,22.3,3.0,0.0,1.0,1.0
2025-10-01 19:00,0.0,20.6,3.2,0.0,1.0,1.0
2025-10-01 20:00,0.0,18.7,2.6,0.0,1.0,1.0
2025-10-01 21:00,0.0,16.6,1.1,0.0,1.0,1.0
2025-10-01 22:00,0.0,14.6,0.3,0.0,1.0,1.0
2025-10-01 23:00,0.0,12.6,0.9,0.0,1.0,1.0
2025-10-02 00:00,0.0,15.2,2.6,0.0,1.0,1.0
2025-10-02 01:00,0.0,13.9,2.6,0.0,1.0,1.0
2025-10-02 02:00,0.0,13.1,2.1,0.0,1.0,1.0
2025-10-02 03:00,0.0,12.9,2.2,0.0,1.0,1.0
2025-10-02 04:00,0.0,13.1,2.7,0.0,1.0,1.0
2025-10-02 05:00,0.0,13.9,2.1,0.0,1.0,1.0
2025-10-02 06:00,34.0,15.2,2.6,150.2,1.0,1.0
2025-10-02 07:00,276.0,16.9,1.2,1184.0,1.0,1.0
2025-10-02 08:00,510.0,18.8,2.4,2157.0,1.0,1.0
2025-10-02 09:00,664.0,20.9,2.1,2693.1,1.0,1.0
2025-10-02 10:00,794.0,22.9,2.3,3133.9,1.0,1.0
2025-10-02 11:00,829.0,24.9,2.7,3248.8,1.0,1.0
2025-10-02 12:00,846.0,26.5,2.7,3302.0,1.0,1.0
2025-10-02 13:00,833.0,27.8,3.3,3289.6,1.0,1.0
2025-10-02 14:00,643.0,28.6,3.2,2562.3,1.0,1.0
2025-10-02 15:00,451.0,28.9,3.9,1822.2,1.0,1.0
2025-10-02 16:00,270.0,28.6,4.7,1131.4,1.0,1.0
2025-10-02 17:00,31.0,27.8,3.1,132.7,1.0,1.0
2025-10-02 18:00,0.0,26.5,2.2,0.0,1.0,1.0
2025-10-02 19:00,0.0,24.9,3.4,0.0,1.0,1.0
2025-10-02 20:00,0.0,22.9,2.7,0.0,1.0,1.0
2025-10-02 21:00,0.0,20.9,1.2,0.0,1.0,1.0
2025-10-02 22:00,0.0,18.8,1.9,0.0,1.0,1.0
2025-10-02 23:00,0.0,16.9,2.5,0.0,1.0,1.0
2025-10-03 00:00,0.0,13.6,0.6,0.0,1.0,1.0
2025-10-03 01:00,0.0,12.3,2.5,0.0,1.0,1.0
2025-10-03 02:00,0.0,11.5,2.3,0.0,1.0,1.0
2025-10-03 03:00,0.0,11.2,2.0,0.0,1.0,1.0
2025-10-03 04:00,0.0,11.5,2.7,0.0,1.0,1.0
2025-10-03 05:00,0.0,12.3,1.3,0.0,1.0,1.0
2025-10-03 06:00,27.0,13.6,1.9,118.0,1.0,1.0
2025-10-03 07:00,247.0,15.2,1.7,1051.3,1.0,1.0
2025-10-03 08:00,409.0,17.2,1.8,1759.8,1.0,1.0
2025-10-03 09:00,595.0,19.2,2.1,2443.9,1.0,1.0
2025-10-03 10:00,732.0,21.3,2.4,2953.0,1.0,1.0
2025-10-03 11:00,743.0,23.2,3.2,2954.8,1.0,1.0
2025-10-03 12:00,770.0,24.9,3.8,3114.2,1.0,1.0
2025-10-03 13:00,699.0,26.2,2.8,2754.8,1.0,1.0
2025-10-03 14:00,589.0,27.0,4.7,2406.2,1.0,1.0
2025-10-03 15:00,443.0,27.2,3.6,1811.3,1.0,1.0
2025-10-03 16:00,248.0,27.0,4.1,1035.7,1.0,1.0
2025-10-03 17:00,29.0,26.2,3.4,126.6,1.0,1.0
2025-10-03 18:00,0.0,24.9,2.4,0.0,1.0,1.0
2025-10-03 19:00,0.0,23.2,3.8,0.0,1.0,1.0
2025-10-03 20:00,0.0,21.3,2.1,0.0,1.0,1.0
2025-10-03 21:00,0.0,19.2,2.7,0.0,1.0,1.0
2025-10-03 22:00,0.0,17.2,1.8,0.0,1.0,1.0
2025-10-03 23:00,0.0,15.2,2.5,0.0,1.0,1.0
2025-10-04 00:00,0.0,14.6,1.0,0.0,1.0,1.0
2025-10-04 01:00,0.0,13.4,1.7,0.0,1.0,1.0
2025-10-04 02:00,0.0,12.6,2.7,0.0,1.0,1.0
2025-10-04 03:00,0.0,12.3,2.2,0.0,1.0,1.0
2025-10-04 04:00,0.0,12.6,1.3,0.0,1.0,1.0
2025-10-04 05:00,0.0,13.4,2.6,0.0,1.0,1.0
2025-10-04 06:00,13.0,14.6,2.0,58.0,1.0,1.0
2025-10-04 07:00,223.0,16.3,1.4,967.9,1.0,1.0
2025-10-04 08:00,410.0,18.2,2.1,1713.9,1.0,1.0
2025-10-04 09:00,599.0,20.3,1.7,2482.1,1.0,1.0
2025-10-04 10:00,735.0,22.4,2.2,2981.7,1.0,1.0
2025-10-04 11:00,806.0,24.3,2.2,3212.2,1.0,1.0
2025-10-04 12:00,779.0,25.9,3.8,3061.0,1.0,1.0
2025-10-04 13:00,718.0,27.2,3.9,2908.1,1.0,1.0
2025-10-04 14:00,599.0,28.0,4.2,2405.6,1.0,1.0
2025-10-04 15:00,453.0,28.3,3.8,1848.8,1.0,1.0
2025-10-04 16:00,223.0,28.0,3.1,926.0,1.0,1.0
2025-10-04 17:00,13.0,27.2,3.7,56.6,1.0,1.0
2025-10-04 18:00,0.0,25.9,3.7,0.0,1.0,1.0
2025-10-04 19:00,0.0,24.3,4.5,0.0,1.0,1.0
2025-10-04 20:00,0.0,22.4,1.2,0.0,1.0,1.0
2025-10-04 21:00,0.0,20.3,1.5,0.0,1.0,1.0
2025-10-04 22:00,0.0,18.2,2.3,0.0,1.0,1.0
2025-10-04 23:00,0.0,16.3,2.0,0.0,1.0,1.0
2025-10-05 00:00,0.0,14.6,2.2,0.0,1.0,1.0
2025-10-05 01:00,0.0,13.3,1.1,0.0,1.0,1.0
2025-10-05 02:00,0.0,12.5,2.1,0.0,1.0,1.0
2025-10-05 03:00,0.0,12.2,1.7,0.0,1.0,1.0
2025-10-05 04:00,0.0,12.5,1.9,0.0,1.0,1.0
2025-10-05 05:00,0.0,13.3,2.1,0.0,1.0,1.0
2025-10-05 06:00,12.0,14.6,2.4,53.7,1.0,1.0
2025-10-05 07:00,249.0,16.2,1.3,1097.6,1.0,1.0
2025-10-05 08:00,443.0,18.2,2.8,1863.5,1.0,1.0
2025-10-05 09:00,631.0,20.2,2.8,2600.3,1.0,1.0
2025-10-05 10:00,764.0,22.3,1.8,3010.5,1.0,1.0
2025-10-05 11:00,740.0,24.2,3.3,2939.4,1.0,1.0
2025-10-05 12:00,809.0,25.9,2.6,3207.0,1.0,1.0
2025-10-05 13:00,712.0,27.2,2.9,2834.2,1.0,1.0
2025-10-05 14:00,603.0,28.0,3.5,2443.9,1.0,1.0
2025-10-05 15:00,444.0,28.2,3.2,1822.7,1.0,1.0
2025-10-05 16:00,246.0,28.0,3.3,1036.3,1.0,1.0
2025-10-05 17:00,11.0,27.2,3.1,46.5,1.0,1.0
2025-10-05 18:00,0.0,25.9,2.5,0.0,1.0,1.0
2025-10-05 19:00,0.0,24.2,2.7,0.0,1.0,1.0
2025-10-05 20:00,0.0,22.3,2.5,0.0,1.0,1.0
2025-10-05 21:00,0.0,20.2,1.0,0.0,1.0,1.0
2025-10-05 22:00,0.0,18.2,3.0,0.0,1.0,1.0
2025-10-05 23:00,0.0,16.2,0.9,0.0,1.0,1.0
2025-10-06 00:00,0.0,14.5,1.7,0.0,1.0,1.0
2025-10-06 01:00,0.0,13.2,1.4,0.0,1.0,1.0
2025-10-06 02:00,0.0,12.4,2.9,0.0,1.0,1.0
2025-10-06 03:00,0.0,12.2,1.5,0.0,1.0,1.0
2025-10-06 04:00,0.0,12.4,2.8,0.0,1.0,1.0
2025-10-06 05:00,0.0,13.2,1.7,0.0,1.0,1.0
2025-10-06 06:00,8.0,14.5,1.9,35.9,1.0,1.0
2025-10-06 07:00,218.0,16.2,1.1,949.6,1.0,1.0
2025-10-06 08:00,392.0,18.1,1.6,1662.7,1.0,1.0
2025-10-06 09:00,580.0,20.2,1.7,2361.3,1.0,1.0
2025-10-06 10:00,679.0,22.2,1.0,2752.4,1.0,1.0
2025-10-06 11:00,725.0,24.2,2.7,2954.9,1.0,1.0
2025-10-06 12:00,752.0,25.8,2.4,2998.4,1.0,1.0
2025-10-06 13:00,645.0,27.1,3.8,2556.5,1.0,1.0
2025-10-06 14:00,553.0,27.9,3.3,2247.6,1.0,1.0
2025-10-06 15:00,416.0,28.2,2.6,1693.6,1.0,1.0
2025-10-06 16:00,227.0,27.9,0.7,940.9,1.0,1.0
2025-10-06 17:00,9.0,27.1,3.0,39.0,1.0,1.0
2025-10-06 18:00,0.0,25.8,2.2,0.0,1.0,1.0
2025-10-06 19:00,0.0,24.2,3.5,0.0,1.0,1.0
2025-10-06 20:00,0.0,22.2,2.3,0.0,1.0,1.0
2025-10-06 21:00,0.0,20.2,1.2,0.0,1.0,1.0
2025-10-06 22:00,0.0,18.1,1.9,0.0,1.0,1.0
2025-10-06 23:00,0.0,16.2,2.5,0.0,1.0,1.0
2025-10-07 00:00,0.0,16.4,1.2,0.0,1.0,1.0
2025-10-07 01:00,0.0,15.1,2.6,0.0,1.0,1.0
2025-10-07 02:00,0.0,14.3,1.5,0.0,1.0,1.0
2025-10-07 03:00,0.0,14.0,1.3,0.0,1.0,1.0
2025-10-07 04:00,0.0,14.3,2.7,0.0,1.0,1.0
2025-10-07 05:00,0.0,15.1,2.2,0.0,1.0,1.0
2025-10-07 06:00,6.0,16.4,1.8,26.2,1.0,1.0
2025-10-07 07:00,215.0,18.0,1.4,916.8,1.0,1.0
2025-10-07 08:00,399.0,19.9,2.9,1672.4,1.0,1.0
2025-10-07 09:00,509.0,22.0,3.3,2088.4,1.0,1.0
2025-10-07 10:00,643.0,24.1,2.4,2676.7,1.0,1.0
2025-10-07 11:00,675.0,26.0,3.0,2758.5,1.0,1.0
2025-10-07 12:00,660.0,27.7,3.5,2667.4,1.0,1.0
2025-10-07 13:00,652.0,28.9,4.2,2558.3,1.0,1.0
2025-10-07 14:00,482.0,29.7,4.1,1939.3,1.0,1.0
2025-10-07 15:00,377.0,30.0,2.9,1530.7,1.0,1.0
2025-10-07 16:00,213.0,29.7,2.8,882.1,1.0,1.0
2025-10-07 17:00,6.0,28.9,3.2,25.9,1.0,1.0
2025-10-07 18:00,0.0,27.7,3.7,0.0,1.0,1.0
2025-10-07 19:00,0.0,26.0,3.3,0.0,1.0,1.0
2025-10-07 20:00,0.0,24.1,2.4,0.0,1.0,1.0
2025-10-07 21:00,0.0,22.0,1.3,0.0,1.0,1.0
2025-10-07 22:00,0.0,19.9,1.3,0.0,1.0,1.0
2025-10-07 23:00,0.0,18.0,1.8,0.0,1.0,1.0
2025-10-08 00:00,0.0,16.5,2.6,0.0,1.0,1.0
2025-10-08 01:00,0.0,15.3,2.3,0.0,1.0,1.0
2025-10-08 02:00,0.0,14.5,2.2,0.0,1.0,1.0
2025-10-08 03:00,0.0,14.2,2.9,0.0,1.0,1.0
2025-10-08 04:00,0.0,14.5,2.1,0.0,1.0,1.0
2025-10-08 05:00,0.0,15.3,1.1,0.0,1.0,1.0
2025-10-08 06:00,4.0,16.5,2.7,17.7,1.0,1.0
2025-10-08 07:00,198.0,18.2,2.9,867.3,1.0,1.0
2025-10-08 08:00,364.0,20.1,0.9,1506.0,1.0,1.0
2025-10-08 09:00,510.0,22.2,2.6,2157.9,1.0,1.0
2025-10-08 10:00,594.0,24.3,2.3,2408.4,1.0,1.0
2025-10-08 11:00,639.0,26.2,2.8,2625.5,1.0,1.0
2025-10-08 12:00,616.0,27.8,3.3,2493.7,1.0,1.0
2025-10-08 13:00,595.0,29.1,4.1,2399.6,1.0,1.0
2025-10-08 14:00,486.0,29.9,2.9,1963.5,1.0,1.0
2025-10-08 15:00,337.0,30.2,3.5,1359.1,1.0,1.0
2025-10-08 16:00,198.0,29.9,4.6,829.8,1.0,1.0
2025-10-08 17:00,4.0,29.1,4.3,16.8,1.0,1.0
2025-10-08 18:00,0.0,27.8,3.8,0.0,1.0,1.0
2025-10-08 19:00,0.0,26.2,4.2,0.0,1.0,1.0
2025-10-08 20:00,0.0,24.3,2.0,0.0,1.0,1.0
2025-10-08 21:00,0.0,22.2,2.6,0.0,1.0,1.0
2025-10-08 22:00,0.0,20.1,2.4,0.0,1.0,1.0
2025-10-08 23:00,0.0,18.2,2.1,0.0,1.0,1.0
2025-10-09 00:00,0.0,14.2,1.9,0.0,1.0,1.0
2025-10-09 01:00,0.0,12.9,2.4,0.0,1.0,1.0
2025-10-09 02:00,0.0,12.1,1.8,0.0,1.0,1.0
2025-10-09 03:00,0.0,11.8,2.6,0.0,1.0,1.0
2025-10-09 04:00,0.0,12.1,2.1,0.0,1.0,1.0
2025-10-09 05:00,0.0,12.9,2.5,0.0,1.0,1.0
2025-10-09 06:00,3.0,14.2,1.7,13.3,1.0,1.0
2025-10-09 07:00,191.0,15.8,1.8,829.7,1.0,1.0
2025-10-09 08:00,393.0,17.8,0.7,1669.2,1.0,1.0
2025-10-09 09:00,488.0,19.8,2.6,2029.8,1.0,1.0
2025-10-09 10:00,660.0,21.9,2.5,2659.6,1.0,1.0
2025-10-09 11:00,659.0,23.8,2.7,2701.5,1.0,1.0
2025-10-09 12:00,714.0,25.5,2.3,2875.4,1.0,1.0
2025-10-09 13:00,632.0,26.8,2.5,2487.8,1.0,1.0
2025-10-09 14:00,512.0,27.6,3.9,2065.1,1.0,1.0
2025-10-09 15:00,364.0,27.8,4.1,1491.9,1.0,1.0
2025-10-09 16:00,192.0,27.6,3.6,820.3,1.0,1.0
2025-10-09 17:00,3.0,26.8,4.9,12.6,1.0,1.0
2025-10-09 18:00,0.0,25.5,3.7,0.0,1.0,1.0
2025-10-09 19:00,0.0,23.8,3.5,0.0,1.0,1.0
2025-10-09 20:00,0.0,21.9,2.5,0.0,1.0,1.0
2025-10-09 21:00,0.0,19.8,2.3,0.0,1.0,1.0
2025-10-09 22:00,0.0,17.8,2.9,0.0,1.0,1.0
2025-10-09 23:00,0.0,15.8,2.7,0.0,1.0,1.0
2025-10-10 00:00,0.0,12.9,1.7,0.0,1.0,1.0
2025-10-10 01:00,0.0,11.6,2.4,0.0,1.0,1.0
2025-10-10 02:00,0.0,10.8,0.7,0.0,1.0,1.0
2025-10-10 03:00,0.0,10.6,2.7,0.0,1.0,1.0
2025-10-10 04:00,0.0,10.8,1.7,0.0,1.0,1.0
2025-10-10 05:00,0.0,11.6,2.1,0.0,1.0,1.0
2025-10-10 06:00,2.0,12.9,1.3,8.9,1.0,1.0
2025-10-10 07:00,250.0,14.6,2.2,1082.6,1.0,1.0
2025-10-10 08:00,467.0,16.5,0.8,1993.7,1.0,1.0
2025-10-10 09:00,607.0,18.6,1.8,2559.9,1.0,1.0
2025-10-10 10:00,713.0,20.6,2.1,2945.5,1.0,1.0
2025-10-10 11:00,839.0,22.6,2.2,3341.7,1.0,1.0
2025-10-10 12:00,861.0,24.2,3.1,3308.1,1.0,1.0
2025-10-10 13:00,773.0,25.5,4.0,3127.2,1.0,1.0
2025-10-10 14:00,592.0,26.3,4.0,2398.1,1.0,1.0
2025-10-10 15:00,463.0,26.6,4.2,1868.2,1.0,1.0
2025-10-10 16:00,234.0,26.3,3.5,983.4,1.0,1.0
2025-10-10 17:00,2.0,25.5,4.0,8.6,1.0,1.0
2025-10-10 18:00,0.0,24.2,2.2,0.0,1.0,1.0
2025-10-10 19:00,0.0,22.6,2.3,0.0,1.0,1.0
2025-10-10 20:00,0.0,20.6,2.1,0.0,1.0,1.0
2025-10-10 21:00,0.0,18.6,0.8,0.0,1.0,1.0
2025-10-10 22:00,0.0,16.5,3.0,0.0,1.0,1.0
2025-10-10 23:00,0.0,14.6,2.8,0.0,1.0,1.0
2025-10-11 00:00,0.0,14.9,2.0,0.0,1.0,1.0
2025-10-11 01:00,0.0,13.6,1.9,0.0,1.0,1.0
2025-10-11 02:00,0.0,12.8,2.0,0.0,1.0,1.0
2025-10-11 03:00,0.0,12.5,0.9,0.0,1.0,1.0
2025-10-11 04:00,0.0,12.8,2.0,0.0,1.0,1.0
2025-10-11 05:00,0.0,13.6,1.9,0.0,1.0,1.0
2025-10-11 06:00,0.0,14.9,0.9,0.0,1.0,1.0
2025-10-11 07:00,251.0,16.5,2.8,1082.4,1.0,1.0
2025-10-11 08:00,488.0,18.4,1.3,2065.0,1.0,1.0
2025-10-11 09:00,647.0,20.5,2.2,2680.3,1.0,1.0
2025-10-11 10:00,801.0,22.6,4.5,3248.0,1.0,1.0
2025-10-11 11:00,875.0,24.5,3.2,3419.7,1.0,1.0
2025-10-11 12:00,875.0,26.2,3.3,3416.2,1.0,1.0
2025-10-11 13:00,731.0,27.4,3.8,2880.1,1.0,1.0
2025-10-11 14:00,675.0,28.2,3.5,2655.9,1.0,1.0
2025-10-11 15:00,458.0,28.5,3.4,1854.9,1.0,1.0
2025-10-11 16:00,249.0,28.2,4.8,1035.6,1.0,1.0
2025-10-11 17:00,0.0,27.4,3.5,0.0,1.0,1.0
2025-10-11 18:00,0.0,26.2,2.9,0.0,1.0,1.0
2025-10-11 19:00,0.0,24.5,2.7,0.0,1.0,1.0
2025-10-11 20:00,0.0,22.6,2.7,0.0,1.0,1.0
2025-10-11 21:00,0.0,20.5,0.8,0.0,1.0,1.0
2025-10-11 22:00,0.0,18.4,2.8,0.0,1.0,1.0
2025-10-11 23:00,0.0,16.5,2.3,0.0,1.0,1.0
2025-10-12 00:00,0.0,12.5,2.3,0.0,1.0,1.0
2025-10-12 01:00,0.0,11.2,1.6,0.0,1.0,1.0
2025-10-12 02:00,0.0,10.4,0.8,0.0,1.0,1.0
2025-10-12 03:00,0.0,10.2,1.6,0.0,1.0,1.0
2025-10-12 04:00,0.0,10.4,2.5,0.0,1.0,1.0
2025-10-12 05:00,0.0,11.2,1.7,0.0,1.0,1.0
2025-10-12 06:00,0.0,12.5,2.6,0.0,1.0,1.0
2025-10-12 07:00,254.0,14.2,2.2,1106.4,1.0,1.0
2025-10-12 08:00,477.0,16.1,2.2,2023.8,1.0,1.0
2025-10-12 09:00,671.0,18.2,2.8,2755.0,1.0,1.0
2025-10-12 10:00,803.0,20.2,2.7,3276.1,1.0,1.0
2025-10-12 11:00,872.0,22.2,2.5,3432.4,1.0,1.0
2025-10-12 12:00,825.0,23.8,2.5,3285.2,1.0,1.0
2025-10-12 13:00,803.0,25.1,3.7,3198.8,1.0,1.0
2025-10-12 14:00,651.0,25.9,3.1,2606.0,1.0,1.0
2025-10-12 15:00,472.0,26.2,3.2,1942.7,1.0,1.0
2025-10-12 16:00,249.0,25.9,3.3,1061.3,1.0,1.0
2025-10-12 17:00,0.0,25.1,3.5,0.0,1.0,1.0
2025-10-12 18:00,0.0,23.8,3.1,0.0,1.0,1.0
2025-10-12 19:00,0.0,22.2,2.5,0.0,1.0,1.0
2025-10-12 20:00,0.0,20.2,1.8,0.0,1.0,1.0
2025-10-12 21:00,0.0,18.2,1.6,0.0,1.0,1.0
2025-10-12 22:00,0.0,16.1,2.6,0.0,1.0,1.0
2025-10-12 23:00,0.0,14.2,2.2,0.0,1.0,1.0
2025-10-13 00:00,0.0,13.0,2.1,0.0,1.0,1.0
2025-10-13 01:00,0.0,11.8,1.8,0.0,1.0,1.0
2025-10-13 02:00,0.0,11.0,1.7,0.0,1.0,1.0
2025-10-13 03:00,0.0,10.7,2.5,0.0,1.0,1.0
2025-10-13 04:00,0.0,11.0,2.1,0.0,1.0,1.0
2025-10-13 05:00,0.0,11.8,2.9,0.0,1.0,1.0
2025-10-13 06:00,0.0,13.0,1.5,0.0,1.0,1.0
2025-10-13 07:00,190.0,14.7,1.6,821.8,1.0,1.0
2025-10-13 08:00,362.0,16.6,3.6,1524.3,1.0,1.0
2025-10-13 09:00,506.0,18.7,1.7,2117.8,1.0,1.0
2025-10-13 10:00,594.0,20.8,2.9,2448.1,1.0,1.0
2025-10-13 11:00,680.0,22.7,4.2,2764.3,1.0,1.0
2025-10-13 12:00,702.0,24.3,3.4,2852.7,1.0,1.0
2025-10-13 13:00,611.0,25.6,3.5,2478.5,1.0,1.0
2025-10-13 14:00,521.0,26.4,3.6,2097.5,1.0,1.0
2025-10-13 15:00,358.0,26.7,3.3,1523.9,1.0,1.0
2025-10-13 16:00,184.0,26.4,3.1,764.1,1.0,1.0
2025-10-13 17:00,0.0,25.6,2.4,0.0,1.0,1.0
2025-10-13 18:00,0.0,24.3,3.5,0.0,1.0,1.0
2025-10-13 19:00,0.0,22.7,2.3,0.0,1.0,1.0
2025-10-13 20:00,0.0,20.8,2.1,0.0,1.0,1.0
2025-10-13 21:00,0.0,18.7,2.7,0.0,1.0,1.0
2025-10-13 22:00,0.0,16.6,2.4,0.0,1.0,1.0
2025-10-13 23:00,0.0,14.7,1.0,0.0,1.0,1.0
2025-10-14 00:00,0.0,12.6,1.7,0.0,1.0,1.0
2025-10-14 01:00,0.0,11.3,2.4,0.0,1.0,1.0
2025-10-14 02:00,0.0,10.5,2.0,0.0,1.0,1.0
2025-10-14 03:00,0.0,10.3,2.0,0.0,1.0,1.0
2025-10-14 04:00,0.0,10.5,1.2,0.0,1.0,1.0
2025-10-14 05:00,0.0,11.3,1.8,0.0,1.0,1.0
2025-10-14 06:00,0.0,12.6,2.3,0.0,1.0,1.0
2025-10-14 07:00,247.0,14.3,2.3,1068.6,1.0,1.0
2025-10-14 08:00,477.0,16.2,2.3,2007.5,1.0,1.0
2025-10-14 09:00,664.0,18.3,2.0,2733.8,1.0,1.0
2025-10-14 10:00,796.0,20.3,1.7,3181.6,1.0,1.0
2025-10-14 11:00,864.0,22.3,3.1,3469.7,1.0,1.0
2025-10-14 12:00,850.0,23.9,2.5,3386.3,1.0,1.0
2025-10-14 13:00,796.0,25.2,3.1,3098.3,1.0,1.0
2025-10-14 14:00,634.0,26.0,3.8,2568.4,1.0,1.0
2025-10-14 15:00,477.0,26.3,2.8,1944.8,1.0,1.0
2025-10-14 16:00,247.0,26.0,3.8,1057.4,1.0,1.0
2025-10-14 17:00,0.0,25.2,3.8,0.0,1.0,1.0
2025-10-14 18:00,0.0,23.9,2.8,0.0,1.0,1.0
2025-10-14 19:00,0.0,22.3,3.0,0.0,1.0,1.0
2025-10-14 20:00,0.0,20.3,3.1,0.0,1.0,1.0
2025-10-14 21:00,0.0,18.3,1.2,0.0,1.0,1.0
2025-10-14 22:00,0.0,16.2,1.3,0.0,1.0,1.0
2025-10-14 23:00,0.0,14.3,1.5,0.0,1.0,1.0
2025-10-15 00:00,0.0,14.1,2.2,0.0,1.0,1.0
2025-10-15 01:00,0.0,12.8,2.0,0.0,1.0,1.0
2025-10-15 02:00,0.0,12.0,2.8,0.0,1.0,1.0
2025-10-15 03:00,0.0,11.8,2.1,0.0,1.0,1.0
2025-10-15 04:00,0.0,12.0,1.5,0.0,1.0,1.0
2025-10-15 05:00,0.0,12.8,2.1,0.0,1.0,1.0
2025-10-15 06:00,0.0,14.1,2.1,0.0,1.0,1.0
2025-10-15 07:00,210.0,15.8,1.7,917.9,1.0,1.0
2025-10-15 08:00,407.0,17.7,2.1,1685.7,1.0,1.0
2025-10-15 09:00,583.0,19.8,1.3,2427.3,1.0,1.0
2025-10-15 10:00,672.0,21.8,3.3,2767.8,1.0,1.0
2025-10-15 11:00,777.0,23.8,3.2,3082.0,1.0,1.0
2025-10-15 12:00,694.0,25.4,2.3,2782.3,1.0,1.0
2025-10-15 13:00,697.0,26.7,4.2,2757.2,1.0,1.0
2025-10-15 14:00,575.0,27.5,3.3,2363.9,1.0,1.0
2025-10-15 15:00,390.0,27.8,4.4,1567.3,1.0,1.0
2025-10-15 16:00,214.0,27.5,3.9,893.0,1.0,1.0
2025-10-15 17:00,0.0,26.7,3.5,0.0,1.0,1.0
2025-10-15 18:00,0.0,25.4,3.0,0.0,1.0,1.0
2025-10-15 19:00,0.0,23.8,3.2,0.0,1.0,1.0
2025-10-15 20:00,0.0,21.8,3.7,0.0,1.0,1.0
2025-10-15 21:00,0.0,19.8,1.5,0.0,1.0,1.0
2025-10-15 22:00,0.0,17.7,2.3,0.0,1.0,1.0
2025-10-15 23:00,0.0,15.8,0.7,0.0,1.0,1.0
2025-10-16 00:00,0.0,10.2,2.2,0.0,1.0,1.0
2025-10-16 01:00,0.0,9.0,2.6,0.0,1.0,1.0
2025-10-16 02:00,0.0,8.2,1.5,0.0,1.0,1.0
2025-10-16 03:00,0.0,7.9,2.3,0.0,1.0,1.0
2025-10-16 04:00,0.0,8.2,1.7,0.0,1.0,1.0
2025-10-16 05:00,0.0,9.0,2.4,0.0,1.0,1.0
2025-10-16 06:00,0.0,10.2,2.6,0.0,1.0,1.0
2025-10-16 07:00,186.0,11.9,1.5,801.5,1.0,1.0
2025-10-16 08:00,408.0,13.8,2.4,1744.7,1.0,1.0
2025-10-16 09:00,572.0,15.9,2.2,2364.7,1.0,1.0
2025-10-16 10:00,680.0,18.0,2.1,2811.6,1.0,1.0
2025-10-16 11:00,714.0,19.9,3.0,2912.0,1.0,1.0
2025-10-16 12:00,703.0,21.6,2.8,2856.0,1.0,1.0
2025-10-16 13:00,693.0,22.8,3.7,2751.5,1.0,1.0
2025-10-16 14:00,536.0,23.6,4.2,2197.6,1.0,1.0
2025-10-16 15:00,413.0,23.9,4.9,1698.5,1.0,1.0
2025-10-16 16:00,188.0,23.6,3.3,796.2,1.0,1.0
2025-10-16 17:00,0.0,22.8,3.3,0.0,1.0,1.0
2025-10-16 18:00,0.0,21.6,2.9,0.0,1.0,1.0
2025-10-16 19:00,0.0,19.9,3.2,0.0,1.0,1.0
2025-10-16 20:00,0.0,18.0,2.1,0.0,1.0,1.0
2025-10-16 21:00,0.0,15.9,1.7,0.0,1.0,1.0
2025-10-16 22:00,0.0,13.8,3.3,0.0,1.0,1.0
2025-10-16 23:00,0.0,11.9,1.6,0.0,1.0,1.0
2025-10-17 00:00,0.0,15.4,1.8,0.0,1.0,1.0
2025-10-17 01:00,0.0,14.1,2.2,0.0,1.0,1.0
2025-10-17 02:00,0.0,13.3,2.3,0.0,1.0,1.0
2025-10-17 03:00,0.0,13.0,1.9,0.0,1.0,1.0
2025-10-17 04:00,0.0,13.3,2.7,0.0,1.0,1.0
2025-10-17 05:00,0.0,14.1,2.2,0.0,1.0,1.0
2025-10-17 06:00,0.0,15.4,1.4,0.0,1.0,1.0
2025-10-17 07:00,169.0,17.0,2.7,726.0,1.0,1.0
2025-10-17 08:00,327.0,18.9,2.3,1354.0,1.0,1.0
2025-10-17 09:00,462.0,21.0,1.8,1899.9,1.0,1.0
2025-10-17 10:00,574.0,23.1,1.8,2353.5,1.0,1.0
2025-10-17 11:00,582.0,25.0,2.6,2334.6,1.0,1.0
2025-10-17 12:00,596.0,26.7,4.0,2388.4,1.0,1.0
2025-10-17 13:00,550.0,27.9,3.8,2244.4,1.0,1.0
2025-10-17 14:00,478.0,28.7,3.6,1910.6,1.0,1.0
2025-10-17 15:00,333.0,29.0,2.3,1340.5,1.0,1.0
2025-10-17 16:00,165.0,28.7,3.7,701.6,1.0,1.0
2025-10-17 17:00,0.0,27.9,3.2,0.0,1.0,1.0
2025-10-17 18:00,0.0,26.7,3.9,0.0,1.0,1.0
2025-10-17 19:00,0.0,25.0,3.2,0.0,1.0,1.0
2025-10-17 20:00,0.0,23.1,2.6,0.0,1.0,1.0
2025-10-17 21:00,0.0,21.0,2.8,0.0,1.0,1.0
2025-10-17 22:00,0.0,18.9,1.2,0.0,1.0,1.0
2025-10-17 23:00,0.0,17.0,2.3,0.0,1.0,1.0
2025-10-18 00:00,0.0,15.1,1.8,0.0,1.0,1.0
2025-10-18 01:00,0.0,13.9,1.5,0.0,1.0,1.0
2025-10-18 02:00,0.0,13.1,2.6,0.0,1.0,1.0
2025-10-18 03:00,0.0,12.8,2.9,0.0,1.0,1.0
2025-10-18 04:00,0.0,13.1,2.0,0.0,1.0,1.0
2025-10-18 05:00,0.0,13.9,1.7,0.0,1.0,1.0
2025-10-18 06:00,0.0,15.1,2.7,0.0,1.0,1.0
2025-10-18 07:00,155.0,16.8,2.1,681.1,1.0,1.0
2025-10-18 08:00,335.0,18.7,3.2,1429.1,1.0,1.0
2025-10-18 09:00,488.0,20.8,2.0,2023.7,1.0,1.0
2025-10-18 10:00,548.0,22.9,1.1,2244.4,1.0,1.0
2025-10-18 11:00,622.0,24.8,2.9,2473.1,1.0,1.0
2025-10-18 12:00,605.0,26.4,3.3,2398.4,1.0,1.0
2025-10-18 13:00,593.0,27.7,2.1,2418.5,1.0,1.0
2025-10-18 14:00,455.0,28.5,4.0,1899.3,1.0,1.0
2025-10-18 15:00,325.0,28.8,4.5,1339.5,1.0,1.0
2025-10-18 16:00,148.0,28.5,3.2,631.0,1.0,1.0
2025-10-18 17:00,0.0,27.7,3.9,0.0,1.0,1.0
2025-10-18 18:00,0.0,26.4,2.2,0.0,1.0,1.0
2025-10-18 19:00,0.0,24.8,2.9,0.0,1.0,1.0
2025-10-18 20:00,0.0,22.9,2.3,0.0,1.0,1.0
2025-10-18 21:00,0.0,20.8,1.7,0.0,1.0,1.0
2025-10-18 22:00,0.0,18.7,1.9,0.0,1.0,1.0
2025-10-18 23:00,0.0,16.8,1.5,0.0,1.0,1.0
2025-10-19 00:00,0.0,15.3,1.0,0.0,1.0,1.0
2025-10-19 01:00,0.0,14.1,2.3,0.0,1.0,1.0
2025-10-19 02:00,0.0,13.3,1.2,0.0,1.0,1.0
2025-10-19 03:00,0.0,13.0,2.1,0.0,1.0,1.0
2025-10-19 04:00,0.0,13.3,2.6,0.0,1.0,1.0
2025-10-19 05:00,0.0,14.1,2.0,0.0,1.0,1.0
2025-10-19 06:00,0.0,15.3,1.4,0.0,1.0,1.0
2025-10-19 07:00,201.0,17.0,2.4,867.0,1.0,1.0
2025-10-19 08:00,444.0,18.9,1.9,1885.1,1.0,1.0
2025-10-19 09:00,596.0,21.0,2.5,2405.4,1.0,1.0
2025-10-19 10:00,730.0,23.1,1.7,2937.8,1.0,1.0
2025-10-19 11:00,755.0,25.0,1.6,3051.0,1.0,1.0
2025-10-19 12:00,744.0,26.6,2.3,2967.5,1.0,1.0
2025-10-19 13:00,720.0,27.9,4.8,2823.3,1.0,1.0
2025-10-19 14:00,629.0,28.7,2.8,2556.4,1.0,1.0
2025-10-19 15:00,412.0,29.0,4.2,1707.7,1.0,1.0
2025-10-19 16:00,211.0,28.7,3.2,892.3,1.0,1.0
2025-10-19 17:00,0.0,27.9,2.6,0.0,1.0,1.0
2025-10-19 18:00,0.0,26.6,3.0,0.0,1.0,1.0
2025-10-19 19:00,0.0,25.0,2.2,0.0,1.0,1.0
2025-10-19 20:00,0.0,23.1,1.9,0.0,1.0,1.0
2025-10-19 21:00,0.0,21.0,2.3,0.0,1.0,1.0
2025-10-19 22:00,0.0,18.9,2.0,0.0,1.0,1.0
2025-10-19 23:00,0.0,17.0,2.2,0.0,1.0,1.0
2025-10-20 00:00,0.0,16.2,3.1,0.0,1.0,1.0
2025-10-20 01:00,0.0,14.9,2.4,0.0,1.0,1.0
2025-10-20 02:00,0.0,14.1,2.4,0.0,1.0,1.0
2025-10-20 03:00,0.0,13.9,3.3,0.0,1.0,1.0
2025-10-20 04:00,0.0,14.1,2.3,0.0,1.0,1.0
2025-10-20 05:00,0.0,14.9,2.5,0.0,1.0,1.0
2025-10-20 06:00,0.0,16.2,2.2,0.0,1.0,1.0
2025-10-20 07:00,197.0,17.9,2.1,860.9,1.0,1.0
2025-10-20 08:00,409.0,19.8,2.0,1691.5,1.0,1.0
2025-10-20 09:00,515.0,21.9,2.8,2136.8,1.0,1.0
2025-10-20 10:00,646.0,23.9,2.9,2619.9,1.0,1.0
2025-10-20 11:00,712.0,25.9,3.1,2808.7,1.0,1.0
2025-10-20 12:00,658.0,27.5,2.3,2574.9,1.0,1.0
2025-10-20 13:00,674.0,28.8,2.7,2632.6,1.0,1.0
2025-10-20 14:00,547.0,29.6,3.0,2215.4,1.0,1.0
2025-10-20 15:00,398.0,29.9,2.5,1596.3,1.0,1.0
2025-10-20 16:00,173.0,29.6,3.8,713.5,1.0,1.0
2025-10-20 17:00,0.0,28.8,3.2,0.0,1.0,1.0
2025-10-20 18:00,0.0,27.5,3.4,0.0,1.0,1.0
2025-10-20 19:00,0.0,25.9,2.5,0.0,1.0,1.0
2025-10-20 20:00,0.0,23.9,2.8,0.0,1.0,1.0
2025-10-20 21:00,0.0,21.9,1.9,0.0,1.0,1.0
2025-10-20 22:00,0.0,19.8,1.5,0.0,1.0,1.0
2025-10-20 23:00,0.0,17.9,1.6,0.0,1.0,1.0
2025-10-21 00:00,0.0,12.3,2.0,0.0,1.0,1.0
2025-10-21 01:00,0.0,11.1,2.1,0.0,1.0,1.0
2025-10-21 02:00,0.0,10.3,1.5,0.0,1.0,1.0
2025-10-21 03:00,0.0,10.0,1.7,0.0,1.0,1.0
2025-10-21 04:00,0.0,10.3,2.3,0.0,1.0,1.0
2025-10-21 05:00,0.0,11.1,2.1,0.0,1.0,1.0
2025-10-21 06:00,0.0,12.3,2.2,0.0,1.0,1.0
2025-10-21 07:00,170.0,14.0,0.8,748.1,1.0,1.0
2025-10-21 08:00,370.0,15.9,2.0,1581.5,1.0,1.0
2025-10-21 09:00,529.0,18.0,1.7,2201.8,1.0,1.0
2025-10-21 10:00,642.0,20.1,2.2,2666.3,1.0,1.0
2025-10-21 11:00,762.0,22.0,2.4,3076.5,1.0,1.0
2025-10-21 12:00,752.0,23.7,3.9,3050.1,1.0,1.0
2025-10-21 13:00,656.0,24.9,3.6,2623.7,1.0,1.0
2025-10-21 14:00,489.0,25.7,3.7,1982.7,1.0,1.0
2025-10-21 15:00,391.0,26.0,3.2,1610.4,1.0,1.0
2025-10-21 16:00,176.0,25.7,3.3,743.0,1.0,1.0
2025-10-21 17:00,0.0,24.9,3.4,0.0,1.0,1.0
2025-10-21 18:00,0.0,23.7,3.8,0.0,1.0,1.0
2025-10-21 19:00,0.0,22.0,1.9,0.0,1.0,1.0
2025-10-21 20:00,0.0,20.1,2.9,0.0,1.0,1.0
2025-10-21 21:00,0.0,18.0,2.1,0.0,1.0,1.0
2025-10-21 22:00,0.0,15.9,1.2,0.0,1.0,1.0
2025-10-21 23:00,0.0,14.0,1.6,0.0,1.0,1.0
2025-10-22 00:00,0.0,12.0,2.1,0.0,1.0,1.0
2025-10-22 01:00,0.0,10.7,1.7,0.0,1.0,1.0
2025-10-22 02:00,0.0,9.9,1.3,0.0,1.0,1.0
2025-10-22 03:00,0.0,9.7,2.9,0.0,1.0,1.0
2025-10-22 04:00,0.0,9.9,2.5,0.0,1.0,1.0
2025-10-22 05:00,0.0,10.7,1.3,0.0,1.0,1.0
2025-10-22 06:00,0.0,12.0,1.1,0.0,1.0,1.0
2025-10-22 07:00,219.0,13.7,2.0,938.3,1.0,1.0
2025-10-22 08:00,450.0,15.6,1.0,1915.2,1.0,1.0
2025-10-22 09:00,594.0,17.7,2.2,2506.7,1.0,1.0
2025-10-22 10:00,749.0,19.7,1.2,2998.3,1.0,1.0
2025-10-22 11:00,835.0,21.7,2.1,3247.9,1.0,1.0
2025-10-22 12:00,813.0,23.3,2.0,3243.8,1.0,1.0
2025-10-22 13:00,738.0,24.6,3.5,2878.0,1.0,1.0
2025-10-22 14:00,636.0,25.4,4.3,2521.0,1.0,1.0
2025-10-22 15:00,437.0,25.7,2.9,1832.1,1.0,1.0
2025-10-22 16:00,211.0,25.4,2.5,881.8,1.0,1.0
2025-10-22 17:00,0.0,24.6,3.8,0.0,1.0,1.0
2025-10-22 18:00,0.0,23.3,3.1,0.0,1.0,1.0
2025-10-22 19:00,0.0,21.7,3.2,0.0,1.0,1.0
2025-10-22 20:00,0.0,19.7,2.9,0.0,1.0,1.0
2025-10-22 21:00,0.0,17.7,2.8,0.0,1.0,1.0
2025-10-22 22:00,0.0,15.6,1.4,0.0,1.0,1.0
2025-10-22 23:00,0.0,13.7,2.7,0.0,1.0,1.0
2025-10-23 00:00,0.0,14.3,2.4,0.0,1.0,1.0
2025-10-23 01:00,0.0,13.0,2.6,0.0,1.0,1.0
2025-10-23 02:00,0.0,12.2,1.6,0.0,1.0,1.0
2025-10-23 03:00,0.0,12.0,2.0,0.0,1.0,1.0
2025-10-23 04:00,0.0,12.2,2.0,0.0,1.0,1.0
2025-10-23 05:00,0.0,13.0,1.8,0.0,1.0,1.0
2025-10-23 06:00,0.0,14.3,2.4,0.0,1.0,1.0
2025-10-23 07:00,178.0,16.0,2.1,760.9,1.0,1.0
2025-10-23 08:00,351.0,17.9,2.6,1506.3,1.0,1.0
2025-10-23 09:00,561.0,20.0,1.9,2268.7,1.0,1.0
2025-10-23 10:00,634.0,22.0,2.8,2573.2,1.0,1.0
2025-10-23 11:00,708.0,24.0,2.6,2799.5,1.0,1.0
2025-10-23 12:00,696.0,25.6,2.9,2759.1,1.0,1.0
2025-10-23 13:00,626.0,26.9,3.8,2547.5,1.0,1.0
2025-10-23 14:00,534.0,27.7,3.2,2174.2,1.0,1.0
2025-10-23 15:00,371.0,28.0,3.9,1536.2,1.0,1.0
2025-10-23 16:00,172.0,27.7,4.2,708.5,1.0,1.0
2025-10-23 17:00,0.0,26.9,4.4,0.0,1.0,1.0
2025-10-23 18:00,0.0,25.6,2.0,0.0,1.0,1.0
2025-10-23 19:00,0.0,24.0,2.2,0.0,1.0,1.0
2025-10-23 20:00,0.0,22.0,2.4,0.0,1.0,1.0
2025-10-23 21:00,0.0,20.0,1.5,0.0,1.0,1.0
2025-10-23 22:00,0.0,17.9,1.5,0.0,1.0,1.0
2025-10-23 23:00,0.0,16.0,1.7,0.0,1.0,1.0
2025-10-24 00:00,0.0,17.7,2.3,0.0,1.0,1.0
2025-10-24 01:00,0.0,16.4,2.9,0.0,1.0,1.0
2025-10-24 02:00,0.0,15.6,2.6,0.0,1.0,1.0
2025-10-24 03:00,0.0,15.3,3.2,0.0,1.0,1.0
2025-10-24 04:00,0.0,15.6,1.4,0.0,1.0,1.0
2025-10-24 05:00,0.0,16.4,1.9,0.0,1.0,1.0
2025-10-24 06:00,0.0,17.7,1.2,0.0,1.0,1.0
2025-10-24 07:00,180.0,19.3,2.2,771.5,1.0,1.0
2025-10-24 08:00,384.0,21.2,2.2,1606.6,1.0,1.0
2025-10-24 09:00,526.0,23.3,2.4,2150.4,1.0,1.0
2025-10-24 10:00,666.0,25.4,2.6,2674.8,1.0,1.0
2025-10-24 11:00,701.0,27.3,3.2,2751.5,1.0,1.0
2025-10-24 12:00,678.0,29.0,2.6,2694.0,1.0,1.0
2025-10-24 13:00,619.0,30.2,4.3,2435.9,1.0,1.0
2025-10-24 14:00,549.0,31.0,3.9,2187.8,1.0,1.0
2025-10-24 15:00,369.0,31.3,3.4,1461.9,1.0,1.0
2025-10-24 16:00,168.0,31.0,3.4,697.2,1.0,1.0
2025-10-24 17:00,0.0,30.2,3.6,0.0,1.0,1.0
2025-10-24 18:00,0.0,29.0,3.5,0.0,1.0,1.0
2025-10-24 19:00,0.0,27.3,2.5,0.0,1.0,1.0
2025-10-24 20:00,0.0,25.4,1.5,0.0,1.0,1.0
2025-10-24 21:00,0.0,23.3,1.8,0.0,1.0,1.0
2025-10-24 22:00,0.0,21.2,1.1,0.0,1.0,1.0
2025-10-24 23:00,0.0,19.3,1.4,0.0,1.0,1.0
2025-10-25 00:00,0.0,10.8,0.9,0.0,1.0,1.0
2025-10-25 01:00,0.0,9.5,2.9,0.0,1.0,1.0
2025-10-25 02:00,0.0,8.7,2.5,0.0,1.0,1.0
2025-10-25 03:00,0.0,8.4,2.3,0.0,1.0,1.0
2025-10-25 04:00,0.0,8.7,2.3,0.0,1.0,1.0
2025-10-25 05:00,0.0,9.5,1.8,0.0,1.0,1.0
2025-10-25 06:00,0.0,10.8,2.2,0.0,1.0,1.0
2025-10-25 07:00,170.0,12.4,1.2,736.4,1.0,1.0
2025-10-25 08:00,376.0,14.4,1.9,1585.1,1.0,1.0
2025-10-25 09:00,559.0,16.4,2.4,2298.2,1.0,1.0
2025-10-25 10:00,623.0,18.5,2.0,2550.6,1.0,1.0
2025-10-25 11:00,694.0,20.4,2.9,2778.4,1.0,1.0
2025-10-25 12:00,766.0,22.1,3.2,3003.9,1.0,1.0
2025-10-25 13:00,629.0,23.4,3.8,2592.1,1.0,1.0
2025-10-25 14:00,538.0,24.2,3.5,2149.9,1.0,1.0
2025-10-25 15:00,394.0,24.4,4.8,1636.4,1.0,1.0
2025-10-25 16:00,171.0,24.2,3.0,713.1,1.0,1.0
2025-10-25 17:00,0.0,23.4,3.6,0.0,1.0,1.0
2025-10-25 18:00,0.0,22.1,2.9,0.0,1.0,1.0
2025-10-25 19:00,0.0,20.4,3.1,0.0,1.0,1.0
2025-10-25 20:00,0.0,18.5,0.8,0.0,1.0,1.0
2025-10-25 21:00,0.0,16.4,2.6,0.0,1.0,1.0
2025-10-25 22:00,0.0,14.4,1.8,0.0,1.0,1.0
2025-10-25 23:00,0.0,12.4,2.9,0.0,1.0,1.0
2025-10-26 00:00,0.0,15.3,1.2,0.0,1.0,1.0
2025-10-26 01:00,0.0,14.1,2.3,0.0,1.0,1.0
2025-10-26 02:00,0.0,13.3,2.3,0.0,1.0,1.0
2025-10-26 03:00,0.0,13.0,2.0,0.0,1.0,1.0
2025-10-26 04:00,0.0,13.3,2.3,0.0,1.0,1.0
2025-10-26 05:00,0.0,14.1,2.5,0.0,1.0,1.0
2025-10-26 06:00,0.0,15.3,2.8,0.0,1.0,1.0
2025-10-26 07:00,200.0,17.0,2.3,871.9,1.0,1.0
2025-10-26 08:00,394.0,18.9,2.3,1666.0,1.0,1.0
2025-10-26 09:00,542.0,21.0,2.0,2228.3,1.0,1.0
2025-10-26 10:00,697.0,23.1,3.5,2786.7,1.0,1.0
2025-10-26 11:00,701.0,25.0,2.2,2758.7,1.0,1.0
2025-10-26 12:00,732.0,26.6,3.0,2873.1,1.0,1.0
2025-10-26 13:00,708.0,27.9,3.9,2816.5,1.0,1.0
2025-10-26 14:00,589.0,28.7,2.6,2364.2,1.0,1.0
2025-10-26 15:00,384.0,29.0,3.7,1571.6,1.0,1.0
2025-10-26 16:00,181.0,28.7,3.6,765.0,1.0,1.0
2025-10-26 17:00,0.0,27.9,2.2,0.0,1.0,1.0
2025-10-26 18:00,0.0,26.6,3.0,0.0,1.0,1.0
2025-10-26 19:00,0.0,25.0,3.6,0.0,1.0,1.0
2025-10-26 20:00,0.0,23.1,2.2,0.0,1.0,1.0
2025-10-26 21:00,0.0,21.0,2.2,0.0,1.0,1.0
2025-10-26 22:00,0.0,18.9,1.5,0.0,1.0,1.0
2025-10-26 23:00,0.0,17.0,0.9,0.0,1.0,1.0
2025-10-27 00:00,0.0,14.0,2.9,0.0,1.0,1.0
2025-10-27 01:00,0.0,12.7,1.1,0.0,1.0,1.0
2025-10-27 02:00,0.0,11.9,1.9,0.0,1.0,1.0
2025-10-27 03:00,0.0,11.6,2.6,0.0,1.0,1.0
2025-10-27 04:00,0.0,11.9,2.2,0.0,1.0,1.0
2025-10-27 05:00,0.0,12.7,1.3,0.0,1.0,1.0
2025-10-27 06:00,0.0,14.0,1.8,0.0,1.0,1.0
2025-10-27 07:00,120.0,15.6,2.2,519.7,1.0,1.0
2025-10-27 08:00,261.0,17.6,2.4,1097.7,1.0,1.0
2025-10-27 09:00,400.0,19.6,2.0,1621.7,1.0,1.0
2025-10-27 10:00,466.0,21.7,1.8,1903.2,1.0,1.0
2025-10-27 11:00,494.0,23.6,2.4,2073.6,1.0,1.0
2025-10-27 12:00,516.0,25.3,2.2,2076.4,1.0,1.0
2025-10-27 13:00,488.0,26.6,4.6,1977.1,1.0,1.0
2025-10-27 14:00,403.0,27.4,4.2,1658.4,1.0,1.0
2025-10-27 15:00,252.0,27.6,3.4,1045.4,1.0,1.0
2025-10-27 16:00,116.0,27.4,3.7,486.8,1.0,1.0
2025-10-27 17:00,0.0,26.6,2.3,0.0,1.0,1.0
2025-10-27 18:00,0.0,25.3,3.0,0.0,1.0,1.0
2025-10-27 19:00,0.0,23.6,3.4,0.0,1.0,1.0
2025-10-27 20:00,0.0,21.7,2.5,0.0,1.0,1.0
2025-10-27 21:00,0.0,19.6,2.1,0.0,1.0,1.0
2025-10-27 22:00,0.0,17.6,1.7,0.0,1.0,1.0
2025-10-27 23:00,0.0,15.6,2.9,0.0,1.0,1.0
2025-10-28 00:00,0.0,14.5,2.1,0.0,1.0,1.0
2025-10-28 01:00,0.0,13.2,2.7,0.0,1.0,1.0
2025-10-28 02:00,0.0,12.4,2.3,0.0,1.0,1.0
2025-10-28 03:00,0.0,12.2,2.4,0.0,1.0,1.0
2025-10-28 04:00,0.0,12.4,1.5,0.0,1.0,1.0
2025-10-28 05:00,0.0,13.2,2.1,0.0,1.0,1.0
2025-10-28 06:00,0.0,14.5,1.4,0.0,1.0,1.0
2025-10-28 07:00,132.0,16.2,1.3,576.1,1.0,1.0
2025-10-28 08:00,297.0,18.1,2.8,1273.9,1.0,1.0
2025-10-28 09:00,432.0,20.2,3.4,1757.8,1.0,1.0
2025-10-28 10:00,533.0,22.2,2.0,2179.7,1.0,1.0
2025-10-28 11:00,548.0,24.2,3.7,2223.9,1.0,1.0
2025-10-28 12:00,540.0,25.8,3.1,2178.5,1.0,1.0
2025-10-28 13:00,512.0,27.1,2.6,2035.7,1.0,1.0
2025-10-28 14:00,440.0,27.9,3.7,1798.9,1.0,1.0
2025-10-28 15:00,293.0,28.2,2.5,1176.3,1.0,1.0
2025-10-28 16:00,133.0,27.9,3.6,556.3,1.0,1.0
2025-10-28 17:00,0.0,27.1,1.7,0.0,1.0,1.0
2025-10-28 18:00,0.0,25.8,3.1,0.0,1.0,1.0
2025-10-28 19:00,0.0,24.2,2.8,0.0,1.0,1.0
2025-10-28 20:00,0.0,22.2,1.8,0.0,1.0,1.0
2025-10-28 21:00,0.0,20.2,2.6,0.0,1.0,1.0
2025-10-28 22:00,0.0,18.1,1.6,0.0,1.0,1.0
2025-10-28 23:00,0.0,16.2,3.1,0.0,1.0,1.0
2025-10-29 00:00,0.0,13.2,1.7,0.0,1.0,1.0
2025-10-29 01:00,0.0,11.9,2.5,0.0,1.0,1.0
2025-10-29 02:00,0.0,11.1,2.6,0.0,1.0,1.0
2025-10-29 03:00,0.0,10.8,1.1,0.0,1.0,1.0
2025-10-29 04:00,0.0,11.1,1.8,0.0,1.0,1.0
2025-10-29 05:00,0.0,11.9,2.2,0.0,1.0,1.0
2025-10-29 06:00,0.0,13.2,0.7,0.0,1.0,1.0
2025-10-29 07:00,160.0,14.8,2.4,689.2,1.0,1.0
2025-10-29 08:00,358.0,16.8,2.2,1506.4,1.0,1.0
2025-10-29 09:00,528.0,18.8,2.6,2166.9,1.0,1.0
2025-10-29 10:00,665.0,20.9,2.4,2674.7,1.0,1.0
2025-10-29 11:00,718.0,22.8,2.6,2768.1,1.0,1.0
2025-10-29 12:00,758.0,24.5,3.5,2990.6,1.0,1.0
2025-10-29 13:00,636.0,25.8,3.6,2571.5,1.0,1.0
2025-10-29 14:00,573.0,26.6,4.1,2252.5,1.0,1.0
2025-10-29 15:00,394.0,26.8,3.6,1605.0,1.0,1.0
2025-10-29 16:00,174.0,26.6,4.2,728.7,1.0,1.0
2025-10-29 17:00,0.0,25.8,3.1,0.0,1.0,1.0
2025-10-29 18:00,0.0,24.5,2.1,0.0,1.0,1.0
2025-10-29 19:00,0.0,22.8,3.6,0.0,1.0,1.0
2025-10-29 20:00,0.0,20.9,2.6,0.0,1.0,1.0
2025-10-29 21:00,0.0,18.8,3.4,0.0,1.0,1.0
2025-10-29 22:00,0.0,16.8,2.9,0.0,1.0,1.0
2025-10-29 23:00,0.0,14.8,0.8,0.0,1.0,1.0
2025-10-30 00:00,0.0,16.7,1.9,0.0,1.0,1.0
2025-10-30 01:00,0.0,15.4,2.5,0.0,1.0,1.0
2025-10-30 02:00,0.0,14.6,1.9,0.0,1.0,1.0
2025-10-30 03:00,0.0,14.4,3.7,0.0,1.0,1.0
2025-10-30 04:00,0.0,14.6,2.1,0.0,1.0,1.0
2025-10-30 05:00,0.0,15.4,1.9,0.0,1.0,1.0
2025-10-30 06:00,0.0,16.7,1.9,0.0,1.0,1.0
2025-10-30 07:00,155.0,18.4,1.4,667.9,1.0,1.0
2025-10-30 08:00,353.0,20.3,1.7,1469.0,1.0,1.0
2025-10-30 09:00,528.0,22.4,0.7,2137.5,1.0,1.0
2025-10-30 10:00,592.0,24.4,3.2,2384.5,1.0,1.0
2025-10-30 11:00,719.0,26.4,2.3,2807.9,1.0,1.0
2025-10-30 12:00,673.0,28.0,3.3,2640.6,1.0,1.0
2025-10-30 13:00,613.0,29.3,4.6,2412.8,1.0,1.0
2025-10-30 14:00,501.0,30.1,4.2,1977.8,1.0,1.0
2025-10-30 15:00,333.0,30.4,4.0,1349.4,1.0,1.0
2025-10-30 16:00,154.0,30.1,3.7,633.9,1.0,1.0
2025-10-30 17:00,0.0,29.3,4.2,0.0,1.0,1.0
2025-10-30 18:00,0.0,28.0,2.5,0.0,1.0,1.0
2025-10-30 19:00,0.0,26.4,2.6,0.0,1.0,1.0
2025-10-30 20:00,0.0,24.4,2.5,0.0,1.0,1.0
2025-10-30 21:00,0.0,22.4,2.8,0.0,1.0,1.0
2025-10-30 22:00,0.0,20.3,1.8,0.0,1.0,1.0
2025-10-30 23:00,0.0,18.4,2.2,0.0,1.0,1.0
2025-10-31 00:00,0.0,15.7,1.8,0.0,1.0,1.0
2025-10-31 01:00,0.0,14.4,1.4,0.0,1.0,1.0
2025-10-31 02:00,0.0,13.6,2.9,0.0,1.0,1.0
2025-10-31 03:00,0.0,13.3,1.8,0.0,1.0,1.0
2025-10-31 04:00,0.0,13.6,2.6,0.0,1.0,1.0
2025-10-31 05:00,0.0,14.4,2.7,0.0,1.0,1.0
2025-10-31 06:00,0.0,15.7,2.3,0.0,1.0,1.0
2025-10-31 07:00,184.0,17.3,1.6,796.2,1.0,1.0
2025-10-31 08:00,379.0,19.2,1.9,1567.8,1.0,1.0
2025-10-31 09:00,582.0,21.3,2.1,2361.6,1.0,1.0
2025-10-31 10:00,689.0,23.4,2.7,2774.9,1.0,1.0
2025-10-31 11:00,785.0,25.3,2.6,3072.0,1.0,1.0
2025-10-31 12:00,720.0,27.0,2.5,2825.7,1.0,1.0
2025-10-31 13:00,703.0,28.2,2.7,2744.5,1.0,1.0
2025-10-31 14:00,526.0,29.0,3.3,2114.5,1.0,1.0
2025-10-31 15:00,419.0,29.3,3.2,1676.6,1.0,1.0
2025-10-31 16:00,178.0,29.0,3.0,738.8,1.0,1.0
2025-10-31 17:00,0.0,28.2,2.6,0.0,1.0,1.0
2025-10-31 18:00,0.0,27.0,3.2,0.0,1.0,1.0
2025-10-31 19:00,0.0,25.3,2.5,0.0,1.0,1.0
2025-10-31 20:00,0.0,23.4,2.2,0.0,1.0,1.0
2025-10-31 21:00,0.0,21.3,1.9,0.0,1.0,1.0
2025-10-31 22:00,0.0,19.2,2.0,0.0,1.0,1.0
2025-10-31 23:00,0.0,17.3,2.6,0.0,1.0,1.0
2025-11-01 00:00,0.0,7.2,2.6,0.0,1.0,1.0
2025-11-01 01:00,0.0,6.3,1.0,0.0,1.0,1.0
2025-11-01 02:00,0.0,5.7,1.3,0.0,1.0,1.0
2025-11-01 03:00,0.0,5.5,0.6,0.0,1.0,1.0
2025-11-01 04:00,0.0,5.7,1.6,0.0,1.0,1.0
2025-11-01 05:00,0.0,6.3,1.6,0.0,1.0,1.0
2025-11-01 06:00,0.0,7.2,1.1,0.0,1.0,1.0
2025-11-01 07:00,58.0,8.5,2.4,258.2,1.0,1.0
2025-11-01 08:00,152.0,9.9,2.6,670.7,1.0,1.0
2025-11-01 09:00,233.0,11.5,1.3,1019.4,1.0,1.0
2025-11-01 10:00,281.0,13.0,1.7,1182.6,1.0,1.0
2025-11-01 11:00,322.0,14.5,2.2,1369.2,1.0,1.0
2025-11-01 12:00,333.0,15.7,3.3,1434.4,1.0,1.0
2025-11-01 13:00,289.0,16.7,2.8,1259.0,1.0,1.0
2025-11-01 14:00,244.0,17.3,3.9,1043.0,1.0,1.0
2025-11-01 15:00,155.0,17.5,3.3,665.5,1.0,1.0
2025-11-01 16:00,60.0,17.3,4.1,255.1,1.0,1.0
2025-11-01 17:00,0.0,16.7,3.4,0.0,1.0,1.0
2025-11-01 18:00,0.0,15.7,2.9,0.0,1.0,1.0
2025-11-01 19:00,0.0,14.5,2.6,0.0,1.0,1.0
2025-11-01 20:00,0.0,13.0,2.4,0.0,1.0,1.0
2025-11-01 21:00,0.0,11.5,2.1,0.0,1.0,1.0
2025-11-01 22:00,0.0,9.9,2.6,0.0,1.0,1.0
2025-11-01 23:00,0.0,8.5,1.0,0.0,1.0,1.0
2025-11-02 00:00,0.0,9.5,2.8,0.0,1.0,1.0
2025-11-02 01:00,0.0,8.6,3.9,0.0,1.0,1.0
2025-11-02 02:00,0.0,8.0,1.8,0.0,1.0,1.0
2025-11-02 03:00,0.0,7.8,2.5,0.0,1.0,1.0
2025-11-02 04:00,0.0,8.0,3.3,0.0,1.0,1.0
2025-11-02 05:00,0.0,8.6,0.9,0.0,1.0,1.0
2025-11-02 06:00,0.0,9.5,3.2,0.0,1.0,1.0
2025-11-02 07:00,65.0,10.8,1.4,295.8,1.0,1.0
2025-11-02 08:00,177.0,12.2,0.8,770.5,1.0,1.0
2025-11-02 09:00,264.0,13.8,1.5,1139.3,1.0,1.0
2025-11-02 10:00,332.0,15.3,2.4,1417.4,1.0,1.0
2025-11-02 11:00,354.0,16.8,2.7,1523.5,1.0,1.0
2025-11-02 12:00,357.0,18.0,2.8,1495.5,1.0,1.0
2025-11-02 13:00,329.0,19.0,3.0,1383.6,1.0,1.0
2025-11-02 14:00,269.0,19.6,2.9,1146.8,1.0,1.0
2025-11-02 15:00,179.0,19.8,3.7,781.3,1.0,1.0
2025-11-02 16:00,66.0,19.6,3.3,284.7,1.0,1.0
2025-11-02 17:00,0.0,19.0,3.3,0.0,1.0,1.0
2025-11-02 18:00,0.0,18.0,3.7,0.0,1.0,1.0
2025-11-02 19:00,0.0,16.8,3.4,0.0,1.0,1.0
2025-11-02 20:00,0.0,15.3,3.0,0.0,1.0,1.0
2025-11-02 21:00,0.0,13.8,2.4,0.0,1.0,1.0
2025-11-02 22:00,0.0,12.2,3.3,0.0,1.0,1.0
2025-11-02 23:00,0.0,10.8,1.8,0.0,1.0,1.0
2025-11-03 00:00,0.0,9.5,0.9,0.0,1.0,1.0
2025-11-03 01:00,0.0,8.5,2.4,0.0,1.0,1.0
2025-11-03 02:00,0.0,7.9,2.4,0.0,1.0,1.0
2025-11-03 03:00,0.0,7.7,2.5,0.0,1.0,1.0
2025-11-03 04:00,0.0,7.9,3.1,0.0,1.0,1.0
2025-11-03 05:00,0.0,8.5,1.4,0.0,1.0,1.0
2025-11-03 06:00,0.0,9.5,2.2,0.0,1.0,1.0
2025-11-03 07:00,115.0,10.7,2.9,495.9,1.0,1.0
2025-11-03 08:00,275.0,12.2,2.4,1208.2,1.0,1.0
2025-11-03 09:00,426.0,13.7,1.9,1774.5,1.0,1.0
2025-11-03 10:00,509.0,15.3,3.2,2101.3,1.0,1.0
2025-11-03 11:00,558.0,16.7,3.3,2317.9,1.0,1.0
2025-11-03 12:00,543.0,18.0,2.6,2263.1,1.0,1.0
2025-11-03 13:00,526.0,18.9,4.0,2206.2,1.0,1.0
2025-11-03 14:00,405.0,19.5,3.5,1692.1,1.0,1.0
2025-11-03 15:00,285.0,19.7,3.4,1185.7,1.0,1.0
2025-11-03 16:00,123.0,19.5,4.3,532.5,1.0,1.0
2025-11-03 17:00,0.0,18.9,2.8,0.0,1.0,1.0
2025-11-03 18:00,0.0,18.0,3.3,0.0,1.0,1.0
2025-11-03 19:00,0.0,16.7,2.8,0.0,1.0,1.0
2025-11-03 20:00,0.0,15.3,1.9,0.0,1.0,1.0
2025-11-03 21:00,0.0,13.7,2.5,0.0,1.0,1.0
2025-11-03 22:00,0.0,12.2,1.9,0.0,1.0,1.0
2025-11-03 23:00,0.0,10.7,1.5,0.0,1.0,1.0
2025-11-04 00:00,0.0,8.9,1.5,0.0,1.0,1.0
2025-11-04 01:00,0.0,7.9,2.6,0.0,1.0,1.0
2025-11-04 02:00,0.0,7.3,2.5,0.0,1.0,1.0
2025-11-04 03:00,0.0,7.1,1.9,0.0,1.0,1.0
2025-11-04 04:00,0.0,7.3,1.8,0.0,1.0,1.0
2025-11-04 05:00,0.0,7.9,1.9,0.0,1.0,1.0
2025-11-04 06:00,0.0,8.9,2.9,0.0,1.0,1.0
2025-11-04 07:00,111.0,10.1,1.3,493.3,1.0,1.0
2025-11-04 08:00,302.0,11.6,1.5,1304.5,1.0,1.0
2025-11-04 09:00,445.0,13.1,2.8,1923.1,1.0,1.0
2025-11-04 10:00,509.0,14.7,2.4,2175.4,1.0,1.0
2025-11-04 11:00,560.0,16.1,3.7,2339.1,1.0,1.0
2025-11-04 12:00,537.0,17.4,2.6,2251.8,1.0,1.0
2025-11-04 13:00,477.0,18.3,2.4,1991.3,1.0,1.0
2025-11-04 14:00,398.0,18.9,3.5,1656.1,1.0,1.0
2025-11-04 15:00,288.0,19.1,4.3,1215.8,1.0,1.0
2025-11-04 16:00,115.0,18.9,3.6,500.0,1.0,1.0
2025-11-04 17:00,0.0,18.3,3.9,0.0,1.0,1.0
2025-11-04 18:00,0.0,17.4,2.6,0.0,1.0,1.0
2025-11-04 19:00,0.0,16.1,2.6,0.0,1.0,1.0
2025-11-04 20:00,0.0,14.7,1.9,0.0,1.0,1.0
2025-11-04 21:00,0.0,13.1,2.1,0.0,1.0,1.0
2025-11-04 22:00,0.0,11.6,2.0,0.0,1.0,1.0
2025-11-04 23:00,0.0,10.1,1.9,0.0,1.0,1.0
2025-11-05 00:00,0.0,3.9,2.0,0.0,1.0,1.0
2025-11-05 01:00,0.0,3.0,0.7,0.0,1.0,1.0
2025-11-05 02:00,0.0,2.4,2.6,0.0,1.0,1.0
2025-11-05 03:00,0.0,2.2,1.9,0.0,1.0,1.0
2025-11-05 04:00,0.0,2.4,1.6,0.0,1.0,1.0
2025-11-05 05:00,0.0,3.0,2.1,0.0,1.0,1.0
2025-11-05 06:00,0.0,3.9,2.2,0.0,1.0,1.0
2025-11-05 07:00,61.0,5.2,1.1,274.8,1.0,1.0
2025-11-05 08:00,178.0,6.6,1.7,803.8,1.0,1.0
2025-11-05 09:00,271.0,8.2,2.4,1201.1,1.0,1.0
2025-11-05 10:00,325.0,9.7,3.1,1405.5,1.0,1.0
2025-11-05 11:00,369.0,11.2,2.7,1599.2,1.0,1.0
2025-11-05 12:00,364.0,12.4,3.3,1563.2,1.0,1.0
2025-11-05 13:00,327.0,13.4,4.1,1404.3,1.0,1.0
2025-11-05 14:00,280.0,14.0,3.0,1189.6,1.0,1.0
2025-11-05 15:00,183.0,14.2,4.3,794.5,1.0,1.0
2025-11-05 16:00,60.0,14.0,3.1,266.2,1.0,1.0
2025-11-05 17:00,0.0,13.4,3.8,0.0,1.0,1.0
2025-11-05 18:00,0.0,12.4,3.4,0.0,1.0,1.0
2025-11-05 19:00,0.0,11.2,2.3,0.0,1.0,1.0
2025-11-05 20:00,0.0,9.7,2.6,0.0,1.0,1.0
2025-11-05 21:00,0.0,8.2,1.4,0.0,1.0,1.0
2025-11-05 22:00,0.0,6.6,1.9,0.0,1.0,1.0
2025-11-05 23:00,0.0,5.2,2.5,0.0,1.0,1.0
2025-11-06 00:00,0.0,9.2,1.0,0.0,1.0,1.0
2025-11-06 01:00,0.0,8.2,1.4,0.0,1.0,1.0
2025-11-06 02:00,0.0,7.6,1.9,0.0,1.0,1.0
2025-11-06 03:00,0.0,7.4,2.6,0.0,1.0,1.0
2025-11-06 04:00,0.0,7.6,1.7,0.0,1.0,1.0
2025-11-06 05:00,0.0,8.2,1.7,0.0,1.0,1.0
2025-11-06 06:00,0.0,9.2,2.7,0.0,1.0,1.0
2025-11-06 07:00,94.0,10.4,1.8,416.7,1.0,1.0
2025-11-06 08:00,230.0,11.9,1.5,1012.4,1.0,1.0
2025-11-06 09:00,347.0,13.4,1.7,1471.4,1.0,1.0
2025-11-06 10:00,470.0,15.0,2.2,1997.3,1.0,1.0
2025-11-06 11:00,512.0,16.4,2.4,2112.9,1.0,1.0
2025-11-06 12:00,515.0,17.7,3.8,2071.2,1.0,1.0
2025-11-06 13:00,458.0,18.6,3.2,1911.2,1.0,1.0
2025-11-06 14:00,383.0,19.2,3.4,1630.9,1.0,1.0
2025-11-06 15:00,235.0,19.4,3.1,992.4,1.0,1.0
2025-11-06 16:00,95.0,19.2,2.9,413.3,1.0,1.0
2025-11-06 17:00,0.0,18.6,2.5,0.0,1.0,1.0
2025-11-06 18:00,0.0,17.7,2.7,0.0,1.0,1.0
2025-11-06 19:00,0.0,16.4,2.6,0.0,1.0,1.0
2025-11-06 20:00,0.0,15.0,2.1,0.0,1.0,1.0
2025-11-06 21:00,0.0,13.4,2.0,0.0,1.0,1.0
2025-11-06 22:00,0.0,11.9,1.4,0.0,1.0,1.0
2025-11-06 23:00,0.0,10.4,2.3,0.0,1.0,1.0
2025-11-07 00:00,0.0,9.0,1.8,0.0,1.0,1.0
2025-11-07 01:00,0.0,8.0,2.5,0.0,1.0,1.0
2025-11-07 02:00,0.0,7.4,2.4,0.0,1.0,1.0
2025-11-07 03:00,0.0,7.2,2.5,0.0,1.0,1.0
2025-11-07 04:00,0.0,7.4,1.8,0.0,1.0,1.0
2025-11-07 05:00,0.0,8.0,1.8,0.0,1.0,1.0
2025-11-07 06:00,0.0,9.0,1.9,0.0,1.0,1.0
2025-11-07 07:00,94.0,10.2,2.2,417.6,1.0,1.0
2025-11-07 08:00,236.0,11.7,1.4,1014.6,1.0,1.0
2025-11-07 09:00,349.0,13.2,2.1,1510.2,1.0,1.0
2025-11-07 10:00,435.0,14.8,2.4,1851.6,1.0,1.0
2025-11-07 11:00,440.0,16.2,2.7,1844.6,1.0,1.0
2025-11-07 12:00,472.0,17.5,2.2,1956.7,1.0,1.0
2025-11-07 13:00,436.0,18.4,3.4,1864.4,1.0,1.0
2025-11-07 14:00,354.0,19.0,3.8,1499.6,1.0,1.0
2025-11-07 15:00,231.0,19.2,3.7,1005.4,1.0,1.0
2025-11-07 16:00,84.0,19.0,4.2,366.8,1.0,1.0
2025-11-07 17:00,0.0,18.4,3.6,0.0,1.0,1.0
2025-11-07 18:00,0.0,17.5,2.2,0.0,1.0,1.0
2025-11-07 19:00,0.0,16.2,4.3,0.0,1.0,1.0
2025-11-07 20:00,0.0,14.8,2.9,0.0,1.0,1.0
2025-11-07 21:00,0.0,13.2,2.0,0.0,1.0,1.0
2025-11-07 22:00,0.0,11.7,1.6,0.0,1.0,1.0
2025-11-07 23:00,0.0,10.2,0.8,0.0,1.0,1.0
2025-11-08 00:00,0.0,5.6,1.8,0.0,1.0,1.0
2025-11-08 01:00,0.0,4.7,2.9,0.0,1.0,1.0
2025-11-08 02:00,0.0,4.1,1.2,0.0,1.0,1.0
2025-11-08 03:00,0.0,3.9,1.6,0.0,1.0,1.0
2025-11-08 04:00,0.0,4.1,2.0,0.0,1.0,1.0
2025-11-08 05:00,0.0,4.7,2.1,0.0,1.0,1.0
2025-11-08 06:00,0.0,5.6,1.3,0.0,1.0,1.0
2025-11-08 07:00,120.0,6.9,1.6,534.6,1.0,1.0
2025-11-08 08:00,310.0,8.3,2.5,1365.6,1.0,1.0
2025-11-08 09:00,475.0,9.9,1.1,2019.1,1.0,1.0
2025-11-08 10:00,594.0,11.4,3.0,2438.9,1.0,1.0
2025-11-08 11:00,612.0,12.9,2.3,2550.6,1.0,1.0
2025-11-08 12:00,635.0,14.1,3.4,2626.2,1.0,1.0
2025-11-08 13:00,613.0,15.1,3.7,2604.6,1.0,1.0
2025-11-08 14:00,478.0,15.7,4.3,2024.5,1.0,1.0
2025-11-08 15:00,324.0,15.9,3.4,1382.9,1.0,1.0
2025-11-08 16:00,119.0,15.7,4.6,511.0,1.0,1.0
2025-11-08 17:00,0.0,15.1,2.4,0.0,1.0,1.0
2025-11-08 18:00,0.0,14.1,3.1,0.0,1.0,1.0
2025-11-08 19:00,0.0,12.9,1.9,0.0,1.0,1.0
2025-11-08 20:00,0.0,11.4,2.1,0.0,1.0,1.0
2025-11-08 21:00,0.0,9.9,2.2,0.0,1.0,1.0
2025-11-08 22:00,0.0,8.3,2.0,0.0,1.0,1.0
2025-11-08 23:00,0.0,6.9,2.3,0.0,1.0,1.0
2025-11-09 00:00,0.0,9.6,1.7,0.0,1.0,1.0
2025-11-09 01:00,0.0,8.7,1.9,0.0,1.0,1.0
2025-11-09 02:00,0.0,8.1,2.0,0.0,1.0,1.0
2025-11-09 03:00,0.0,7.9,2.5,0.0,1.0,1.0
2025-11-09 04:00,0.0,8.1,1.7,0.0,1.0,1.0
2025-11-09 05:00,0.0,8.7,1.2,0.0,1.0,1.0
2025-11-09 06:00,0.0,9.6,1.9,0.0,1.0,1.0
2025-11-09 07:00,83.0,10.9,1.1,369.6,1.0,1.0
2025-11-09 08:00,224.0,12.3,1.8,960.3,1.0,1.0
2025-11-09 09:00,370.0,13.9,1.8,1583.8,1.0,1.0
2025-11-09 10:00,445.0,15.4,1.1,1881.4,1.0,1.0
2025-11-09 11:00,487.0,16.9,2.8,2047.3,1.0,1.0
2025-11-09 12:00,451.0,18.1,2.8,1852.7,1.0,1.0
2025-11-09 13:00,439.0,19.1,3.7,1818.4,1.0,1.0
2025-11-09 14:00,331.0,19.7,2.9,1389.8,1.0,1.0
2025-11-09 15:00,225.0,19.9,3.0,974.4,1.0,1.0
2025-11-09 16:00,85.0,19.7,2.6,373.6,1.0,1.0
2025-11-09 17:00,0.0,19.1,3.3,0.0,1.0,1.0
2025-11-09 18:00,0.0,18.1,3.9,0.0,1.0,1.0
2025-11-09 19:00,0.0,16.9,1.8,0.0,1.0,1.0
2025-11-09 20:00,0.0,15.4,2.0,0.0,1.0,1.0
2025-11-09 21:00,0.0,13.9,2.4,0.0,1.0,1.0
2025-11-09 22:00,0.0,12.3,2.3,0.0,1.0,1.0
2025-11-09 23:00,0.0,10.9,1.7,0.0,1.0,1.0
2025-11-10 00:00,0.0,9.0,3.1,0.0,1.0,1.0
2025-11-10 01:00,0.0,8.0,2.5,0.0,1.0,1.0
2025-11-10 02:00,0.0,7.4,1.7,0.0,1.0,1.0
2025-11-10 03:00,0.0,7.2,2.0,0.0,1.0,1.0
2025-11-10 04:00,0.0,7.4,1.6,0.0,1.0,1.0
2025-11-10 05:00,0.0,8.0,1.7,0.0,1.0,1.0
2025-11-10 06:00,0.0,9.0,2.5,0.0,1.0,1.0
2025-11-10 07:00,31.0,10.2,1.5,141.5,1.0,1.0
2025-11-10 08:00,102.0,11.7,2.7,452.2,1.0,1.0
2025-11-10 09:00,156.0,13.2,2.3,682.5,1.0,1.0
2025-11-10 10:00,180.0,14.8,1.3,768.8,1.0,1.0
2025-11-10 11:00,226.0,16.2,2.6,973.7,1.0,1.0
2025-11-10 12:00,215.0,17.4,2.6,923.5,1.0,1.0
2025-11-10 13:00,196.0,18.4,4.3,841.2,1.0,1.0
2025-11-10 14:00,157.0,19.0,3.9,686.0,1.0,1.0
2025-11-10 15:00,93.0,19.2,4.2,402.6,1.0,1.0
2025-11-10 16:00,29.0,19.0,2.9,125.1,1.0,1.0
2025-11-10 17:00,0.0,18.4,3.9,0.0,1.0,1.0
2025-11-10 18:00,0.0,17.4,3.3,0.0,1.0,1.0
2025-11-10 19:00,0.0,16.2,3.3,0.0,1.0,1.0
2025-11-10 20:00,0.0,14.8,2.1,0.0,1.0,1.0
2025-11-10 21:00,0.0,13.2,2.3,0.0,1.0,1.0
2025-11-10 22:00,0.0,11.7,2.1,0.0,1.0,1.0
2025-11-10 23:00,0.0,10.2,1.6,0.0,1.0,1.0
2025-11-11 00:00,0.0,8.6,2.9,0.0,1.0,1.0
2025-11-11 01:00,0.0,7.6,1.3,0.0,1.0,1.0
2025-11-11 02:00,0.0,7.0,2.7,0.0,1.0,1.0
2025-11-11 03:00,0.0,6.8,1.7,0.0,1.0,1.0
2025-11-11 04:00,0.0,7.0,1.9,0.0,1.0,1.0
2025-11-11 05:00,0.0,7.6,2.2,0.0,1.0,1.0
2025-11-11 06:00,0.0,8.6,1.2,0.0,1.0,1.0
2025-11-11 07:00,107.0,9.8,1.6,478.6,1.0,1.0
2025-11-11 08:00,327.0,11.3,1.6,1430.2,1.0,1.0
2025-11-11 09:00,465.0,12.8,2.0,2004.9,1.0,1.0
2025-11-11 10:00,611.0,14.4,3.4,2502.8,1.0,1.0
2025-11-11 11:00,591.0,15.8,2.6,2448.9,1.0,1.0
2025-11-11 12:00,584.0,17.1,3.5,2456.3,1.0,1.0
2025-11-11 13:00,600.0,18.0,2.5,2443.5,1.0,1.0
2025-11-11 14:00,453.0,18.6,2.9,1889.2,1.0,1.0
2025-11-11 15:00,321.0,18.8,3.8,1368.9,1.0,1.0
2025-11-11 16:00,111.0,18.6,3.2,493.1,1.0,1.0
2025-11-11 17:00,0.0,18.0,3.6,0.0,1.0,1.0
2025-11-11 18:00,0.0,17.1,2.7,0.0,1.0,1.0
2025-11-11 19:00,0.0,15.8,2.8,0.0,1.0,1.0
2025-11-11 20:00,0.0,14.4,1.6,0.0,1.0,1.0
2025-11-11 21:00,0.0,12.8,2.0,0.0,1.0,1.0
2025-11-11 22:00,0.0,11.3,1.5,0.0,1.0,1.0
2025-11-11 23:00,0.0,9.8,3.2,0.0,1.0,1.0
2025-11-12 00:00,0.0,6.8,2.2,0.0,1.0,1.0
2025-11-12 01:00,0.0,5.8,1.1,0.0,1.0,1.0
2025-11-12 02:00,0.0,5.2,0.6,0.0,1.0,1.0
2025-11-12 03:00,0.0,5.0,2.0,0.0,1.0,1.0
2025-11-12 04:00,0.0,5.2,0.4,0.0,1.0,1.0
2025-11-12 05:00,0.0,5.8,2.0,0.0,1.0,1.0
2025-11-12 06:00,0.0,6.8,2.0,0.0,1.0,1.0
2025-11-12 07:00,47.0,8.0,2.0,218.8,1.0,1.0
2025-11-12 08:00,150.0,9.5,2.5,681.7,1.0,1.0
2025-11-12 09:00,227.0,11.0,2.8,1033.5,1.0,1.0
2025-11-12 10:00,296.0,12.6,2.5,1328.4,1.0,1.0
2025-11-12 11:00,312.0,14.0,1.8,1372.3,1.0,1.0
2025-11-12 12:00,327.0,15.3,3.0,1459.7,1.0,1.0
2025-11-12 13:00,282.0,16.2,4.0,1249.4,1.0,1.0
2025-11-12 14:00,229.0,16.8,4.0,1009.4,1.0,1.0
2025-11-12 15:00,160.0,17.0,4.1,729.0,1.0,1.0
2025-11-12 16:00,47.0,16.8,4.5,211.4,1.0,1.0
2025-11-12 17:00,0.0,16.2,3.5,0.0,1.0,1.0
2025-11-12 18:00,0.0,15.3,2.9,0.0,1.0,1.0
2025-11-12 19:00,0.0,14.0,2.7,0.0,1.0,1.0
2025-11-12 20:00,0.0,12.6,2.1,0.0,1.0,1.0
2025-11-12 21:00,0.0,11.0,2.1,0.0,1.0,1.0
2025-11-12 22:00,0.0,9.5,3.0,0.0,1.0,1.0
2025-11-12 23:00,0.0,8.0,1.2,0.0,1.0,1.0
2025-11-13 00:00,0.0,9.8,2.2,0.0,1.0,1.0
2025-11-13 01:00,0.0,8.9,2.8,0.0,1.0,1.0
2025-11-13 02:00,0.0,8.3,1.9,0.0,1.0,1.0
2025-11-13 03:00,0.0,8.1,2.3,0.0,1.0,1.0
2025-11-13 04:00,0.0,8.3,2.8,0.0,1.0,1.0
2025-11-13 05:00,0.0,8.9,1.8,0.0,1.0,1.0
2025-11-13 06:00,0.0,9.8,2.3,0.0,1.0,1.0
2025-11-13 07:00,102.0,11.1,2.5,465.2,1.0,1.0
2025-11-13 08:00,303.0,12.5,2.0,1356.2,1.0,1.0
2025-11-13 09:00,437.0,14.1,1.8,1931.8,1.0,1.0
2025-11-13 10:00,523.0,15.6,2.8,2254.8,1.0,1.0
2025-11-13 11:00,593.0,17.1,2.0,2496.6,1.0,1.0
2025-11-13 12:00,566.0,18.3,3.3,2473.2,1.0,1.0
2025-11-13 13:00,534.0,19.2,3.5,2242.5,1.0,1.0
2025-11-13 14:00,417.0,19.8,2.8,1810.0,1.0,1.0
2025-11-13 15:00,279.0,20.1,3.3,1209.4,1.0,1.0
2025-11-13 16:00,103.0,19.8,4.1,452.5,1.0,1.0
2025-11-13 17:00,0.0,19.2,3.5,0.0,1.0,1.0
2025-11-13 18:00,0.0,18.3,2.8,0.0,1.0,1.0
2025-11-13 19:00,0.0,17.1,2.9,0.0,1.0,1.0
2025-11-13 20:00,0.0,15.6,2.2,0.0,1.0,1.0
2025-11-13 21:00,0.0,14.1,2.8,0.0,1.0,1.0
2025-11-13 22:00,0.0,12.5,2.1,0.0,1.0,1.0
2025-11-13 23:00,0.0,11.1,1.2,0.0,1.0,1.0
2025-11-14 00:00,0.0,12.0,2.6,0.0,1.0,1.0
2025-11-14 01:00,0.0,11.0,2.6,0.0,1.0,1.0
2025-11-14 02:00,0.0,10.4,2.5,0.0,1.0,1.0
2025-11-14 03:00,0.0,10.2,1.3,0.0,1.0,1.0
2025-11-14 04:00,0.0,10.4,2.5,0.0,1.0,1.0
2025-11-14 05:00,0.0,11.0,3.1,0.0,1.0,1.0
2025-11-14 06:00,0.0,12.0,1.8,0.0,1.0,1.0
2025-11-14 07:00,75.0,13.2,1.9,340.1,1.0,1.0
2025-11-14 08:00,223.0,14.7,2.1,994.2,1.0,1.0
2025-11-14 09:00,342.0,16.2,1.4,1500.5,1.0,1.0
2025-11-14 10:00,443.0,17.8,2.7,1920.2,1.0,1.0
2025-11-14 11:00,476.0,19.2,3.3,2065.7,1.0,1.0
2025-11-14 12:00,490.0,20.5,3.4,2065.1,1.0,1.0
2025-11-14 13:00,453.0,21.4,2.3,1947.5,1.0,1.0
2025-11-14 14:00,356.0,22.0,3.8,1503.3,1.0,1.0
2025-11-14 15:00,223.0,22.2,4.2,955.1,1.0,1.0
2025-11-14 16:00,78.0,22.0,4.3,346.7,1.0,1.0
2025-11-14 17:00,0.0,21.4,4.3,0.0,1.0,1.0
2025-11-14 18:00,0.0,20.5,3.1,0.0,1.0,1.0
2025-11-14 19:00,0.0,19.2,1.8,0.0,1.0,1.0
2025-11-14 20:00,0.0,17.8,1.6,0.0,1.0,1.0
2025-11-14 21:00,0.0,16.2,2.9,0.0,1.0,1.0
2025-11-14 22:00,0.0,14.7,1.6,0.0,1.0,1.0
2025-11-14 23:00,0.0,13.2,1.8,0.0,1.0,1.0
2025-11-15 00:00,0.0,10.5,2.4,0.0,1.0,1.0
2025-11-15 01:00,0.0,9.6,2.1,0.0,1.0,1.0
2025-11-15 02:00,0.0,9.0,2.1,0.0,1.0,1.0
2025-11-15 03:00,0.0,8.8,2.0,0.0,1.0,1.0
2025-11-15 04:00,0.0,9.0,0.9,0.0,1.0,1.0
2025-11-15 05:00,0.0,9.6,2.2,0.0,1.0,1.0
2025-11-15 06:00,0.0,10.5,2.0,0.0,1.0,1.0
2025-11-15 07:00,78.0,11.8,2.7,355.9,1.0,1.0
2025-11-15 08:00,257.0,13.2,2.1,1161.8,1.0,1.0
2025-11-15 09:00,403.0,14.8,2.8,1774.3,1.0,1.0
2025-11-15 10:00,492.0,16.3,2.0,2116.7,1.0,1.0
2025-11-15 11:00,491.0,17.8,3.7,2128.0,1.0,1.0
2025-11-15 12:00,528.0,19.0,2.7,2225.6,1.0,1.0
2025-11-15 13:00,495.0,19.9,3.2,2100.3,1.0,1.0
2025-11-15 14:00,365.0,20.5,3.3,1585.5,1.0,1.0
2025-11-15 15:00,246.0,20.8,3.6,1074.6,1.0,1.0
2025-11-15 16:00,80.0,20.5,2.7,354.9,1.0,1.0
2025-11-15 17:00,0.0,19.9,1.9,0.0,1.0,1.0
2025-11-15 18:00,0.0,19.0,4.3,0.0,1.0,1.0
2025-11-15 19:00,0.0,17.8,3.1,0.0,1.0,1.0
2025-11-15 20:00,0.0,16.3,2.2,0.0,1.0,1.0
2025-11-15 21:00,0.0,14.8,1.3,0.0,1.0,1.0
2025-11-15 22:00,0.0,13.2,1.6,0.0,1.0,1.0
2025-11-15 23:00,0.0,11.8,1.2,0.0,1.0,1.0
2025-11-16 00:00,0.0,9.8,2.1,0.0,1.0,1.0
2025-11-16 01:00,0.0,8.8,2.0,0.0,1.0,1.0
2025-11-16 02:00,0.0,8.2,0.9,0.0,1.0,1.0
2025-11-16 03:00,0.0,8.0,2.1,0.0,1.0,1.0
2025-11-16 04:00,0.0,8.2,1.3,0.0,1.0,1.0
2025-11-16 05:00,0.0,8.8,2.0,0.0,1.0,1.0
2025-11-16 06:00,0.0,9.8,1.8,0.0,1.0,1.0
2025-11-16 07:00,84.0,11.0,2.8,390.7,1.0,1.0
2025-11-16 08:00,230.0,12.5,1.9,1042.5,1.0,1.0
2025-11-16 09:00,387.0,14.0,2.1,1703.1,1.0,1.0
2025-11-16 10:00,455.0,15.6,3.6,1997.1,1.0,1.0
2025-11-16 11:00,540.0,17.0,3.4,2297.6,1.0,1.0
2025-11-16 12:00,498.0,18.3,2.3,2116.4,1.0,1.0
2025-11-16 13:00,504.0,19.2,2.8,2187.4,1.0,1.0
2025-11-16 14:00,395.0,19.8,4.5,1723.4,1.0,1.0
2025-11-16 15:00,251.0,20.0,3.9,1092.4,1.0,1.0
2025-11-16 16:00,76.0,19.8,4.6,343.5,1.0,1.0
2025-11-16 17:00,0.0,19.2,3.1,0.0,1.0,1.0
2025-11-16 18:00,0.0,18.3,2.8,0.0,1.0,1.0
2025-11-16 19:00,0.0,17.0,2.5,0.0,1.0,1.0
2025-11-16 20:00,0.0,15.6,2.9,0.0,1.0,1.0
2025-11-16 21:00,0.0,14.0,1.8,0.0,1.0,1.0
2025-11-16 22:00,0.0,12.5,1.5,0.0,1.0,1.0
2025-11-16 23:00,0.0,11.0,1.4,0.0,1.0,1.0
2025-11-17 00:00,0.0,14.7,1.9,0.0,1.0,1.0
2025-11-17 01:00,0.0,13.7,2.1,0.0,1.0,1.0
2025-11-17 02:00,0.0,13.1,1.6,0.0,1.0,1.0
2025-11-17 03:00,0.0,12.9,1.9,0.0,1.0,1.0
2025-11-17 04:00,0.0,13.1,2.0,0.0,1.0,1.0
2025-11-17 05:00,0.0,13.7,1.7,0.0,1.0,1.0
2025-11-17 06:00,0.0,14.7,1.8,0.0,1.0,1.0
2025-11-17 07:00,42.0,15.9,2.7,186.1,1.0,1.0
2025-11-17 08:00,165.0,17.4,1.6,743.6,1.0,1.0
2025-11-17 09:00,237.0,18.9,1.5,1053.6,1.0,1.0
2025-11-17 10:00,288.0,20.5,3.2,1230.9,1.0,1.0
2025-11-17 11:00,327.0,21.9,3.1,1427.3,1.0,1.0
2025-11-17 12:00,343.0,23.2,2.5,1475.8,1.0,1.0
2025-11-17 13:00,287.0,24.1,3.5,1253.1,1.0,1.0
2025-11-17 14:00,251.0,24.7,3.1,1096.4,1.0,1.0
2025-11-17 15:00,153.0,24.9,4.3,676.9,1.0,1.0
2025-11-17 16:00,46.0,24.7,2.2,199.8,1.0,1.0
2025-11-17 17:00,0.0,24.1,3.2,0.0,1.0,1.0
2025-11-17 18:00,0.0,23.2,3.0,0.0,1.0,1.0
2025-11-17 19:00,0.0,21.9,2.2,0.0,1.0,1.0
2025-11-17 20:00,0.0,20.5,2.6,0.0,1.0,1.0
2025-11-17 21:00,0.0,18.9,1.4,0.0,1.0,1.0
2025-11-17 22:00,0.0,17.4,2.0,0.0,1.0,1.0
2025-11-17 23:00,0.0,15.9,2.1,0.0,1.0,1.0
2025-11-18 00:00,0.0,8.6,1.9,0.0,1.0,1.0
2025-11-18 01:00,0.0,7.7,0.9,0.0,1.0,1.0
2025-11-18 02:00,0.0,7.1,1.7,0.0,1.0,1.0
2025-11-18 03:00,0.0,6.9,2.0,0.0,1.0,1.0
2025-11-18 04:00,0.0,7.1,2.3,0.0,1.0,1.0
2025-11-18 05:00,0.0,7.7,1.8,0.0,1.0,1.0
2025-11-18 06:00,0.0,8.6,1.6,0.0,1.0,1.0
2025-11-18 07:00,69.0,9.9,2.0,315.2,1.0,1.0
2025-11-18 08:00,237.0,11.3,2.2,1061.5,1.0,1.0
2025-11-18 09:00,366.0,12.9,1.5,1656.5,1.0,1.0
2025-11-18 10:00,438.0,14.4,1.9,1929.6,1.0,1.0
2025-11-18 11:00,510.0,15.9,2.3,2239.5,1.0,1.0
2025-11-18 12:00,491.0,17.1,2.9,2148.9,1.0,1.0
2025-11-18 13:00,467.0,18.1,4.6,1976.0,1.0,1.0
2025-11-18 14:00,377.0,18.7,3.1,1637.7,1.0,1.0
2025-11-18 15:00,223.0,18.9,4.0,992.6,1.0,1.0
2025-11-18 16:00,74.0,18.7,3.8,328.5,1.0,1.0
2025-11-18 17:00,0.0,18.1,3.0,0.0,1.0,1.0
2025-11-18 18:00,0.0,17.1,4.1,0.0,1.0,1.0
2025-11-18 19:00,0.0,15.9,1.7,0.0,1.0,1.0
2025-11-18 20:00,0.0,14.4,2.4,0.0,1.0,1.0
2025-11-18 21:00,0.0,12.9,1.4,0.0,1.0,1.0
2025-11-18 22:00,0.0,11.3,2.5,0.0,1.0,1.0
2025-11-18 23:00,0.0,9.9,1.7,0.0,1.0,1.0
2025-11-19 00:00,0.0,8.3,2.3,0.0,1.0,1.0
2025-11-19 01:00,0.0,7.3,2.0,0.0,1.0,1.0
2025-11-19 02:00,0.0,6.7,2.4,0.0,1.0,1.0
2025-11-19 03:00,0.0,6.5,1.8,0.0,1.0,1.0
2025-11-19 04:00,0.0,6.7,1.5,0.0,1.0,1.0
2025-11-19 05:00,0.0,7.3,1.4,0.0,1.0,1.0
2025-11-19 06:00,0.0,8.3,2.5,0.0,1.0,1.0
2025-11-19 07:00,73.0,9.5,2.6,339.5,1.0,1.0
2025-11-19 08:00,243.0,11.0,1.5,1089.0,1.0,1.0
2025-11-19 09:00,362.0,12.5,2.0,1607.0,1.0,1.0
2025-11-19 10:00,493.0,14.1,3.5,2151.7,1.0,1.0
2025-11-19 11:00,531.0,15.5,2.7,2231.6,1.0,1.0
2025-11-19 12:00,543.0,16.7,3.0,2376.2,1.0,1.0
2025-11-19 13:00,447.0,17.7,3.4,1920.5,1.0,1.0
2025-11-19 14:00,360.0,18.3,2.9,1571.6,1.0,1.0
2025-11-19 15:00,239.0,18.5,3.2,1054.3,1.0,1.0
2025-11-19 16:00,74.0,18.3,3.8,338.0,1.0,1.0
2025-11-19 17:00,0.0,17.7,3.6,0.0,1.0,1.0
2025-11-19 18:00,0.0,16.7,4.0,0.0,1.0,1.0
2025-11-19 19:00,0.0,15.5,3.0,0.0,1.0,1.0
2025-11-19 20:00,0.0,14.1,3.1,0.0,1.0,1.0
2025-11-19 21:00,0.0,12.5,1.8,0.0,1.0,1.0
2025-11-19 22:00,0.0,11.0,2.5,0.0,1.0,1.0
2025-11-19 23:00,0.0,9.5,1.7,0.0,1.0,1.0
2025-11-20 00:00,0.0,8.2,3.0,0.0,0.9,1.0
2025-11-20 01:00,0.0,7.3,2.0,0.0,0.9,1.0
2025-11-20 02:00,0.0,6.7,2.7,0.0,0.9,1.0
2025-11-20 03:00,0.0,6.5,2.2,0.0,0.9,1.0
2025-11-20 04:00,0.0,6.7,2.6,0.0,0.9,1.0
2025-11-20 05:00,0.0,7.3,2.2,0.0,0.9,1.0
2025-11-20 06:00,0.0,8.2,2.4,0.0,0.9,1.0
2025-11-20 07:00,82.0,9.5,2.3,344.7,0.9,1.0
2025-11-20 08:00,291.0,10.9,2.3,1162.0,0.9,1.0
2025-11-20 09:00,426.0,12.5,2.5,1694.1,0.9,1.0
2025-11-20 10:00,561.0,14.0,2.5,2187.5,0.9,1.0
2025-11-20 11:00,587.0,15.5,2.9,2269.2,0.9,1.0
2025-11-20 12:00,613.0,16.7,2.4,2336.2,0.9,1.0
2025-11-20 13:00,564.0,17.7,2.9,2149.7,0.9,1.0
2025-11-20 14:00,428.0,18.3,3.9,1706.2,0.9,1.0
2025-11-20 15:00,284.0,18.5,4.0,1146.8,0.9,1.0
2025-11-20 16:00,87.0,18.3,3.3,343.2,0.9,1.0
2025-11-20 17:00,0.0,17.7,3.4,0.0,0.9,1.0
2025-11-20 18:00,0.0,16.7,3.0,0.0,0.9,1.0
2025-11-20 19:00,0.0,15.5,3.4,0.0,0.9,1.0
2025-11-20 20:00,0.0,14.0,3.3,0.0,0.9,1.0
2025-11-20 21:00,0.0,12.5,2.2,0.0,0.9,1.0
2025-11-20 22:00,0.0,10.9,3.0,0.0,0.9,1.0
2025-11-20 23:00,0.0,9.5,2.0,0.0,0.9,1.0
2025-11-21 00:00,0.0,6.4,2.6,0.0,1.0,1.0
2025-11-21 01:00,0.0,5.5,1.4,0.0,1.0,1.0
2025-11-21 02:00,0.0,4.9,2.1,0.0,1.0,1.0
2025-11-21 03:00,0.0,4.7,1.5,0.0,1.0,1.0
2025-11-21 04:00,0.0,4.9,1.9,0.0,1.0,1.0
2025-11-21 05:00,0.0,5.5,2.4,0.0,1.0,1.0
2025-11-21 06:00,0.0,6.4,2.5,0.0,1.0,1.0
2025-11-21 07:00,75.0,7.7,2.0,354.9,1.0,1.0
2025-11-21 08:00,259.0,9.1,1.2,1161.7,1.0,1.0
2025-11-21 09:00,380.0,10.7,1.7,1677.2,1.0,1.0
2025-11-21 10:00,491.0,12.2,3.9,2198.1,1.0,1.0
2025-11-21 11:00,552.0,13.7,2.9,2374.1,1.0,1.0
2025-11-21 12:00,556.0,14.9,3.2,2389.4,1.0,1.0
2025-11-21 13:00,493.0,15.9,3.9,2146.4,1.0,1.0
2025-11-21 14:00,382.0,16.5,5.1,1629.2,1.0,1.0
2025-11-21 15:00,263.0,16.7,4.0,1153.0,1.0,1.0
2025-11-21 16:00,77.0,16.5,3.8,347.6,1.0,1.0
2025-11-21 17:00,0.0,15.9,3.4,0.0,1.0,1.0
2025-11-21 18:00,0.0,14.9,3.9,0.0,1.0,1.0
2025-11-21 19:00,0.0,13.7,3.4,0.0,1.0,1.0
2025-11-21 20:00,0.0,12.2,2.6,0.0,1.0,1.0
2025-11-21 21:00,0.0,10.7,2.8,0.0,1.0,1.0
2025-11-21 22:00,0.0,9.1,1.6,0.0,1.0,1.0
2025-11-21 23:00,0.0,7.7,2.3,0.0,1.0,1.0
2025-11-22 00:00,0.0,8.7,2.3,0.0,1.0,1.0
2025-11-22 01:00,0.0,7.8,2.1,0.0,1.0,1.0
2025-11-22 02:00,0.0,7.2,2.6,0.0,1.0,1.0
2025-11-22 03:00,0.0,7.0,1.7,0.0,1.0,1.0
2025-11-22 04:00,0.0,7.2,1.8,0.0,1.0,1.0
2025-11-22 05:00,0.0,7.8,0.7,0.0,1.0,1.0
2025-11-22 06:00,0.0,8.7,2.4,0.0,1.0,1.0
2025-11-22 07:00,80.0,10.0,1.5,365.8,1.0,1.0
2025-11-22 08:00,270.0,11.4,2.1,1212.3,1.0,1.0
2025-11-22 09:00,436.0,13.0,2.0,1907.2,1.0,1.0
2025-11-22 10:00,530.0,14.5,2.0,2319.8,1.0,1.0
2025-11-22 11:00,592.0,16.0,3.3,2525.8,1.0,1.0
2025-11-22 12:00,614.0,17.2,4.0,2602.5,1.0,1.0
2025-11-22 13:00,532.0,18.2,3.4,2260.1,1.0,1.0
2025-11-22 14:00,446.0,18.8,3.8,1956.9,1.0,1.0
2025-11-22 15:00,289.0,19.0,4.0,1263.8,1.0,1.0
2025-11-22 16:00,85.0,18.8,3.7,376.0,1.0,1.0
2025-11-22 17:00,0.0,18.2,4.1,0.0,1.0,1.0
2025-11-22 18:00,0.0,17.2,2.7,0.0,1.0,1.0
2025-11-22 19:00,0.0,16.0,1.9,0.0,1.0,1.0
2025-11-22 20:00,0.0,14.5,2.5,0.0,1.0,1.0
2025-11-22 21:00,0.0,13.0,1.5,0.0,1.0,1.0
2025-11-22 22:00,0.0,11.4,1.1,0.0,1.0,1.0
2025-11-22 23:00,0.0,10.0,2.0,0.0,1.0,1.0
2025-11-23 00:00,0.0,5.5,1.0,0.0,1.0,1.0
2025-11-23 01:00,0.0,4.5,2.0,0.0,1.0,1.0
2025-11-23 02:00,0.0,3.9,2.2,0.0,1.0,1.0
2025-11-23 03:00,0.0,3.7,2.8,0.0,1.0,1.0
2025-11-23 04:00,0.0,3.9,2.1,0.0,1.0,1.0
2025-11-23 05:00,0.0,4.5,2.1,0.0,1.0,1.0
2025-11-23 06:00,0.0,5.5,1.5,0.0,1.0,1.0
2025-11-23 07:00,39.0,6.7,1.6,179.9,1.0,1.0
2025-11-23 08:00,158.0,8.2,1.9,711.6,1.0,1.0
2025-11-23 09:00,244.0,9.7,2.1,1100.6,1.0,1.0
2025-11-23 10:00,310.0,11.3,1.6,1357.8,1.0,1.0
2025-11-23 11:00,363.0,12.7,2.7,1561.0,1.0,1.0
2025-11-23 12:00,378.0,14.0,4.3,1625.9,1.0,1.0
2025-11-23 13:00,338.0,14.9,3.2,1503.8,1.0,1.0
2025-11-23 14:00,255.0,15.5,3.6,1121.4,1.0,1.0
2025-11-23 15:00,153.0,15.7,3.7,688.8,1.0,1.0
2025-11-23 16:00,38.0,15.5,4.5,174.3,1.0,1.0
2025-11-23 17:00,0.0,14.9,3.5,0.0,1.0,1.0
2025-11-23 18:00,0.0,14.0,2.7,0.0,1.0,1.0
2025-11-23 19:00,0.0,12.7,1.7,0.0,1.0,1.0
2025-11-23 20:00,0.0,11.3,2.5,0.0,1.0,1.0
2025-11-23 21:00,0.0,9.7,1.3,0.0,1.0,1.0
2025-11-23 22:00,0.0,8.2,2.7,0.0,1.0,1.0
2025-11-23 23:00,0.0,6.7,1.8,0.0,1.0,1.0
2025-11-24 00:00,0.0,6.2,2.0,0.0,1.0,1.0
2025-11-24 01:00,0.0,5.2,2.4,0.0,1.0,1.0
2025-11-24 02:00,0.0,4.6,1.1,0.0,1.0,1.0
2025-11-24 03:00,0.0,4.4,2.0,0.0,1.0,1.0
2025-11-24 04:00,0.0,4.6,1.7,0.0,1.0,1.0
2025-11-24 05:00,0.0,5.2,1.3,0.0,1.0,1.0
2025-11-24 06:00,0.0,6.2,1.4,0.0,1.0,1.0
2025-11-24 07:00,52.0,7.4,1.8,246.0,1.0,1.0
2025-11-24 08:00,197.0,8.9,2.0,902.2,1.0,1.0
2025-11-24 09:00,295.0,10.4,1.4,1315.3,1.0,1.0
2025-11-24 10:00,408.0,12.0,2.1,1788.5,1.0,1.0
2025-11-24 11:00,457.0,13.4,2.8,2025.2,1.0,1.0
2025-11-24 12:00,431.0,14.7,2.3,1892.1,1.0,1.0
2025-11-24 13:00,408.0,15.6,2.1,1781.2,1.0,1.0
2025-11-24 14:00,316.0,16.2,3.0,1407.1,1.0,1.0
2025-11-24 15:00,190.0,16.4,3.9,875.5,1.0,1.0
2025-11-24 16:00,57.0,16.2,3.1,255.1,1.0,1.0
2025-11-24 17:00,0.0,15.6,4.1,0.0,1.0,1.0
2025-11-24 18:00,0.0,14.7,2.9,0.0,1.0,1.0
2025-11-24 19:00,0.0,13.4,3.2,0.0,1.0,1.0
2025-11-24 20:00,0.0,12.0,2.8,0.0,1.0,1.0
2025-11-24 21:00,0.0,10.4,2.4,0.0,1.0,1.0
2025-11-24 22:00,0.0,8.9,2.8,0.0,1.0,1.0
2025-11-24 23:00,0.0,7.4,1.6,0.0,1.0,1.0
2025-11-25 00:00,0.0,7.8,1.9,0.0,1.0,1.0
2025-11-25 01:00,0.0,6.9,2.6,0.0,1.0,1.0
2025-11-25 02:00,0.0,6.3,0.7,0.0,1.0,1.0
2025-11-25 03:00,0.0,6.1,2.0,0.0,1.0,1.0
2025-11-25 04:00,0.0,6.3,0.6,0.0,1.0,1.0
2025-11-25 05:00,0.0,6.9,1.2,0.0,1.0,1.0
2025-11-25 06:00,0.0,7.8,2.7,0.0,1.0,1.0
2025-11-25 07:00,84.0,9.1,4.0,382.0,1.0,1.0
2025-11-25 08:00,291.0,10.5,0.7,1315.6,1.0,1.0
2025-11-25 09:00,454.0,12.1,1.1,2007.6,1.0,1.0
2025-11-25 10:00,621.0,13.6,2.6,2677.7,1.0,1.0
2025-11-25 11:00,648.0,15.1,2.2,2775.2,1.0,1.0
2025-11-25 12:00,576.0,16.3,3.6,2411.2,1.0,1.0
2025-11-25 13:00,621.0,17.3,4.2,2664.0,1.0,1.0
2025-11-25 14:00,487.0,17.9,3.1,2096.7,1.0,1.0
2025-11-25 15:00,299.0,18.1,3.9,1311.2,1.0,1.0
2025-11-25 16:00,89.0,17.9,3.0,395.3,1.0,1.0
2025-11-25 17:00,0.0,17.3,2.8,0.0,1.0,1.0
2025-11-25 18:00,0.0,16.3,2.9,0.0,1.0,1.0
2025-11-25 19:00,0.0,15.1,2.0,0.0,1.0,1.0
2025-11-25 20:00,0.0,13.6,1.9,0.0,1.0,1.0
2025-11-25 21:00,0.0,12.1,1.6,0.0,1.0,1.0
2025-11-25 22:00,0.0,10.5,1.3,0.0,1.0,1.0
2025-11-25 23:00,0.0,9.1,2.6,0.0,1.0,1.0
2025-11-26 00:00,0.0,6.4,1.8,0.0,1.0,1.0
2025-11-26 01:00,0.0,5.4,2.8,0.0,1.0,1.0
2025-11-26 02:00,0.0,4.8,2.4,0.0,1.0,1.0
2025-11-26 03:00,0.0,4.6,1.7,0.0,1.0,1.0
2025-11-26 04:00,0.0,4.8,2.8,0.0,1.0,1.0
2025-11-26 05:00,0.0,5.4,1.2,0.0,1.0,1.0
2025-11-26 06:00,0.0,6.4,1.3,0.0,1.0,1.0
2025-11-26 07:00,19.0,7.6,1.8,88.4,1.0,1.0
2025-11-26 08:00,102.0,9.0,2.0,467.6,1.0,1.0
2025-11-26 09:00,162.0,10.6,1.6,735.9,1.0,1.0
2025-11-26 10:00,204.0,12.2,3.1,907.9,1.0,1.0
2025-11-26 11:00,243.0,13.6,2.8,1066.2,1.0,1.0
2025-11-26 12:00,231.0,14.8,3.2,1010.3,1.0,1.0
2025-11-26 13:00,204.0,15.8,4.0,907.0,1.0,1.0
2025-11-26 14:00,156.0,16.4,3.7,705.5,1.0,1.0
2025-11-26 15:00,96.0,16.6,4.5,425.6,1.0,1.0
2025-11-26 16:00,20.0,16.4,4.3,91.4,1.0,1.0
2025-11-26 17:00,0.0,15.8,3.3,0.0,1.0,1.0
2025-11-26 18:00,0.0,14.8,3.6,0.0,1.0,1.0
2025-11-26 19:00,0.0,13.6,2.8,0.0,1.0,1.0
2025-11-26 20:00,0.0,12.2,3.0,0.0,1.0,1.0
2025-11-26 21:00,0.0,10.6,2.2,0.0,1.0,1.0
2025-11-26 22:00,0.0,9.0,2.2,0.0,1.0,1.0
2025-11-26 23:00,0.0,7.6,2.1,0.0,1.0,1.0
2025-11-27 00:00,0.0,9.2,2.8,0.0,1.0,1.0
2025-11-27 01:00,0.0,8.2,2.5,0.0,1.0,1.0
2025-11-27 02:00,0.0,7.6,2.2,0.0,1.0,1.0
2025-11-27 03:00,0.0,7.4,2.7,0.0,1.0,1.0
2025-11-27 04:00,0.0,7.6,2.3,0.0,1.0,1.0
2025-11-27 05:00,0.0,8.2,2.8,0.0,1.0,1.0
2025-11-27 06:00,0.0,9.2,2.4,0.0,1.0,1.0
2025-11-27 07:00,95.0,10.4,1.9,443.9,1.0,1.0
2025-11-27 08:00,321.0,11.9,1.9,1429.4,1.0,1.0
2025-11-27 09:00,528.0,13.4,2.1,2328.0,1.0,1.0
2025-11-27 10:00,655.0,15.0,1.8,2782.4,1.0,1.0
2025-11-27 11:00,720.0,16.4,2.0,3036.0,1.0,1.0
2025-11-27 12:00,658.0,17.7,3.4,2825.2,1.0,1.0
2025-11-27 13:00,638.0,18.6,3.7,2701.1,1.0,1.0
2025-11-27 14:00,506.0,19.2,2.6,2092.1,1.0,1.0
2025-11-27 15:00,344.0,19.4,2.7,1504.6,1.0,1.0
2025-11-27 16:00,95.0,19.2,3.6,421.0,1.0,1.0
2025-11-27 17:00,0.0,18.6,3.3,0.0,1.0,1.0
2025-11-27 18:00,0.0,17.7,2.8,0.0,1.0,1.0
2025-11-27 19:00,0.0,16.4,1.9,0.0,1.0,1.0
2025-11-27 20:00,0.0,15.0,2.5,0.0,1.0,1.0
2025-11-27 21:00,0.0,13.4,1.2,0.0,1.0,1.0
2025-11-27 22:00,0.0,11.9,2.3,0.0,1.0,1.0
2025-11-27 23:00,0.0,10.4,2.4,0.0,1.0,1.0
2025-11-28 00:00,0.0,9.0,1.7,0.0,1.0,1.0
2025-11-28 01:00,0.0,8.0,1.6,0.0,1.0,1.0
2025-11-28 02:00,0.0,7.4,1.1,0.0,1.0,1.0
2025-11-28 03:00,0.0,7.2,2.2,0.0,1.0,1.0
2025-11-28 04:00,0.0,7.4,2.9,0.0,1.0,1.0
2025-11-28 05:00,0.0,8.0,2.4,0.0,1.0,1.0
2025-11-28 06:00,0.0,9.0,1.8,0.0,1.0,1.0
2025-11-28 07:00,78.0,10.2,2.9,354.7,1.0,1.0
2025-11-28 08:00,330.0,11.7,1.7,1460.1,1.0,1.0
2025-11-28 09:00,459.0,13.2,2.4,1997.1,1.0,1.0
2025-11-28 10:00,617.0,14.8,3.1,2627.3,1.0,1.0
2025-11-28 11:00,651.0,16.2,2.2,2775.1,1.0,1.0
2025-11-28 12:00,625.0,17.5,3.5,2659.1,1.0,1.0
2025-11-28 13:00,571.0,18.4,2.3,2343.8,1.0,1.0
2025-11-28 14:00,486.0,19.0,3.6,2095.6,1.0,1.0
2025-11-28 15:00,327.0,19.2,3.6,1420.9,1.0,1.0
2025-11-28 16:00,74.0,19.0,2.3,325.5,1.0,1.0
2025-11-28 17:00,0.0,18.4,2.5,0.0,1.0,1.0
2025-11-28 18:00,0.0,17.5,3.6,0.0,1.0,1.0
2025-11-28 19:00,0.0,16.2,2.5,0.0,1.0,1.0
2025-11-28 20:00,0.0,14.8,2.0,0.0,1.0,1.0
2025-11-28 21:00,0.0,13.2,1.6,0.0,1.0,1.0
2025-11-28 22:00,0.0,11.7,1.9,0.0,1.0,1.0
2025-11-28 23:00,0.0,10.2,2.3,0.0,1.0,1.0
2025-11-29 00:00,0.0,8.4,2.1,0.0,1.0,1.0
2025-11-29 01:00,0.0,7.5,2.7,0.0,1.0,1.0
2025-11-29 02:00,0.0,6.9,1.8,0.0,1.0,1.0
2025-11-29 03:00,0.0,6.7,1.3,0.0,1.0,1.0
2025-11-29 04:00,0.0,6.9,2.1,0.0,1.0,1.0
2025-11-29 05:00,0.0,7.5,2.6,0.0,1.0,1.0
2025-11-29 06:00,0.0,8.4,2.0,0.0,1.0,1.0
2025-11-29 07:00,81.0,9.7,1.8,364.3,1.0,1.0
2025-11-29 08:00,295.0,11.1,2.1,1305.0,1.0,1.0
2025-11-29 09:00,465.0,12.7,3.8,2038.7,1.0,1.0
2025-11-29 10:00,575.0,14.2,2.7,2506.6,1.0,1.0
2025-11-29 11:00,606.0,15.7,2.1,2588.7,1.0,1.0
2025-11-29 12:00,584.0,16.9,2.4,2450.6,1.0,1.0
2025-11-29 13:00,522.0,17.9,3.4,2205.9,1.0,1.0
2025-11-29 14:00,443.0,18.5,2.8,1901.1,1.0,1.0
2025-11-29 15:00,316.0,18.7,4.0,1400.8,1.0,1.0
2025-11-29 16:00,76.0,18.5,3.8,339.1,1.0,1.0
2025-11-29 17:00,0.0,17.9,2.5,0.0,1.0,1.0
2025-11-29 18:00,0.0,16.9,3.0,0.0,1.0,1.0
2025-11-29 19:00,0.0,15.7,3.5,0.0,1.0,1.0
2025-11-29 20:00,0.0,14.2,2.2,0.0,1.0,1.0
2025-11-29 21:00,0.0,12.7,2.1,0.0,1.0,1.0
2025-11-29 22:00,0.0,11.1,1.5,0.0,1.0,1.0
2025-11-29 23:00,0.0,9.7,3.6,0.0,1.0,1.0
2025-11-30 00:00,0.0,5.8,2.0,0.0,1.0,1.0
2025-11-30 01:00,0.0,4.9,2.4,0.0,1.0,1.0
2025-11-30 02:00,0.0,4.3,2.9,0.0,1.0,1.0
2025-11-30 03:00,0.0,4.1,1.7,0.0,1.0,1.0
2025-11-30 04:00,0.0,4.3,1.8,0.0,1.0,1.0
2025-11-30 05:00,0.0,4.9,1.0,0.0,1.0,1.0
2025-11-30 06:00,0.0,5.8,1.2,0.0,1.0,1.0
2025-11-30 07:00,30.0,7.1,2.5,139.5,1.0,1.0
2025-11-30 08:00,144.0,8.5,0.9,663.9,1.0,1.0
2025-11-30 09:00,233.0,10.1,1.0,1055.3,1.0,1.0
2025-11-30 10:00,305.0,11.6,2.2,1344.5,1.0,1.0
2025-11-30 11:00,337.0,13.1,2.7,1486.3,1.0,1.0
2025-11-30 12:00,334.0,14.3,3.0,1452.1,1.0,1.0
2025-11-30 13:00,306.0,15.3,4.2,1348.9,1.0,1.0
2025-11-30 14:00,238.0,15.9,4.2,1042.7,1.0,1.0
2025-11-30 15:00,150.0,16.1,3.2,689.6,1.0,1.0
2025-11-30 16:00,29.0,15.9,4.7,131.0,1.0,1.0
2025-11-30 17:00,0.0,15.3,4.7,0.0,1.0,1.0
2025-11-30 18:00,0.0,14.3,3.3,0.0,1.0,1.0
2025-11-30 19:00,0.0,13.1,3.5,0.0,1.0,1.0
2025-11-30 20:00,0.0,11.6,2.9,0.0,1.0,1.0
2025-11-30 21:00,0.0,10.1,2.3,0.0,1.0,1.0
2025-11-30 22:00,0.0,8.5,0.9,0.0,1.0,1.0
2025-11-30 23:00,0.0,7.1,2.5,0.0,1.0,1.0
2025-12-01 00:00,0.0,3.0,2.8,0.0,1.0,1.0
2025-12-01 01:00,0.0,2.2,2.5,0.0,1.0,1.0
2025-12-01 02:00,0.0,1.7,1.9,0.0,1.0,1.0
2025-12-01 03:00,0.0,1.5,2.0,0.0,1.0,1.0
2025-12-01 04:00,0.0,1.7,0.9,0.0,1.0,1.0
2025-12-01 05:00,0.0,2.2,2.2,0.0,1.0,1.0
2025-12-01 06:00,0.0,3.0,2.2,0.0,1.0,1.0
2025-12-01 07:00,15.0,4.0,2.9,72.9,1.0,1.0
2025-12-01 08:00,95.0,5.2,1.3,439.0,1.0,1.0
2025-12-01 09:00,156.0,6.5,1.9,729.5,1.0,1.0
2025-12-01 10:00,214.0,7.8,2.5,975.8,1.0,1.0
2025-12-01 11:00,242.0,9.0,2.1,1072.4,1.0,1.0
2025-12-01 12:00,233.0,10.1,2.7,1055.8,1.0,1.0
2025-12-01 13:00,207.0,10.8,2.9,947.7,1.0,1.0
2025-12-01 14:00,162.0,11.3,3.9,729.9,1.0,1.0
2025-12-01 15:00,97.0,11.5,2.8,442.6,1.0,1.0
2025-12-01 16:00,15.0,11.3,3.9,68.4,1.0,1.0
2025-12-01 17:00,0.0,10.8,3.3,0.0,1.0,1.0
2025-12-01 18:00,0.0,10.1,3.1,0.0,1.0,1.0
2025-12-01 19:00,0.0,9.0,2.1,0.0,1.0,1.0
2025-12-01 20:00,0.0,7.8,2.9,0.0,1.0,1.0
2025-12-01 21:00,0.0,6.5,2.8,0.0,1.0,1.0
2025-12-01 22:00,0.0,5.2,0.8,0.0,1.0,1.0
2025-12-01 23:00,0.0,4.0,0.8,0.0,1.0,1.0
2025-12-02 00:00,0.0,6.2,2.1,0.0,1.0,1.0
2025-12-02 01:00,0.0,5.5,2.0,0.0,1.0,1.0
2025-12-02 02:00,0.0,5.0,0.9,0.0,1.0,1.0
2025-12-02 03:00,0.0,4.8,1.7,0.0,1.0,1.0
2025-12-02 04:00,0.0,5.0,2.0,0.0,1.0,1.0
2025-12-02 05:00,0.0,5.5,2.9,0.0,1.0,1.0
2025-12-02 06:00,0.0,6.2,1.6,0.0,1.0,1.0
2025-12-02 07:00,3.0,7.3,0.9,14.3,1.0,1.0
2025-12-02 08:00,23.0,8.5,3.8,107.1,1.0,1.0
2025-12-02 09:00,41.0,9.8,2.2,188.1,1.0,1.0
2025-12-02 10:00,54.0,11.1,2.7,249.3,1.0,1.0
2025-12-02 11:00,61.0,12.3,3.2,285.7,1.0,1.0
2025-12-02 12:00,55.0,13.3,3.5,245.9,1.0,1.0
2025-12-02 13:00,50.0,14.1,3.2,228.7,1.0,1.0
2025-12-02 14:00,41.0,14.6,2.1,186.8,1.0,1.0
2025-12-02 15:00,22.0,14.8,3.5,100.3,1.0,1.0
2025-12-02 16:00,3.0,14.6,3.9,13.4,1.0,1.0
2025-12-02 17:00,0.0,14.1,3.1,0.0,1.0,1.0
2025-12-02 18:00,0.0,13.3,2.9,0.0,1.0,1.0
2025-12-02 19:00,0.0,12.3,3.2,0.0,1.0,1.0
2025-12-02 20:00,0.0,11.1,1.9,0.0,1.0,1.0
2025-12-02 21:00,0.0,9.8,1.9,0.0,1.0,1.0
2025-12-02 22:00,0.0,8.5,1.8,0.0,1.0,1.0
2025-12-02 23:00,0.0,7.3,1.8,0.0,1.0,1.0
2025-12-03 00:00,0.0,4.7,3.2,0.0,1.0,1.0
2025-12-03 01:00,0.0,3.9,1.0,0.0,1.0,1.0
2025-12-03 02:00,0.0,3.4,1.8,0.0,1.0,1.0
2025-12-03 03:00,0.0,3.2,1.6,0.0,1.0,1.0
2025-12-03 04:00,0.0,3.4,2.6,0.0,1.0,1.0
2025-12-03 05:00,0.0,3.9,2.0,0.0,1.0,1.0
2025-12-03 06:00,0.0,4.7,1.3,0.0,1.0,1.0
2025-12-03 07:00,19.0,5.7,2.5,89.0,1.0,1.0
2025-12-03 08:00,114.0,6.9,1.5,536.6,1.0,1.0
2025-12-03 09:00,197.0,8.2,2.1,906.0,1.0,1.0
2025-12-03 10:00,265.0,9.5,2.5,1193.2,1.0,1.0
2025-12-03 11:00,276.0,10.7,2.9,1254.9,1.0,1.0
2025-12-03 12:00,263.0,11.7,3.7,1160.6,1.0,1.0
2025-12-03 13:00,268.0,12.5,2.6,1204.4,1.0,1.0
2025-12-03 14:00,193.0,13.0,3.5,873.5,1.0,1.0
2025-12-03 15:00,116.0,13.2,4.8,527.7,1.0,1.0
2025-12-03 16:00,22.0,13.0,3.7,98.9,1.0,1.0
2025-12-03 17:00,0.0,12.5,3.4,0.0,1.0,1.0
2025-12-03 18:00,0.0,11.7,2.7,0.0,1.0,1.0
2025-12-03 19:00,0.0,10.7,2.5,0.0,1.0,1.0
2025-12-03 20:00,0.0,9.5,2.5,0.0,1.0,1.0
2025-12-03 21:00,0.0,8.2,3.2,0.0,1.0,1.0
2025-12-03 22:00,0.0,6.9,1.4,0.0,1.0,1.0
2025-12-03 23:00,0.0,5.7,1.7,0.0,1.0,1.0
2025-12-04 00:00,0.0,3.8,2.1,0.0,1.0,1.0
2025-12-04 01:00,0.0,3.0,1.5,0.0,1.0,1.0
2025-12-04 02:00,0.0,2.5,2.3,0.0,1.0,1.0
2025-12-04 03:00,0.0,2.4,0.9,0.0,1.0,1.0
2025-12-04 04:00,0.0,2.5,1.5,0.0,1.0,1.0
2025-12-04 05:00,0.0,3.0,2.2,0.0,1.0,1.0
2025-12-04 06:00,0.0,3.8,2.0,0.0,1.0,1.0
2025-12-04 07:00,6.0,4.9,1.9,27.8,1.0,1.0
2025-12-04 08:00,53.0,6.1,2.5,247.7,1.0,1.0
2025-12-04 09:00,95.0,7.4,2.2,439.5,1.0,1.0
2025-12-04 10:00,127.0,8.7,2.9,583.7,1.0,1.0
2025-12-04 11:00,133.0,9.9,3.7,604.8,1.0,1.0
2025-12-04 12:00,133.0,10.9,3.6,604.3,1.0,1.0
2025-12-04 13:00,124.0,11.7,2.4,551.8,1.0,1.0
2025-12-04 14:00,96.0,12.2,4.1,446.8,1.0,1.0
2025-12-04 15:00,51.0,12.4,2.8,233.4,1.0,1.0
2025-12-04 16:00,6.0,12.2,4.1,27.0,1.0,1.0
2025-12-04 17:00,0.0,11.7,4.1,0.0,1.0,1.0
2025-12-04 18:00,0.0,10.9,3.0,0.0,1.0,1.0
2025-12-04 19:00,0.0,9.9,2.0,0.0,1.0,1.0
2025-12-04 20:00,0.0,8.7,2.2,0.0,1.0,1.0
2025-12-04 21:00,0.0,7.4,1.9,0.0,1.0,1.0
2025-12-04 22:00,0.0,6.1,1.3,0.0,1.0,1.0
2025-12-04 23:00,0.0,4.9,3.9,0.0,1.0,1.0
2025-12-05 00:00,0.0,5.7,2.0,0.0,1.0,1.0
2025-12-05 01:00,0.0,4.9,2.4,0.0,1.0,1.0
2025-12-05 02:00,0.0,4.4,2.1,0.0,1.0,1.0
2025-12-05 03:00,0.0,4.3,2.2,0.0,1.0,1.0
2025-12-05 04:00,0.0,4.4,2.1,0.0,1.0,1.0
2025-12-05 05:00,0.0,4.9,2.2,0.0,1.0,1.0
2025-12-05 06:00,0.0,5.7,2.8,0.0,1.0,1.0
2025-12-05 07:00,6.0,6.8,0.5,28.2,1.0,1.0
2025-12-05 08:00,55.0,8.0,2.3,259.4,1.0,1.0
2025-12-05 09:00,107.0,9.3,1.8,492.0,1.0,1.0
2025-12-05 10:00,126.0,10.6,2.5,568.3,1.0,1.0
2025-12-05 11:00,148.0,11.8,2.2,683.7,1.0,1.0
2025-12-05 12:00,143.0,12.8,4.0,649.9,1.0,1.0
2025-12-05 13:00,140.0,13.6,3.6,625.6,1.0,1.0
2025-12-05 14:00,99.0,14.1,4.3,453.0,1.0,1.0
2025-12-05 15:00,60.0,14.3,3.5,266.8,1.0,1.0
2025-12-05 16:00,6.0,14.1,3.4,27.9,1.0,1.0
2025-12-05 17:00,0.0,13.6,2.7,0.0,1.0,1.0
2025-12-05 18:00,0.0,12.8,1.4,0.0,1.0,1.0
2025-12-05 19:00,0.0,11.8,2.0,0.0,1.0,1.0
2025-12-05 20:00,0.0,10.6,3.3,0.0,1.0,1.0
2025-12-05 21:00,0.0,9.3,1.3,0.0,1.0,1.0
2025-12-05 22:00,0.0,8.0,2.3,0.0,1.0,1.0
2025-12-05 23:00,0.0,6.8,2.2,0.0,1.0,1.0
2025-12-06 00:00,0.0,2.2,1.7,0.0,1.0,1.0
2025-12-06 01:00,0.0,1.4,1.3,0.0,1.0,1.0
2025-12-06 02:00,0.0,0.9,2.8,0.0,1.0,1.0
2025-12-06 03:00,0.0,0.8,3.3,0.0,1.0,1.0
2025-12-06 04:00,0.0,0.9,1.2,0.0,1.0,1.0
2025-12-06 05:00,0.0,1.4,1.7,0.0,1.0,1.0
2025-12-06 06:00,0.0,2.2,2.1,0.0,1.0,1.0
2025-12-06 07:00,56.0,3.3,1.9,265.3,1.0,1.0
2025-12-06 08:00,276.0,4.5,2.1,1281.0,1.0,1.0
2025-12-06 09:00,451.0,5.8,0.5,1997.6,1.0,1.0
2025-12-06 10:00,576.0,7.0,2.6,2558.4,1.0,1.0
2025-12-06 11:00,559.0,8.3,3.1,2463.7,1.0,1.0
2025-12-06 12:00,578.0,9.3,3.9,2584.1,1.0,1.0
2025-12-06 13:00,532.0,10.1,3.3,2379.1,1.0,1.0
2025-12-06 14:00,436.0,10.6,2.9,1902.5,1.0,1.0
2025-12-06 15:00,262.0,10.8,3.1,1166.7,1.0,1.0
2025-12-06 16:00,58.0,10.6,2.9,265.7,1.0,1.0
2025-12-06 17:00,0.0,10.1,3.7,0.0,1.0,1.0
2025-12-06 18:00,0.0,9.3,3.4,0.0,1.0,1.0
2025-12-06 19:00,0.0,8.3,3.6,0.0,1.0,1.0
2025-12-06 20:00,0.0,7.0,2.1,0.0,1.0,1.0
2025-12-06 21:00,0.0,5.8,1.8,0.0,1.0,1.0
2025-12-06 22:00,0.0,4.5,3.1,0.0,1.0,1.0
2025-12-06 23:00,0.0,3.3,1.4,0.0,1.0,1.0
2025-12-07 00:00,0.0,4.9,3.2,0.0,1.0,1.0
2025-12-07 01:00,0.0,4.1,1.2,0.0,1.0,1.0
2025-12-07 02:00,0.0,3.6,2.5,0.0,1.0,1.0
2025-12-07 03:00,0.0,3.4,1.8,0.0,1.0,1.0
2025-12-07 04:00,0.0,3.6,0.8,0.0,1.0,1.0
2025-12-07 05:00,0.0,4.1,1.7,0.0,1.0,1.0
2025-12-07 06:00,0.0,4.9,1.8,0.0,1.0,1.0
2025-12-07 07:00,56.0,5.9,1.7,267.5,1.0,1.0
2025-12-07 08:00,243.0,7.1,2.8,1105.3,1.0,1.0
2025-12-07 09:00,430.0,8.4,2.2,1931.3,1.0,1.0
2025-12-07 10:00,548.0,9.7,2.7,2379.2,1.0,1.0
2025-12-07 11:00,601.0,10.9,2.9,2632.1,1.0,1.0
2025-12-07 12:00,603.0,11.9,4.1,2651.6,1.0,1.0
2025-12-07 13:00,526.0,12.7,3.8,2334.0,1.0,1.0
2025-12-07 14:00,429.0,13.2,3.3,1893.0,1.0,1.0
2025-12-07 15:00,255.0,13.4,4.0,1124.9,1.0,1.0
2025-12-07 16:00,51.0,13.2,2.8,234.4,1.0,1.0
2025-12-07 17:00,0.0,12.7,2.9,0.0,1.0,1.0
2025-12-07 18:00,0.0,11.9,3.5,0.0,1.0,1.0
2025-12-07 19:00,0.0,10.9,3.3,0.0,1.0,1.0
2025-12-07 20:00,0.0,9.7,2.7,0.0,1.0,1.0
2025-12-07 21:00,0.0,8.4,2.6,0.0,1.0,1.0
2025-12-07 22:00,0.0,7.1,1.9,0.0,1.0,1.0
2025-12-07 23:00,0.0,5.9,1.3,0.0,1.0,1.0
2025-12-08 00:00,0.0,4.7,2.0,0.0,1.0,1.0
2025-12-08 01:00,0.0,3.9,2.4,0.0,1.0,1.0
2025-12-08 02:00,0.0,3.4,2.4,0.0,1.0,1.0
2025-12-08 03:00,0.0,3.2,2.2,0.0,1.0,1.0
2025-12-08 04:00,0.0,3.4,2.0,0.0,1.0,1.0
2025-12-08 05:00,0.0,3.9,2.7,0.0,1.0,1.0
2025-12-08 06:00,0.0,4.7,1.3,0.0,1.0,1.0
2025-12-08 07:00,17.0,5.7,2.3,80.3,1.0,1.0
2025-12-08 08:00,125.0,7.0,2.5,576.9,1.0,1.0
2025-12-08 09:00,204.0,8.2,1.3,929.1,1.0,1.0
2025-12-08 10:00,255.0,9.5,2.3,1142.7,1.0,1.0
2025-12-08 11:00,269.0,10.7,3.6,1215.6,1.0,1.0
2025-12-08 12:00,290.0,11.8,3.9,1297.6,1.0,1.0
2025-12-08 13:00,262.0,12.6,4.7,1181.7,1.0,1.0
2025-12-08 14:00,197.0,13.1,2.1,875.9,1.0,1.0
2025-12-08 15:00,112.0,13.2,4.8,512.2,1.0,1.0
2025-12-08 16:00,18.0,13.1,2.7,84.1,1.0,1.0
2025-12-08 17:00,0.0,12.6,3.5,0.0,1.0,1.0
2025-12-08 18:00,0.0,11.8,2.1,0.0,1.0,1.0
2025-12-08 19:00,0.0,10.7,3.7,0.0,1.0,1.0
2025-12-08 20:00,0.0,9.5,1.5,0.0,1.0,1.0
2025-12-08 21:00,0.0,8.2,1.3,0.0,1.0,1.0
2025-12-08 22:00,0.0,7.0,2.4,0.0,1.0,1.0
2025-12-08 23:00,0.0,5.7,0.4,0.0,1.0,1.0
2025-12-09 00:00,0.0,3.0,1.9,0.0,1.0,1.0
2025-12-09 01:00,0.0,2.2,1.9,0.0,1.0,1.0
2025-12-09 02:00,0.0,1.7,1.3,0.0,1.0,1.0
2025-12-09 03:00,0.0,1.5,2.3,0.0,1.0,1.0
2025-12-09 04:00,0.0,1.7,1.6,0.0,1.0,1.0
2025-12-09 05:00,0.0,2.2,1.1,0.0,1.0,1.0
2025-12-09 06:00,0.0,3.0,2.3,0.0,1.0,1.0
2025-12-09 07:00,6.0,4.0,2.1,28.1,1.0,1.0
2025-12-09 08:00,73.0,5.2,1.5,342.2,1.0,1.0
2025-12-09 09:00,130.0,6.5,3.3,607.2,1.0,1.0
2025-12-09 10:00,166.0,7.8,2.9,776.7,1.0,1.0
2025-12-09 11:00,191.0,9.0,3.1,874.6,1.0,1.0
2025-12-09 12:00,184.0,10.0,4.4,846.6,1.0,1.0
2025-12-09 13:00,172.0,10.8,2.0,773.8,1.0,1.0
2025-12-09 14:00,132.0,11.3,3.7,594.7,1.0,1.0
2025-12-09 15:00,69.0,11.5,3.1,317.3,1.0,1.0
2025-12-09 16:00,6.0,11.3,4.0,27.2,1.0,1.0
2025-12-09 17:00,0.0,10.8,4.4,0.0,1.0,1.0
2025-12-09 18:00,0.0,10.0,3.5,0.0,1.0,1.0
2025-12-09 19:00,0.0,9.0,2.3,0.0,1.0,1.0
2025-12-09 20:00,0.0,7.8,2.9,0.0,1.0,1.0
2025-12-09 21:00,0.0,6.5,1.6,0.0,1.0,1.0
2025-12-09 22:00,0.0,5.2,2.5,0.0,1.0,1.0
2025-12-09 23:00,0.0,4.0,2.0,0.0,1.0,1.0
2025-12-10 00:00,0.0,7.4,2.4,0.0,1.0,1.0
2025-12-10 01:00,0.0,6.6,2.9,0.0,1.0,1.0
2025-12-10 02:00,0.0,6.1,2.7,0.0,1.0,1.0
2025-12-10 03:00,0.0,5.9,2.7,0.0,1.0,1.0
2025-12-10 04:00,0.0,6.1,2.5,0.0,1.0,1.0
2025-12-10 05:00,0.0,6.6,2.6,0.0,1.0,1.0
2025-12-10 06:00,0.0,7.4,2.1,0.0,1.0,1.0
2025-12-10 07:00,9.0,8.4,1.7,42.1,1.0,1.0
2025-12-10 08:00,127.0,9.6,2.5,584.4,1.0,1.0
2025-12-10 09:00,220.0,10.9,2.6,982.3,1.0,1.0
2025-12-10 10:00,269.0,12.2,2.3,1198.5,1.0,1.0
2025-12-10 11:00,332.0,13.4,3.4,1511.1,1.0,1.0
2025-12-10 12:00,286.0,14.4,2.9,1255.1,1.0,1.0
2025-12-10 13:00,273.0,15.2,2.9,1222.6,1.0,1.0
2025-12-10 14:00,212.0,15.7,2.8,945.9,1.0,1.0
2025-12-10 15:00,126.0,15.9,4.4,558.7,1.0,1.0
2025-12-10 16:00,9.0,15.7,3.8,41.2,1.0,1.0
2025-12-10 17:00,0.0,15.2,4.1,0.0,1.0,1.0
2025-12-10 18:00,0.0,14.4,3.5,0.0,1.0,1.0
2025-12-10 19:00,0.0,13.4,3.9,0.0,1.0,1.0
2025-12-10 20:00,0.0,12.2,3.1,0.0,1.0,1.0
2025-12-10 21:00,0.0,10.9,2.6,0.0,1.0,1.0
2025-12-10 22:00,0.0,9.6,3.1,0.0,1.0,1.0
2025-12-10 23:00,0.0,8.4,1.9,0.0,1.0,1.0
2025-12-11 00:00,0.0,-0.8,3.0,0.0,1.0,1.0
2025-12-11 01:00,0.0,-1.6,1.7,0.0,1.0,1.0
2025-12-11 02:00,0.0,-2.1,1.8,0.0,1.0,1.0
2025-12-11 03:00,0.0,-2.3,2.6,0.0,1.0,1.0
2025-12-11 04:00,0.0,-2.1,2.6,0.0,1.0,1.0
2025-12-11 05:00,0.0,-1.6,1.6,0.0,1.0,1.0
2025-12-11 06:00,0.0,-0.8,2.6,0.0,1.0,1.0
2025-12-11 07:00,10.0,0.2,2.1,47.9,1.0,1.0
2025-12-11 08:00,160.0,1.4,0.9,765.2,1.0,1.0
2025-12-11 09:00,266.0,2.7,1.7,1192.5,1.0,1.0
2025-12-11 10:00,348.0,4.0,3.1,1600.6,1.0,1.0
2025-12-11 11:00,397.0,5.2,3.2,1812.5,1.0,1.0
2025-12-11 12:00,376.0,6.3,4.3,1652.6,1.0,1.0
2025-12-11 13:00,323.0,7.1,4.1,1477.1,1.0,1.0
2025-12-11 14:00,279.0,7.6,4.3,1248.9,1.0,1.0
2025-12-11 15:00,172.0,7.7,4.1,791.9,1.0,1.0
2025-12-11 16:00,10.0,7.6,3.6,46.9,1.0,1.0
2025-12-11 17:00,0.0,7.1,3.7,0.0,1.0,1.0
2025-12-11 18:00,0.0,6.3,3.6,0.0,1.0,1.0
2025-12-11 19:00,0.0,5.2,3.0,0.0,1.0,1.0
2025-12-11 20:00,0.0,4.0,2.9,0.0,1.0,1.0
2025-12-11 21:00,0.0,2.7,2.3,0.0,1.0,1.0
2025-12-11 22:00,0.0,1.4,2.9,0.0,1.0,1.0
2025-12-11 23:00,0.0,0.2,1.5,0.0,1.0,1.0
2025-12-12 00:00,0.0,0.9,3.0,0.0,1.0,1.0
2025-12-12 01:00,0.0,0.1,1.3,0.0,1.0,1.0
2025-12-12 02:00,0.0,-0.4,1.8,0.0,1.0,1.0
2025-12-12 03:00,0.0,-0.6,1.2,0.0,1.0,1.0
2025-12-12 04:00,0.0,-0.4,2.7,0.0,1.0,1.0
2025-12-12 05:00,0.0,0.1,2.2,0.0,1.0,1.0
2025-12-12 06:00,0.0,0.9,2.9,0.0,1.0,1.0
2025-12-12 07:00,14.0,1.9,1.4,65.4,1.0,1.0
2025-12-12 08:00,289.0,3.1,2.3,1326.9,1.0,1.0
2025-12-12 09:00,434.0,4.4,2.3,1973.1,1.0,1.0
2025-12-12 10:00,608.0,5.7,2.9,2654.1,1.0,1.0
2025-12-12 11:00,645.0,6.9,2.2,2848.8,1.0,1.0
2025-12-12 12:00,616.0,7.9,2.5,2745.3,1.0,1.0
2025-12-12 13:00,565.0,8.7,2.8,2469.3,1.0,1.0
2025-12-12 14:00,490.0,9.2,3.0,2167.4,1.0,1.0
2025-12-12 15:00,276.0,9.4,3.6,1225.8,1.0,1.0
2025-12-12 16:00,14.0,9.2,3.6,64.6,1.0,1.0
2025-12-12 17:00,0.0,8.7,2.8,0.0,1.0,1.0
2025-12-12 18:00,0.0,7.9,2.5,0.0,1.0,1.0
2025-12-12 19:00,0.0,6.9,2.9,0.0,1.0,1.0
2025-12-12 20:00,0.0,5.7,2.9,0.0,1.0,1.0
2025-12-12 21:00,0.0,4.4,2.9,0.0,1.0,1.0
2025-12-12 22:00,0.0,3.1,2.3,0.0,1.0,1.0
2025-12-12 23:00,0.0,1.9,2.8,0.0,1.0,1.0
2025-12-13 00:00,0.0,4.8,2.5,0.0,1.0,1.0
2025-12-13 01:00,0.0,4.0,1.3,0.0,1.0,1.0
2025-12-13 02:00,0.0,3.5,1.1,0.0,1.0,1.0
2025-12-13 03:00,0.0,3.3,1.6,0.0,1.0,1.0
2025-12-13 04:00,0.0,3.5,1.7,0.0,1.0,1.0
2025-12-13 05:00,0.0,4.0,1.7,0.0,1.0,1.0
2025-12-13 06:00,0.0,4.8,1.7,0.0,1.0,1.0
2025-12-13 07:00,8.0,5.8,1.5,36.7,1.0,1.0
2025-12-13 08:00,128.0,7.0,2.1,596.3,1.0,1.0
2025-12-13 09:00,217.0,8.3,2.3,1001.5,1.0,1.0
2025-12-13 10:00,272.0,9.6,2.1,1218.8,1.0,1.0
2025-12-13 11:00,308.0,10.8,3.1,1399.8,1.0,1.0
2025-12-13 12:00,307.0,11.8,3.6,1362.2,1.0,1.0
2025-12-13 13:00,274.0,12.6,3.5,1225.5,1.0,1.0
2025-12-13 14:00,211.0,13.1,4.4,957.6,1.0,1.0
2025-12-13 15:00,129.0,13.3,2.8,575.2,1.0,1.0
2025-12-13 16:00,8.0,13.1,4.4,36.3,1.0,1.0
2025-12-13 17:00,0.0,12.6,3.4,0.0,1.0,1.0
2025-12-13 18:00,0.0,11.8,3.4,0.0,1.0,1.0
2025-12-13 19:00,0.0,10.8,2.9,0.0,1.0,1.0
2025-12-13 20:00,0.0,9.6,2.8,0.0,1.0,1.0
2025-12-13 21:00,0.0,8.3,1.5,0.0,1.0,1.0
2025-12-13 22:00,0.0,7.0,2.6,0.0,1.0,1.0
2025-12-13 23:00,0.0,5.8,2.0,0.0,1.0,1.0
2025-12-14 00:00,0.0,4.8,2.8,0.0,1.0,1.0
2025-12-14 01:00,0.0,4.1,2.7,0.0,1.0,1.0
2025-12-14 02:00,0.0,3.6,2.7,0.0,1.0,1.0
2025-12-14 03:00,0.0,3.4,2.1,0.0,1.0,1.0
2025-12-14 04:00,0.0,3.6,1.8,0.0,1.0,1.0
2025-12-14 05:00,0.0,4.1,1.9,0.0,1.0,1.0
2025-12-14 06:00,0.0,4.8,1.5,0.0,1.0,1.0
2025-12-14 07:00,13.0,5.9,1.9,60.5,1.0,1.0
2025-12-14 08:00,223.0,7.1,2.6,1050.0,1.0,1.0
2025-12-14 09:00,437.0,8.4,2.0,1868.0,1.0,1.0
2025-12-14 10:00,558.0,9.7,2.7,2427.6,1.0,1.0
2025-12-14 11:00,650.0,10.9,4.1,2843.3,1.0,1.0
2025-12-14 12:00,632.0,11.9,3.2,2710.7,1.0,1.0
2025-12-14 13:00,556.0,12.7,2.7,2399.9,1.0,1.0
2025-12-14 14:00,443.0,13.2,3.5,1909.9,1.0,1.0
2025-12-14 15:00,286.0,13.4,4.0,1256.1,1.0,1.0
2025-12-14 16:00,13.0,13.2,3.5,59.7,1.0,1.0
2025-12-14 17:00,0.0,12.7,3.6,0.0,1.0,1.0
2025-12-14 18:00,0.0,11.9,3.6,0.0,1.0,1.0
2025-12-14 19:00,0.0,10.9,2.9,0.0,1.0,1.0
2025-12-14 20:00,0.0,9.7,1.8,0.0,1.0,1.0
2025-12-14 21:00,0.0,8.4,2.3,0.0,1.0,1.0
2025-12-14 22:00,0.0,7.1,2.3,0.0,1.0,1.0
2025-12-14 23:00,0.0,5.9,1.7,0.0,1.0,1.0
2025-12-15 00:00,0.0,4.5,1.3,0.0,1.0,1.0
2025-12-15 01:00,0.0,3.7,3.2,0.0,1.0,1.0
2025-12-15 02:00,0.0,3.2,1.4,0.0,1.0,1.0
2025-12-15 03:00,0.0,3.0,2.1,0.0,1.0,1.0
2025-12-15 04:00,0.0,3.2,3.0,0.0,1.0,1.0
2025-12-15 05:00,0.0,3.7,3.1,0.0,1.0,1.0
2025-12-15 06:00,0.0,4.5,1.6,0.0,1.0,1.0
2025-12-15 07:00,2.0,5.5,1.8,9.6,1.0,1.0
2025-12-15 08:00,20.0,6.7,1.7,94.7,1.0,1.0
2025-12-15 09:00,39.0,8.0,2.6,179.4,1.0,1.0
2025-12-15 10:00,50.0,9.3,1.8,232.0,1.0,1.0
2025-12-15 11:00,57.0,10.5,2.5,260.5,1.0,1.0
2025-12-15 12:00,55.0,11.5,3.5,248.8,1.0,1.0
2025-12-15 13:00,52.0,12.3,4.2,238.5,1.0,1.0
2025-12-15 14:00,38.0,12.8,4.4,173.2,1.0,1.0
2025-12-15 15:00,21.0,13.0,3.5,94.0,1.0,1.0
2025-12-15 16:00,2.0,12.8,4.1,9.3,1.0,1.0
2025-12-15 17:00,0.0,12.3,3.4,0.0,1.0,1.0
2025-12-15 18:00,0.0,11.5,3.4,0.0,1.0,1.0
2025-12-15 19:00,0.0,10.5,3.5,0.0,1.0,1.0
2025-12-15 20:00,0.0,9.3,2.9,0.0,1.0,1.0
2025-12-15 21:00,0.0,8.0,2.3,0.0,1.0,1.0
2025-12-15 22:00,0.0,6.7,2.3,0.0,1.0,1.0
2025-12-15 23:00,0.0,5.5,2.2,0.0,1.0,1.0
2025-12-16 00:00,0.0,8.3,1.9,0.0,1.0,1.0
2025-12-16 01:00,0.0,7.5,2.6,0.0,1.0,1.0
2025-12-16 02:00,0.0,7.0,4.0,0.0,1.0,1.0
2025-12-16 03:00,0.0,6.9,1.6,0.0,1.0,1.0
2025-12-16 04:00,0.0,7.0,1.6,0.0,1.0,1.0
2025-12-16 05:00,0.0,7.5,1.4,0.0,1.0,1.0
2025-12-16 06:00,0.0,8.3,2.6,0.0,1.0,1.0
2025-12-16 07:00,9.0,9.4,1.7,41.0,1.0,1.0
2025-12-16 08:00,194.0,10.6,1.2,893.3,1.0,1.0
2025-12-16 09:00,312.0,11.9,1.1,1405.6,1.0,1.0
2025-12-16 10:00,373.0,13.2,3.2,1655.4,1.0,1.0
2025-12-16 11:00,408.0,14.4,2.1,1795.4,1.0,1.0
2025-12-16 12:00,414.0,15.4,3.2,1782.6,1.0,1.0
2025-12-16 13:00,349.0,16.2,3.7,1540.8,1.0,1.0
2025-12-16 14:00,311.0,16.7,3.0,1372.6,1.0,1.0
2025-12-16 15:00,185.0,16.9,3.9,816.7,1.0,1.0
2025-12-16 16:00,9.0,16.7,3.6,39.9,1.0,1.0
2025-12-16 17:00,0.0,16.2,2.6,0.0,1.0,1.0
2025-12-16 18:00,0.0,15.4,3.9,0.0,1.0,1.0
2025-12-16 19:00,0.0,14.4,2.7,0.0,1.0,1.0
2025-12-16 20:00,0.0,13.2,2.4,0.0,1.0,1.0
2025-12-16 21:00,0.0,11.9,2.5,0.0,1.0,1.0
2025-12-16 22:00,0.0,10.6,1.8,0.0,1.0,1.0
2025-12-16 23:00,0.0,9.4,2.2,0.0,1.0,1.0
2025-12-17 00:00,0.0,5.2,1.9,0.0,1.0,1.0
2025-12-17 01:00,0.0,4.4,1.8,0.0,1.0,1.0
2025-12-17 02:00,0.0,3.9,2.4,0.0,1.0,1.0
2025-12-17 03:00,0.0,3.7,1.9,0.0,1.0,1.0
2025-12-17 04:00,0.0,3.9,1.9,0.0,1.0,1.0
2025-12-17 05:00,0.0,4.4,2.1,0.0,1.0,1.0
2025-12-17 06:00,0.0,5.2,1.9,0.0,1.0,1.0
2025-12-17 07:00,10.0,6.2,2.0,46.2,1.0,1.0
2025-12-17 08:00,200.0,7.4,2.7,915.9,1.0,1.0
2025-12-17 09:00,312.0,8.7,2.2,1379.5,1.0,1.0
2025-12-17 10:00,418.0,10.0,2.3,1829.0,1.0,1.0
2025-12-17 11:00,435.0,11.2,2.0,1878.1,1.0,1.0
2025-12-17 12:00,405.0,12.2,3.9,1820.5,1.0,1.0
2025-12-17 13:00,391.0,13.0,3.9,1730.2,1.0,1.0
2025-12-17 14:00,312.0,13.5,2.0,1389.7,1.0,1.0
2025-12-17 15:00,178.0,13.7,3.9,806.5,1.0,1.0
2025-12-17 16:00,9.0,13.5,3.1,41.6,1.0,1.0
2025-12-17 17:00,0.0,13.0,3.2,0.0,1.0,1.0
2025-12-17 18:00,0.0,12.2,2.2,0.0,1.0,1.0
2025-12-17 19:00,0.0,11.2,2.3,0.0,1.0,1.0
2025-12-17 20:00,0.0,10.0,2.5,0.0,1.0,1.0
2025-12-17 21:00,0.0,8.7,1.6,0.0,1.0,1.0
2025-12-17 22:00,0.0,7.4,1.8,0.0,1.0,1.0
2025-12-17 23:00,0.0,6.2,2.1,0.0,1.0,1.0
2025-12-18 00:00,0.0,7.0,1.8,0.0,1.0,1.0
2025-12-18 01:00,0.0,6.2,3.0,0.0,1.0,1.0
2025-12-18 02:00,0.0,5.7,2.2,0.0,1.0,1.0
2025-12-18 03:00,0.0,5.5,3.4,0.0,1.0,1.0
2025-12-18 04:00,0.0,5.7,2.2,0.0,1.0,1.0
2025-12-18 05:00,0.0,6.2,2.3,0.0,1.0,1.0
2025-12-18 06:00,0.0,7.0,1.8,0.0,1.0,1.0
2025-12-18 07:00,3.0,8.0,1.8,14.1,1.0,1.0
2025-12-18 08:00,33.0,9.2,2.8,153.0,1.0,1.0
2025-12-18 09:00,61.0,10.5,2.2,277.2,1.0,1.0
2025-12-18 10:00,83.0,11.8,3.9,384.7,1.0,1.0
2025-12-18 11:00,88.0,13.0,3.5,394.9,1.0,1.0
2025-12-18 12:00,86.0,14.0,2.2,390.2,1.0,1.0
2025-12-18 13:00,83.0,14.8,3.2,384.4,1.0,1.0
2025-12-18 14:00,61.0,15.3,3.1,276.6,1.0,1.0
2025-12-18 15:00,31.0,15.5,3.4,138.1,1.0,1.0
2025-12-18 16:00,2.0,15.3,3.1,9.0,1.0,1.0
2025-12-18 17:00,0.0,14.8,3.5,0.0,1.0,1.0
2025-12-18 18:00,0.0,14.0,2.7,0.0,1.0,1.0
2025-12-18 19:00,0.0,13.0,3.6,0.0,1.0,1.0
2025-12-18 20:00,0.0,11.8,2.2,0.0,1.0,1.0
2025-12-18 21:00,0.0,10.5,2.0,0.0,1.0,1.0
2025-12-18 22:00,0.0,9.2,1.9,0.0,1.0,1.0
2025-12-18 23:00,0.0,8.0,1.0,0.0,1.0,1.0
2025-12-19 00:00,0.0,7.7,1.4,0.0,1.0,1.0
2025-12-19 01:00,0.0,6.9,2.5,0.0,1.0,1.0
2025-12-19 02:00,0.0,6.4,2.5,0.0,1.0,1.0
2025-12-19 03:00,0.0,6.2,1.5,0.0,1.0,1.0
2025-12-19 04:00,0.0,6.4,2.9,0.0,1.0,1.0
2025-12-19 05:00,0.0,6.9,2.7,0.0,1.0,1.0
2025-12-19 06:00,0.0,7.7,2.4,0.0,1.0,1.0
2025-12-19 07:00,10.0,8.7,2.4,46.7,1.0,1.0
2025-12-19 08:00,201.0,9.9,3.3,908.1,1.0,1.0
2025-12-19 09:00,334.0,11.2,1.7,1487.6,1.0,1.0
2025-12-19 10:00,419.0,12.5,2.1,1861.5,1.0,1.0
2025-12-19 11:00,500.0,13.7,2.4,2155.0,1.0,1.0
2025-12-19 12:00,472.0,14.7,2.1,2078.9,1.0,1.0
2025-12-19 13:00,395.0,15.5,3.8,1743.7,1.0,1.0
2025-12-19 14:00,349.0,16.0,2.4,1525.7,1.0,1.0
2025-12-19 15:00,213.0,16.2,2.9,933.5,1.0,1.0
2025-12-19 16:00,10.0,16.0,3.7,45.2,1.0,1.0
2025-12-19 17:00,0.0,15.5,3.8,0.0,1.0,1.0
2025-12-19 18:00,0.0,14.7,3.8,0.0,1.0,1.0
2025-12-19 19:00,0.0,13.7,2.9,0.0,1.0,1.0
2025-12-19 20:00,0.0,12.5,3.1,0.0,1.0,1.0
2025-12-19 21:00,0.0,11.2,2.4,0.0,1.0,1.0
2025-12-19 22:00,0.0,9.9,1.9,0.0,1.0,1.0
2025-12-19 23:00,0.0,8.7,1.7,0.0,1.0,1.0
2025-12-20 00:00,0.0,4.5,2.0,0.0,1.0,1.0
2025-12-20 01:00,0.0,3.7,1.7,0.0,1.0,1.0
2025-12-20 02:00,0.0,3.2,1.6,0.0,1.0,1.0
2025-12-20 03:00,0.0,3.0,2.5,0.0,1.0,1.0
2025-12-20 04:00,0.0,3.2,3.2,0.0,1.0,1.0
2025-12-20 05:00,0.0,3.7,3.0,0.0,1.0,1.0
2025-12-20 06:00,0.0,4.5,1.9,0.0,1.0,1.0
2025-12-20 07:00,9.0,5.5,2.3,42.2,1.0,1.0
2025-12-20 08:00,210.0,6.7,1.9,983.5,1.0,1.0
2025-12-20 09:00,321.0,8.0,1.0,1436.0,1.0,1.0
2025-12-20 10:00,406.0,9.3,2.8,1814.9,1.0,1.0
2025-12-20 11:00,437.0,10.5,2.6,1938.9,1.0,1.0
2025-12-20 12:00,418.0,11.6,3.9,1834.2,1.0,1.0
2025-12-20 13:00,413.0,12.4,2.5,1794.8,1.0,1.0
2025-12-20 14:00,306.0,12.8,3.3,1327.2,1.0,1.0
2025-12-20 15:00,199.0,13.0,3.6,894.3,1.0,1.0
2025-12-20 16:00,9.0,12.8,3.2,41.0,1.0,1.0
2025-12-20 17:00,0.0,12.4,4.2,0.0,1.0,1.0
2025-12-20 18:00,0.0,11.6,2.1,0.0,1.0,1.0
2025-12-20 19:00,0.0,10.5,2.5,0.0,1.0,1.0
2025-12-20 20:00,0.0,9.3,2.5,0.0,1.0,1.0
2025-12-20 21:00,0.0,8.0,2.5,0.0,1.0,1.0
2025-12-20 22:00,0.0,6.7,2.0,0.0,1.0,1.0
2025-12-20 23:00,0.0,5.5,1.4,0.0,1.0,1.0
2025-12-21 00:00,0.0,4.2,2.7,0.0,1.0,1.0
2025-12-21 01:00,0.0,3.4,2.1,0.0,1.0,1.0
2025-12-21 02:00,0.0,2.9,1.8,0.0,1.0,1.0
2025-12-21 03:00,0.0,2.8,1.3,0.0,1.0,1.0
2025-12-21 04:00,0.0,2.9,2.1,0.0,1.0,1.0
2025-12-21 05:00,0.0,3.4,2.0,0.0,1.0,1.0
2025-12-21 06:00,0.0,4.2,2.9,0.0,1.0,1.0
2025-12-21 07:00,10.0,5.3,1.0,46.9,1.0,1.0
2025-12-21 08:00,235.0,6.5,2.5,1084.4,1.0,1.0
2025-12-21 09:00,350.0,7.8,2.7,1597.1,1.0,1.0
2025-12-21 10:00,441.0,9.1,3.1,1979.4,1.0,1.0
2025-12-21 11:00,515.0,10.3,2.4,2240.6,1.0,1.0
2025-12-21 12:00,534.0,11.3,3.8,2355.4,1.0,1.0
2025-12-21 13:00,475.0,12.1,2.5,2039.3,1.0,1.0
2025-12-21 14:00,375.0,12.6,3.2,1648.3,1.0,1.0
2025-12-21 15:00,225.0,12.8,3.1,990.9,1.0,1.0
2025-12-21 16:00,10.0,12.6,4.2,45.6,1.0,1.0
2025-12-21 17:00,0.0,12.1,4.5,0.0,1.0,1.0
2025-12-21 18:00,0.0,11.3,1.5,0.0,1.0,1.0
2025-12-21 19:00,0.0,10.3,2.6,0.0,1.0,1.0
2025-12-21 20:00,0.0,9.1,1.8,0.0,1.0,1.0
2025-12-21 21:00,0.0,7.8,1.5,0.0,1.0,1.0
2025-12-21 22:00,0.0,6.5,1.7,0.0,1.0,1.0
2025-12-21 23:00,0.0,5.3,1.1,0.0,1.0,1.0
2025-12-22 00:00,0.0,3.6,0.8,0.0,1.0,1.0
2025-12-22 01:00,0.0,2.8,2.1,0.0,1.0,1.0
2025-12-22 02:00,0.0,2.3,2.1,0.0,1.0,1.0
2025-12-22 03:00,0.0,2.2,1.9,0.0,1.0,1.0
2025-12-22 04:00,0.0,2.3,2.0,0.0,1.0,1.0
2025-12-22 05:00,0.0,2.8,1.9,0.0,1.0,1.0
2025-12-22 06:00,0.0,3.6,2.5,0.0,1.0,1.0
2025-12-22 07:00,7.0,4.7,2.0,33.1,1.0,1.0
2025-12-22 08:00,144.0,5.9,2.9,671.0,1.0,1.0
2025-12-22 09:00,229.0,7.2,2.3,1039.4,1.0,1.0
2025-12-22 10:00,309.0,8.5,3.6,1381.7,1.0,1.0
2025-12-22 11:00,318.0,9.7,4.3,1449.0,1.0,1.0
2025-12-22 12:00,344.0,10.7,3.3,1543.9,1.0,1.0
2025-12-22 13:00,313.0,11.5,3.1,1409.8,1.0,1.0
2025-12-22 14:00,247.0,12.0,3.9,1105.6,1.0,1.0
2025-12-22 15:00,140.0,12.2,4.4,648.9,1.0,1.0
2025-12-22 16:00,7.0,12.0,2.7,32.4,1.0,1.0
2025-12-22 17:00,0.0,11.5,3.4,0.0,1.0,1.0
2025-12-22 18:00,0.0,10.7,2.9,0.0,1.0,1.0
2025-12-22 19:00,0.0,9.7,3.4,0.0,1.0,1.0
2025-12-22 20:00,0.0,8.5,2.2,0.0,1.0,1.0
2025-12-22 21:00,0.0,7.2,2.0,0.0,1.0,1.0
2025-12-22 22:00,0.0,5.9,3.2,0.0,1.0,1.0
2025-12-22 23:00,0.0,4.7,2.0,0.0,1.0,1.0
2025-12-23 00:00,0.0,4.5,1.4,0.0,1.0,1.0
2025-12-23 01:00,0.0,3.7,1.6,0.0,1.0,1.0
2025-12-23 02:00,0.0,3.2,1.3,0.0,1.0,1.0
2025-12-23 03:00,0.0,3.1,1.6,0.0,1.0,1.0
2025-12-23 04:00,0.0,3.2,2.2,0.0,1.0,1.0
2025-12-23 05:00,0.0,3.7,1.6,0.0,1.0,1.0
2025-12-23 06:00,0.0,4.5,3.0,0.0,1.0,1.0
2025-12-23 07:00,8.0,5.6,2.1,37.7,1.0,1.0
2025-12-23 08:00,133.0,6.8,2.1,606.9,1.0,1.0
2025-12-23 09:00,232.0,8.1,1.0,1049.6,1.0,1.0
2025-12-23 10:00,299.0,9.3,2.8,1337.5,1.0,1.0
2025-12-23 11:00,348.0,10.6,3.0,1562.5,1.0,1.0
2025-12-23 12:00,351.0,11.6,2.3,1558.4,1.0,1.0
2025-12-23 13:00,300.0,12.4,3.9,1307.0,1.0,1.0
2025-12-23 14:00,258.0,12.9,3.7,1135.4,1.0,1.0
2025-12-23 15:00,142.0,13.1,3.3,643.7,1.0,1.0
2025-12-23 16:00,8.0,12.9,3.1,36.1,1.0,1.0
2025-12-23 17:00,0.0,12.4,4.2,0.0,1.0,1.0
2025-12-23 18:00,0.0,11.6,3.6,0.0,1.0,1.0
2025-12-23 19:00,0.0,10.6,2.8,0.0,1.0,1.0
2025-12-23 20:00,0.0,9.3,2.9,0.0,1.0,1.0
2025-12-23 21:00,0.0,8.1,1.5,0.0,1.0,1.0
2025-12-23 22:00,0.0,6.8,3.5,0.0,1.0,1.0
2025-12-23 23:00,0.0,5.6,1.7,0.0,1.0,1.0
2025-12-24 00:00,0.0,4.2,2.0,0.0,1.0,1.0
2025-12-24 01:00,0.0,3.4,1.3,0.0,1.0,1.0
2025-12-24 02:00,0.0,2.9,2.0,0.0,1.0,1.0
2025-12-24 03:00,0.0,2.8,2.8,0.0,1.0,1.0
2025-12-24 04:00,0.0,2.9,2.1,0.0,1.0,1.0
2025-12-24 05:00,0.0,3.4,1.1,0.0,1.0,1.0
2025-12-24 06:00,0.0,4.2,2.5,0.0,1.0,1.0
2025-12-24 07:00,5.0,5.3,1.2,23.2,1.0,1.0
2025-12-24 08:00,77.0,6.5,2.5,350.3,1.0,1.0
2025-12-24 09:00,131.0,7.8,2.3,600.5,1.0,1.0
2025-12-24 10:00,164.0,9.1,2.4,752.0,1.0,1.0
2025-12-24 11:00,201.0,10.3,3.3,909.5,1.0,1.0
2025-12-24 12:00,198.0,11.3,4.3,896.7,1.0,1.0
2025-12-24 13:00,178.0,12.1,3.0,811.7,1.0,1.0
2025-12-24 14:00,132.0,12.6,2.7,589.3,1.0,1.0
2025-12-24 15:00,79.0,12.8,2.8,362.5,1.0,1.0
2025-12-24 16:00,5.0,12.6,2.8,23.3,1.0,1.0
2025-12-24 17:00,0.0,12.1,2.4,0.0,1.0,1.0
2025-12-24 18:00,0.0,11.3,1.7,0.0,1.0,1.0
2025-12-24 19:00,0.0,10.3,3.5,0.0,1.0,1.0
2025-12-24 20:00,0.0,9.1,3.2,0.0,1.0,1.0
2025-12-24 21:00,0.0,7.8,2.2,0.0,1.0,1.0
2025-12-24 22:00,0.0,6.5,2.1,0.0,1.0,1.0
2025-12-24 23:00,0.0,5.3,2.2,0.0,1.0,1.0
2025-12-25 00:00,0.0,3.3,1.7,0.0,1.0,1.0
2025-12-25 01:00,0.0,2.5,2.2,0.0,1.0,1.0
2025-12-25 02:00,0.0,2.0,2.0,0.0,1.0,1.0
2025-12-25 03:00,0.0,1.9,2.0,0.0,1.0,1.0
2025-12-25 04:00,0.0,2.0,2.0,0.0,1.0,1.0
2025-12-25 05:00,0.0,2.5,2.2,0.0,1.0,1.0
2025-12-25 06:00,0.0,3.3,1.1,0.0,1.0,1.0
2025-12-25 07:00,11.0,4.4,1.3,51.4,1.0,1.0
2025-12-25 08:00,214.0,5.6,1.5,968.9,1.0,1.0
2025-12-25 09:00,334.0,6.9,2.3,1526.8,1.0,1.0
2025-12-25 10:00,403.0,8.2,2.2,1775.7,1.0,1.0
2025-12-25 11:00,495.0,9.4,3.5,2221.0,1.0,1.0
2025-12-25 12:00,452.0,10.4,2.9,1990.0,1.0,1.0
2025-12-25 13:00,429.0,11.2,2.6,1868.9,1.0,1.0
2025-12-25 14:00,360.0,11.7,3.1,1610.3,1.0,1.0
2025-12-25 15:00,205.0,11.9,4.7,924.2,1.0,1.0
2025-12-25 16:00,10.0,11.7,3.4,46.1,1.0,1.0
2025-12-25 17:00,0.0,11.2,2.8,0.0,1.0,1.0
2025-12-25 18:00,0.0,10.4,2.3,0.0,1.0,1.0
2025-12-25 19:00,0.0,9.4,2.5,0.0,1.0,1.0
2025-12-25 20:00,0.0,8.2,2.5,0.0,1.0,1.0
2025-12-25 21:00,0.0,6.9,2.9,0.0,1.0,1.0
2025-12-25 22:00,0.0,5.6,2.4,0.0,1.0,1.0
2025-12-25 23:00,0.0,4.4,0.9,0.0,1.0,1.0
2025-12-26 00:00,0.0,6.0,1.6,0.0,1.0,1.0
2025-12-26 01:00,0.0,5.2,1.2,0.0,1.0,1.0
2025-12-26 02:00,0.0,4.7,1.9,0.0,1.0,1.0
2025-12-26 03:00,0.0,4.5,2.1,0.0,1.0,1.0
2025-12-26 04:00,0.0,4.7,2.2,0.0,1.0,1.0
2025-12-26 05:00,0.0,5.2,2.7,0.0,1.0,1.0
2025-12-26 06:00,0.0,6.0,2.0,0.0,1.0,1.0
2025-12-26 07:00,8.0,7.0,2.3,37.3,1.0,1.0
2025-12-26 08:00,158.0,8.2,1.8,723.1,1.0,1.0
2025-12-26 09:00,261.0,9.5,1.9,1164.0,1.0,1.0
2025-12-26 10:00,326.0,10.8,2.2,1457.9,1.0,1.0
2025-12-26 11:00,331.0,12.0,3.2,1475.1,1.0,1.0
2025-12-26 12:00,356.0,13.1,3.2,1583.4,1.0,1.0
2025-12-26 13:00,324.0,13.9,3.8,1429.2,1.0,1.0
2025-12-26 14:00,265.0,14.4,4.8,1175.2,1.0,1.0
2025-12-26 15:00,157.0,14.5,4.3,704.1,1.0,1.0
2025-12-26 16:00,9.0,14.4,4.0,41.2,1.0,1.0
2025-12-26 17:00,0.0,13.9,3.8,0.0,1.0,1.0
2025-12-26 18:00,0.0,13.1,2.3,0.0,1.0,1.0
2025-12-26 19:00,0.0,12.0,2.9,0.0,1.0,1.0
2025-12-26 20:00,0.0,10.8,2.3,0.0,1.0,1.0
2025-12-26 21:00,0.0,9.5,1.7,0.0,1.0,1.0
2025-12-26 22:00,0.0,8.2,3.3,0.0,1.0,1.0
2025-12-26 23:00,0.0,7.0,2.0,0.0,1.0,1.0
2025-12-27 00:00,0.0,5.5,1.5,0.0,1.0,1.0
2025-12-27 01:00,0.0,4.7,2.2,0.0,1.0,1.0
2025-12-27 02:00,0.0,4.2,2.1,0.0,1.0,1.0
2025-12-27 03:00,0.0,4.0,1.4,0.0,1.0,1.0
2025-12-27 04:00,0.0,4.2,3.1,0.0,1.0,1.0
2025-12-27 05:00,0.0,4.7,2.3,0.0,1.0,1.0
2025-12-27 06:00,0.0,5.5,1.2,0.0,1.0,1.0
2025-12-27 07:00,12.0,6.5,1.7,55.0,1.0,1.0
2025-12-27 08:00,259.0,7.7,3.0,1168.2,1.0,1.0
2025-12-27 09:00,378.0,9.0,1.0,1665.9,1.0,1.0
2025-12-27 10:00,488.0,10.3,1.4,2142.2,1.0,1.0
2025-12-27 11:00,547.0,11.5,2.3,2369.2,1.0,1.0
2025-12-27 12:00,547.0,12.5,4.0,2422.2,1.0,1.0
2025-12-27 13:00,506.0,13.3,3.0,2225.9,1.0,1.0
2025-12-27 14:00,424.0,13.8,3.0,1865.1,1.0,1.0
2025-12-27 15:00,244.0,14.0,3.5,1075.0,1.0,1.0
2025-12-27 16:00,12.0,13.8,4.2,53.7,1.0,1.0
2025-12-27 17:00,0.0,13.3,3.0,0.0,1.0,1.0
2025-12-27 18:00,0.0,12.5,3.2,0.0,1.0,1.0
2025-12-27 19:00,0.0,11.5,3.1,0.0,1.0,1.0
2025-12-27 20:00,0.0,10.3,2.9,0.0,1.0,1.0
2025-12-27 21:00,0.0,9.0,2.6,0.0,1.0,1.0
2025-12-27 22:00,0.0,7.7,1.6,0.0,1.0,1.0
2025-12-27 23:00,0.0,6.5,1.8,0.0,1.0,1.0
2025-12-28 00:00,0.0,3.0,3.0,0.0,1.0,1.0
2025-12-28 01:00,0.0,2.2,1.7,0.0,1.0,1.0
2025-12-28 02:00,0.0,1.7,2.5,0.0,1.0,1.0
2025-12-28 03:00,0.0,1.5,2.6,0.0,1.0,1.0
2025-12-28 04:00,0.0,1.7,2.2,0.0,1.0,1.0
2025-12-28 05:00,0.0,2.2,1.7,0.0,1.0,1.0
2025-12-28 06:00,0.0,3.0,2.4,0.0,1.0,1.0
2025-12-28 07:00,5.0,4.0,2.6,23.2,1.0,1.0
2025-12-28 08:00,79.0,5.3,1.6,363.4,1.0,1.0
2025-12-28 09:00,132.0,6.5,1.6,599.5,1.0,1.0
2025-12-28 10:00,170.0,7.8,2.9,775.9,1.0,1.0
2025-12-28 11:00,192.0,9.0,2.1,850.8,1.0,1.0
2025-12-28 12:00,195.0,10.1,3.5,895.2,1.0,1.0
2025-12-28 13:00,169.0,10.9,2.5,749.8,1.0,1.0
2025-12-28 14:00,133.0,11.4,3.8,611.8,1.0,1.0
2025-12-28 15:00,76.0,11.5,2.5,349.0,1.0,1.0
2025-12-28 16:00,6.0,11.4,3.3,27.8,1.0,1.0
2025-12-28 17:00,0.0,10.9,2.1,0.0,1.0,1.0
2025-12-28 18:00,0.0,10.1,4.6,0.0,1.0,1.0
2025-12-28 19:00,0.0,9.0,3.2,0.0,1.0,1.0
2025-12-28 20:00,0.0,7.8,2.3,0.0,1.0,1.0
2025-12-28 21:00,0.0,6.5,2.4,0.0,1.0,1.0
2025-12-28 22:00,0.0,5.3,2.2,0.0,1.0,1.0
2025-12-28 23:00,0.0,4.0,1.8,0.0,1.0,1.0
2025-12-29 00:00,0.0,6.9,1.8,0.0,1.0,1.0
2025-12-29 01:00,0.0,6.1,2.0,0.0,1.0,1.0
2025-12-29 02:00,0.0,5.6,0.8,0.0,1.0,1.0
2025-12-29 03:00,0.0,5.4,1.9,0.0,1.0,1.0
2025-12-29 04:00,0.0,5.6,1.6,0.0,1.0,1.0
2025-12-29 05:00,0.0,6.1,2.0,0.0,1.0,1.0
2025-12-29 06:00,0.0,6.9,2.1,0.0,1.0,1.0
2025-12-29 07:00,11.0,7.9,1.8,50.6,1.0,1.0
2025-12-29 08:00,180.0,9.2,2.5,833.0,1.0,1.0
2025-12-29 09:00,325.0,10.4,1.8,1474.2,1.0,1.0
2025-12-29 10:00,379.0,11.7,2.5,1657.4,1.0,1.0
2025-12-29 11:00,410.0,12.9,2.9,1807.5,1.0,1.0
2025-12-29 12:00,457.0,14.0,2.2,1943.0,1.0,1.0
2025-12-29 13:00,389.0,14.8,4.5,1701.8,1.0,1.0
2025-12-29 14:00,304.0,15.3,2.5,1348.0,1.0,1.0
2025-12-29 15:00,171.0,15.4,2.4,780.5,1.0,1.0
2025-12-29 16:00,11.0,15.3,4.1,50.0,1.0,1.0
2025-12-29 17:00,0.0,14.8,3.9,0.0,1.0,1.0
2025-12-29 18:00,0.0,14.0,4.3,0.0,1.0,1.0
2025-12-29 19:00,0.0,12.9,3.3,0.0,1.0,1.0
2025-12-29 20:00,0.0,11.7,1.8,0.0,1.0,1.0
2025-12-29 21:00,0.0,10.4,1.7,0.0,1.0,1.0
2025-12-29 22:00,0.0,9.2,2.6,0.0,1.0,1.0
2025-12-29 23:00,0.0,7.9,1.1,0.0,1.0,1.0
2025-12-30 00:00,0.0,3.6,2.1,0.0,1.0,1.0
2025-12-30 01:00,0.0,2.8,2.2,0.0,1.0,1.0
2025-12-30 02:00,0.0,2.3,1.5,0.0,1.0,1.0
2025-12-30 03:00,0.0,2.2,1.5,0.0,1.0,1.0
2025-12-30 04:00,0.0,2.3,1.8,0.0,1.0,1.0
2025-12-30 05:00,0.0,2.8,2.4,0.0,1.0,1.0
2025-12-30 06:00,0.0,3.6,2.0,0.0,1.0,1.0
2025-12-30 07:00,5.0,4.7,2.0,23.4,1.0,1.0
2025-12-30 08:00,71.0,5.9,1.1,330.6,1.0,1.0
2025-12-30 09:00,123.0,7.2,2.7,562.0,1.0,1.0
2025-12-30 10:00,161.0,8.5,2.7,741.0,1.0,1.0
2025-12-30 11:00,179.0,9.7,2.1,814.6,1.0,1.0
2025-12-30 12:00,188.0,10.7,3.9,869.4,1.0,1.0
2025-12-30 13:00,161.0,11.5,3.1,722.0,1.0,1.0
2025-12-30 14:00,130.0,12.0,3.1,595.1,1.0,1.0
2025-12-30 15:00,69.0,12.2,3.4,314.4,1.0,1.0
2025-12-30 16:00,5.0,12.0,3.3,22.8,1.0,1.0
2025-12-30 17:00,0.0,11.5,3.7,0.0,1.0,1.0
2025-12-30 18:00,0.0,10.7,3.2,0.0,1.0,1.0
2025-12-30 19:00,0.0,9.7,2.6,0.0,1.0,1.0
2025-12-30 20:00,0.0,8.5,1.6,0.0,1.0,1.0
2025-12-30 21:00,0.0,7.2,1.2,0.0,1.0,1.0
2025-12-30 22:00,0.0,5.9,2.7,0.0,1.0,1.0
2025-12-30 23:00,0.0,4.7,2.5,0.0,1.0,1.0
2025-12-31 00:00,0.0,5.8,2.5,0.0,1.0,1.0
2025-12-31 01:00,0.0,5.0,2.2,0.0,1.0,1.0
2025-12-31 02:00,0.0,4.5,2.6,0.0,1.0,1.0
2025-12-31 03:00,0.0,4.3,1.3,0.0,1.0,1.0
2025-12-31 04:00,0.0,4.5,1.7,0.0,1.0,1.0
2025-12-31 05:00,0.0,5.0,1.5,0.0,1.0,1.0
2025-12-31 06:00,0.0,5.8,2.4,0.0,1.0,1.0
2025-12-31 07:00,7.0,6.8,3.4,33.1,1.0,1.0
2025-12-31 08:00,108.0,8.0,2.4,503.6,1.0,1.0
2025-12-31 09:00,170.0,9.3,2.5,784.0,1.0,1.0
2025-12-31 10:00,227.0,10.6,2.3,1028.2,1.0,1.0
2025-12-31 11:00,255.0,11.8,2.5,1123.6,1.0,1.0
2025-12-31 12:00,262.0,12.8,3.2,1171.6,1.0,1.0
2025-12-31 13:00,223.0,13.6,3.2,996.0,1.0,1.0
2025-12-31 14:00,169.0,14.1,3.9,748.3,1.0,1.0
2025-12-31 15:00,104.0,14.3,4.6,460.1,1.0,1.0
2025-12-31 16:00,7.0,14.1,4.4,31.7,1.0,1.0
2025-12-31 17:00,0.0,13.6,3.1,0.0,1.0,1.0
2025-12-31 18:00,0.0,12.8,3.4,0.0,1.0,1.0
2025-12-31 19:00,0.0,11.8,3.0,0.0,1.0,1.0
2025-12-31 20:00,0.0,10.6,3.7,0.0,1.0,1.0
2025-12-31 21:00,0.0,9.3,1.9,0.0,1.0,1.0
2025-12-31 22:00,0.0,8.0,1.5,0.0,1.0,1.0
2025-12-31 23:00,0.0,6.8,2.3,0.0,1.0,1.0
