timestamp,load_kwh,solar_kwh,battery_kwh
2025-01-01 00:00,260.1,0.0,0.0
2025-01-01 01:00,279.5,0.0,0.0
2025-01-01 02:00,269.0,0.0,0.0
2025-01-01 03:00,249.4,0.0,0.0
2025-01-01 04:00,268.1,0.0,0.0
2025-01-01 05:00,272.3,0.0,0.0
2025-01-01 06:00,411.3,0.0,0.0
2025-01-01 07:00,504.2,11.19,0.0
2025-01-01 08:00,547.4,143.42,0.0
2025-01-01 09:00,568.6,234.57,0.0
2025-01-01 10:00,532.6,287.85,0.0
2025-01-01 11:00,543.9,301.34,0.0
2025-01-01 12:00,528.3,333.74,0.0
2025-01-01 13:00,580.1,288.28,0.0
2025-01-01 14:00,596.4,231.11,0.0
2025-01-01 15:00,541.2,131.15,0.0
2025-01-01 16:00,561.5,9.56,0.0
2025-01-01 17:00,476.3,0.0,0.0
2025-01-01 18:00,387.4,0.0,0.0
2025-01-01 19:00,334.3,0.0,0.0
2025-01-01 20:00,336.4,0.0,0.0
2025-01-01 21:00,310.9,0.0,0.0
2025-01-01 22:00,269.7,0.0,0.0
2025-01-01 23:00,270.6,0.0,0.0
2025-01-02 00:00,263.9,0.0,0.0
2025-01-02 01:00,269.6,0.0,0.0
2025-01-02 02:00,277.6,0.0,0.0
2025-01-02 03:00,270.1,0.0,0.0
2025-01-02 04:00,234.6,0.0,0.0
2025-01-02 05:00,265.0,0.0,0.0
2025-01-02 06:00,386.0,0.0,0.0
2025-01-02 07:00,532.1,9.92,0.0
2025-01-02 08:00,520.1,114.85,0.0
2025-01-02 09:00,545.3,210.34,0.0
2025-01-02 10:00,566.6,272.02,0.0
2025-01-02 11:00,548.5,299.07,0.0
2025-01-02 12:00,544.9,304.61,0.0
2025-01-02 13:00,563.9,263.94,0.0
2025-01-02 14:00,550.4,189.96,0.0
2025-01-02 15:00,564.9,124.83,0.0
2025-01-02 16:00,535.8,9.68,0.0
2025-01-02 17:00,503.4,0.0,0.0
2025-01-02 18:00,361.4,0.0,0.0
2025-01-02 19:00,324.3,0.0,0.0
2025-01-02 20:00,371.0,0.0,0.0
2025-01-02 21:00,303.8,0.0,0.0
2025-01-02 22:00,264.7,0.0,0.0
2025-01-02 23:00,257.3,0.0,0.0
2025-01-03 00:00,274.9,0.0,0.0
2025-01-03 01:00,269.8,0.0,0.0
2025-01-03 02:00,230.1,0.0,0.0
2025-01-03 03:00,242.9,0.0,0.0
2025-01-03 04:00,268.2,0.0,0.0
2025-01-03 05:00,280.5,0.0,0.0
2025-01-03 06:00,396.3,0.0,0.0
2025-01-03 07:00,514.7,34.04,0.0
2025-01-03 08:00,541.6,203.85,0.0
2025-01-03 09:00,543.7,327.45,0.0
2025-01-03 10:00,537.1,425.71,0.0
2025-01-03 11:00,577.1,453.86,0.0
2025-01-03 12:00,514.2,488.23,0.0
2025-01-03 13:00,572.9,400.51,0.0
2025-01-03 14:00,525.5,342.81,0.0
2025-01-03 15:00,582.2,198.56,0.0
2025-01-03 16:00,532.1,34.63,0.0
2025-01-03 17:00,457.8,0.0,0.0
2025-01-03 18:00,390.7,0.0,0.0
2025-01-03 19:00,360.0,0.0,0.0
2025-01-03 20:00,346.7,0.0,0.0
2025-01-03 21:00,296.7,0.0,0.0
2025-01-03 22:00,242.0,0.0,0.0
2025-01-03 23:00,260.3,0.0,0.0
2025-01-04 00:00,282.8,0.0,0.0
2025-01-04 01:00,257.7,0.0,0.0
2025-01-04 02:00,260.2,0.0,0.0
2025-01-04 03:00,275.5,0.0,0.0
2025-01-04 04:00,271.2,0.0,0.0
2025-01-04 05:00,282.8,0.0,0.0
2025-01-04 06:00,357.9,0.0,0.0
2025-01-04 07:00,362.0,63.39,0.0
2025-01-04 08:00,365.0,341.02,0.0
2025-01-04 09:00,379.5,475.15,-95.65
2025-01-04 10:00,358.2,621.16,-262.96
2025-01-04 11:00,371.9,721.23,-349.33
2025-01-04 12:00,375.3,682.28,-306.98
2025-01-04 13:00,383.7,615.33,-231.63
2025-01-04 14:00,357.7,492.25,-134.55
2025-01-04 15:00,254.5,316.18,-61.68
2025-01-04 16:00,241.3,59.18,182.12
2025-01-04 17:00,268.2,0.0,268.2
2025-01-04 18:00,249.6,0.0,249.6
2025-01-04 19:00,268.2,0.0,268.2
2025-01-04 20:00,247.4,0.0,247.4
2025-01-04 21:00,249.5,0.0,0.0
2025-01-04 22:00,257.1,0.0,0.0
2025-01-04 23:00,261.3,0.0,0.0
2025-01-05 00:00,272.1,0.0,0.0
2025-01-05 01:00,259.3,0.0,0.0
2025-01-05 02:00,276.6,0.0,0.0
2025-01-05 03:00,252.0,0.0,0.0
2025-01-05 04:00,261.9,0.0,0.0
2025-01-05 05:00,265.3,0.0,0.0
2025-01-05 06:00,264.1,0.0,0.0
2025-01-05 07:00,255.5,21.18,0.0
2025-01-05 08:00,250.4,151.83,0.0
2025-01-05 09:00,273.7,228.85,0.0
2025-01-05 10:00,280.5,304.47,-23.97
2025-01-05 11:00,248.1,345.45,-97.35
2025-01-05 12:00,274.4,366.33,-91.93
2025-01-05 13:00,262.6,323.96,-61.36
2025-01-05 14:00,227.6,248.28,-20.68
2025-01-05 15:00,253.2,148.87,0.0
2025-01-05 16:00,268.7,22.05,49.16
2025-01-05 17:00,264.3,0.0,66.81
2025-01-05 18:00,267.8,0.0,70.31
2025-01-05 19:00,277.9,0.0,80.41
2025-01-05 20:00,244.8,0.0,47.31
2025-01-05 21:00,280.4,0.0,0.0
2025-01-05 22:00,262.5,0.0,0.0
2025-01-05 23:00,284.5,0.0,0.0
2025-01-06 00:00,256.6,0.0,0.0
2025-01-06 01:00,257.4,0.0,0.0
2025-01-06 02:00,254.9,0.0,0.0
2025-01-06 03:00,256.6,0.0,0.0
2025-01-06 04:00,264.1,0.0,0.0
2025-01-06 05:00,277.9,0.0,0.0
2025-01-06 06:00,422.4,0.0,0.0
2025-01-06 07:00,538.5,14.06,0.0
2025-01-06 08:00,591.4,115.35,0.0
2025-01-06 09:00,549.7,202.22,0.0
2025-01-06 10:00,540.6,256.27,0.0
2025-01-06 11:00,600.1,265.0,0.0
2025-01-06 12:00,497.1,285.21,0.0
2025-01-06 13:00,525.1,237.88,0.0
2025-01-06 14:00,545.1,200.44,0.0
2025-01-06 15:00,573.0,113.07,0.0
2025-01-06 16:00,529.6,16.46,0.0
2025-01-06 17:00,483.0,0.0,0.0
2025-01-06 18:00,414.9,0.0,0.0
2025-01-06 19:00,311.4,0.0,0.0
2025-01-06 20:00,346.1,0.0,0.0
2025-01-06 21:00,286.5,0.0,0.0
2025-01-06 22:00,266.6,0.0,0.0
2025-01-06 23:00,253.4,0.0,0.0
2025-01-07 00:00,256.2,0.0,0.0
2025-01-07 01:00,257.5,0.0,0.0
2025-01-07 02:00,251.3,0.0,0.0
2025-01-07 03:00,266.7,0.0,0.0
2025-01-07 04:00,237.3,0.0,0.0
2025-01-07 05:00,274.5,0.0,0.0
2025-01-07 06:00,427.1,0.0,0.0
2025-01-07 07:00,518.9,19.62,0.0
2025-01-07 08:00,537.7,127.33,0.0
2025-01-07 09:00,528.9,224.27,0.0
2025-01-07 10:00,543.6,300.63,0.0
2025-01-07 11:00,559.9,311.08,0.0
2025-01-07 12:00,499.7,313.34,0.0
2025-01-07 13:00,567.8,277.06,0.0
2025-01-07 14:00,532.9,212.98,0.0
2025-01-07 15:00,559.0,127.56,0.0
2025-01-07 16:00,547.9,20.51,0.0
2025-01-07 17:00,480.2,0.0,0.0
2025-01-07 18:00,376.3,0.0,0.0
2025-01-07 19:00,341.7,0.0,0.0
2025-01-07 20:00,343.1,0.0,0.0
2025-01-07 21:00,283.1,0.0,0.0
2025-01-07 22:00,261.5,0.0,0.0
2025-01-07 23:00,261.0,0.0,0.0
2025-01-08 00:00,271.0,0.0,0.0
2025-01-08 01:00,254.1,0.0,0.0
2025-01-08 02:00,257.9,0.0,0.0
2025-01-08 03:00,246.7,0.0,0.0
2025-01-08 04:00,256.3,0.0,0.0
2025-01-08 05:00,261.7,0.0,0.0
2025-01-08 06:00,418.6,0.0,0.0
2025-01-08 07:00,522.5,25.28,0.0
2025-01-08 08:00,554.0,145.63,0.0
2025-01-08 09:00,539.3,241.2,0.0
2025-01-08 10:00,566.3,298.97,0.0
2025-01-08 11:00,569.4,350.68,0.0
2025-01-08 12:00,516.4,354.71,0.0
2025-01-08 13:00,531.1,305.66,0.0
2025-01-08 14:00,548.0,248.45,0.0
2025-01-08 15:00,564.9,143.94,0.0
2025-01-08 16:00,525.4,23.31,0.0
2025-01-08 17:00,540.4,0.0,0.0
2025-01-08 18:00,367.1,0.0,0.0
2025-01-08 19:00,347.0,0.0,0.0
2025-01-08 20:00,335.8,0.0,0.0
2025-01-08 21:00,296.0,0.0,0.0
2025-01-08 22:00,278.1,0.0,0.0
2025-01-08 23:00,263.1,0.0,0.0
2025-01-09 00:00,270.7,0.0,0.0
2025-01-09 01:00,251.6,0.0,0.0
2025-01-09 02:00,273.0,0.0,0.0
2025-01-09 03:00,249.0,0.0,0.0
2025-01-09 04:00,270.3,0.0,0.0
2025-01-09 05:00,278.9,0.0,0.0
2025-01-09 06:00,437.8,0.0,0.0
2025-01-09 07:00,545.2,59.6,0.0
2025-01-09 08:00,533.1,278.34,0.0
2025-01-09 09:00,573.5,408.57,0.0
2025-01-09 10:00,560.8,542.92,0.0
2025-01-09 11:00,510.3,580.85,-70.55
2025-01-09 12:00,528.0,580.89,-52.89
2025-01-09 13:00,522.9,510.98,0.0
2025-01-09 14:00,561.5,421.47,0.0
2025-01-09 15:00,538.5,276.94,0.0
2025-01-09 16:00,522.5,62.34,38.39
2025-01-09 17:00,492.0,0.0,70.23
2025-01-09 18:00,383.1,0.0,0.0
2025-01-09 19:00,368.9,0.0,0.0
2025-01-09 20:00,344.6,0.0,0.0
2025-01-09 21:00,306.2,0.0,0.0
2025-01-09 22:00,258.9,0.0,0.0
2025-01-09 23:00,251.0,0.0,0.0
2025-01-10 00:00,275.1,0.0,0.0
2025-01-10 01:00,260.6,0.0,0.0
2025-01-10 02:00,254.4,0.0,0.0
2025-01-10 03:00,267.4,0.0,0.0
2025-01-10 04:00,258.2,0.0,0.0
2025-01-10 05:00,254.9,0.0,0.0
2025-01-10 06:00,408.3,0.0,0.0
2025-01-10 07:00,587.8,51.77,0.0
2025-01-10 08:00,577.3,229.67,0.0
2025-01-10 09:00,534.0,376.32,0.0
2025-01-10 10:00,541.5,463.77,0.0
2025-01-10 11:00,559.9,515.0,0.0
2025-01-10 12:00,552.3,514.06,0.0
2025-01-10 13:00,524.5,451.29,0.0
2025-01-10 14:00,570.7,344.66,0.0
2025-01-10 15:00,489.6,235.6,0.0
2025-01-10 16:00,553.4,50.53,0.0
2025-01-10 17:00,532.1,0.0,0.0
2025-01-10 18:00,376.5,0.0,0.0
2025-01-10 19:00,357.1,0.0,0.0
2025-01-10 20:00,335.3,0.0,0.0
2025-01-10 21:00,292.1,0.0,0.0
2025-01-10 22:00,271.7,0.0,0.0
2025-01-10 23:00,267.5,0.0,0.0
2025-01-11 00:00,255.0,0.0,0.0
2025-01-11 01:00,258.1,0.0,0.0
2025-01-11 02:00,253.5,0.0,0.0
2025-01-11 03:00,251.0,0.0,0.0
2025-01-11 04:00,254.0,0.0,0.0
2025-01-11 05:00,244.3,0.0,0.0
2025-01-11 06:00,380.0,0.0,0.0
2025-01-11 07:00,382.3,36.92,0.0
2025-01-11 08:00,390.3,183.37,0.0
2025-01-11 09:00,383.7,280.87,0.0
2025-01-11 10:00,364.8,358.93,0.0
2025-01-11 11:00,387.2,398.83,-11.63
2025-01-11 12:00,413.8,372.27,0.0
2025-01-11 13:00,379.3,351.46,0.0
2025-01-11 14:00,390.6,279.08,0.0
2025-01-11 15:00,232.5,175.71,0.0
2025-01-11 16:00,272.1,30.51,0.0
2025-01-11 17:00,263.0,0.0,1.81
2025-01-11 18:00,264.3,0.0,3.11
2025-01-11 19:00,266.5,0.0,5.31
2025-01-11 20:00,255.3,0.0,0.0
2025-01-11 21:00,255.0,0.0,0.0
2025-01-11 22:00,267.4,0.0,0.0
2025-01-11 23:00,277.1,0.0,0.0
2025-01-12 00:00,267.5,0.0,0.0
2025-01-12 01:00,260.5,0.0,0.0
2025-01-12 02:00,264.5,0.0,0.0
2025-01-12 03:00,261.4,0.0,0.0
2025-01-12 04:00,255.4,0.0,0.0
2025-01-12 05:00,255.4,0.0,0.0
2025-01-12 06:00,274.2,0.0,0.0
2025-01-12 07:00,260.6,41.02,0.0
2025-01-12 08:00,251.6,178.56,0.0
2025-01-12 09:00,257.4,304.41,-47.01
2025-01-12 10:00,243.0,371.5,-128.5
2025-01-12 11:00,273.3,418.45,-145.15
2025-01-12 12:00,258.1,419.54,-161.44
2025-01-12 13:00,255.5,398.54,-143.04
2025-01-12 14:00,274.9,299.92,-25.02
2025-01-12 15:00,243.0,191.12,0.0
2025-01-12 16:00,264.6,40.03,88.5
2025-01-12 17:00,257.0,0.0,120.93
2025-01-12 18:00,265.2,0.0,129.13
2025-01-12 19:00,262.3,0.0,126.23
2025-01-12 20:00,243.4,0.0,107.33
2025-01-12 21:00,240.7,0.0,0.0
2025-01-12 22:00,282.1,0.0,0.0
2025-01-12 23:00,266.3,0.0,0.0
2025-01-13 00:00,261.2,0.0,0.0
2025-01-13 01:00,272.8,0.0,0.0
2025-01-13 02:00,263.2,0.0,0.0
2025-01-13 03:00,254.3,0.0,0.0
2025-01-13 04:00,267.3,0.0,0.0
2025-01-13 05:00,249.3,0.0,0.0
2025-01-13 06:00,425.4,0.0,0.0
2025-01-13 07:00,538.2,102.4,0.0
2025-01-13 08:00,595.4,384.55,0.0
2025-01-13 09:00,528.7,574.38,-45.68
2025-01-13 10:00,549.6,728.68,-179.08
2025-01-13 11:00,535.4,733.47,-198.07
2025-01-13 12:00,509.1,758.36,-249.26
2025-01-13 13:00,559.6,695.83,-136.23
2025-01-13 14:00,530.5,575.43,-44.93
2025-01-13 15:00,560.9,387.53,0.0
2025-01-13 16:00,507.0,105.42,158.36
2025-01-13 17:00,490.5,0.0,247.28
2025-01-13 18:00,370.9,0.0,127.68
2025-01-13 19:00,365.3,0.0,122.08
2025-01-13 20:00,338.7,0.0,95.48
2025-01-13 21:00,299.1,0.0,0.0
2025-01-13 22:00,259.0,0.0,0.0
2025-01-13 23:00,265.6,0.0,0.0
2025-01-14 00:00,265.1,0.0,0.0
2025-01-14 01:00,246.6,0.0,0.0
2025-01-14 02:00,247.3,0.0,0.0
2025-01-14 03:00,252.8,0.0,0.0
2025-01-14 04:00,276.9,0.0,0.0
2025-01-14 05:00,280.8,0.0,0.0
2025-01-14 06:00,379.7,0.0,0.0
2025-01-14 07:00,563.2,86.5,0.0
2025-01-14 08:00,562.4,328.93,0.0
2025-01-14 09:00,532.2,471.92,0.0
2025-01-14 10:00,547.3,609.31,-62.01
2025-01-14 11:00,551.5,669.38,-117.88
2025-01-14 12:00,547.0,608.62,-61.62
2025-01-14 13:00,543.2,634.13,-90.93
2025-01-14 14:00,522.4,500.71,0.0
2025-01-14 15:00,543.9,318.52,0.0
2025-01-14 16:00,557.4,70.9,127.71
2025-01-14 17:00,485.2,0.0,126.41
2025-01-14 18:00,386.7,0.0,27.91
2025-01-14 19:00,369.3,0.0,10.51
2025-01-14 20:00,347.7,0.0,0.0
2025-01-14 21:00,300.5,0.0,0.0
2025-01-14 22:00,264.6,0.0,0.0
2025-01-14 23:00,256.2,0.0,0.0
2025-01-15 00:00,261.7,0.0,0.0
2025-01-15 01:00,240.2,0.0,0.0
2025-01-15 02:00,258.0,0.0,0.0
2025-01-15 03:00,253.7,0.0,0.0
2025-01-15 04:00,273.0,0.0,0.0
2025-01-15 05:00,242.8,0.0,0.0
2025-01-15 06:00,412.1,0.0,0.0
2025-01-15 07:00,541.9,18.25,0.0
2025-01-15 08:00,525.6,90.4,0.0
2025-01-15 09:00,529.6,165.2,0.0
2025-01-15 10:00,549.7,197.21,0.0
2025-01-15 11:00,550.9,230.12,0.0
2025-01-15 12:00,579.2,238.38,0.0
2025-01-15 13:00,490.0,215.24,0.0
2025-01-15 14:00,583.5,160.09,0.0
2025-01-15 15:00,549.5,96.7,0.0
2025-01-15 16:00,496.4,16.45,0.0
2025-01-15 17:00,481.3,0.0,0.0
2025-01-15 18:00,355.7,0.0,0.0
2025-01-15 19:00,362.3,0.0,0.0
2025-01-15 20:00,357.6,0.0,0.0
2025-01-15 21:00,313.0,0.0,0.0
2025-01-15 22:00,246.6,0.0,0.0
2025-01-15 23:00,267.5,0.0,0.0
2025-01-16 00:00,253.3,0.0,0.0
2025-01-16 01:00,258.9,0.0,0.0
2025-01-16 02:00,252.4,0.0,0.0
2025-01-16 03:00,262.4,0.0,0.0
2025-01-16 04:00,238.7,0.0,0.0
2025-01-16 05:00,249.0,0.0,0.0
2025-01-16 06:00,387.9,0.0,0.0
2025-01-16 07:00,516.7,74.42,0.0
2025-01-16 08:00,537.3,272.96,0.0
2025-01-16 09:00,523.3,422.87,0.0
2025-01-16 10:00,514.0,550.38,-36.38
2025-01-16 11:00,506.4,598.71,-92.31
2025-01-16 12:00,495.6,584.12,-88.52
2025-01-16 13:00,566.0,537.41,0.0
2025-01-16 14:00,570.2,425.71,0.0
2025-01-16 15:00,543.3,275.55,0.0
2025-01-16 16:00,499.7,71.26,69.04
2025-01-16 17:00,481.5,0.0,122.1
2025-01-16 18:00,356.4,0.0,0.0
2025-01-16 19:00,335.9,0.0,0.0
2025-01-16 20:00,338.5,0.0,0.0
2025-01-16 21:00,320.2,0.0,0.0
2025-01-16 22:00,238.1,0.0,0.0
2025-01-16 23:00,263.3,0.0,0.0
2025-01-17 00:00,253.2,0.0,0.0
2025-01-17 01:00,246.7,0.0,0.0
2025-01-17 02:00,263.0,0.0,0.0
2025-01-17 03:00,264.3,0.0,0.0
2025-01-17 04:00,257.7,0.0,0.0
2025-01-17 05:00,263.1,0.0,0.0
2025-01-17 06:00,397.9,0.0,0.0
2025-01-17 07:00,558.6,18.16,0.0
2025-01-17 08:00,546.0,95.48,0.0
2025-01-17 09:00,561.6,160.34,0.0
2025-01-17 10:00,533.4,190.65,0.0
2025-01-17 11:00,592.5,232.44,0.0
2025-01-17 12:00,499.6,229.37,0.0
2025-01-17 13:00,524.5,199.34,0.0
2025-01-17 14:00,516.7,161.87,0.0
2025-01-17 15:00,536.6,100.26,0.0
2025-01-17 16:00,546.3,17.72,0.0
2025-01-17 17:00,455.4,0.0,0.0
2025-01-17 18:00,395.8,0.0,0.0
2025-01-17 19:00,329.8,0.0,0.0
2025-01-17 20:00,343.7,0.0,0.0
2025-01-17 21:00,275.8,0.0,0.0
2025-01-17 22:00,259.6,0.0,0.0
2025-01-17 23:00,250.4,0.0,0.0
2025-01-18 00:00,268.5,0.0,0.0
2025-01-18 01:00,277.6,0.0,0.0
2025-01-18 02:00,248.9,0.0,0.0
2025-01-18 03:00,263.3,0.0,0.0
2025-01-18 04:00,255.7,0.0,0.0
2025-01-18 05:00,275.5,0.0,0.0
2025-01-18 06:00,372.9,0.0,0.0
2025-01-18 07:00,390.0,148.06,0.0
2025-01-18 08:00,378.6,429.22,-50.62
2025-01-18 09:00,380.9,642.45,-261.55
2025-01-18 10:00,375.3,765.97,-390.67
2025-01-18 11:00,378.0,852.25,-474.25
2025-01-18 12:00,391.7,887.43,-495.73
2025-01-18 13:00,381.2,770.08,-352.59
2025-01-18 14:00,363.2,678.47,-0.0
2025-01-18 15:00,255.6,419.96,-0.0
2025-01-18 16:00,261.4,132.46,128.94
2025-01-18 17:00,266.1,0.0,266.1
2025-01-18 18:00,244.1,0.0,244.1
2025-01-18 19:00,266.3,0.0,266.3
2025-01-18 20:00,273.5,0.0,273.5
2025-01-18 21:00,273.7,0.0,0.0
2025-01-18 22:00,258.7,0.0,0.0
2025-01-18 23:00,270.7,0.0,0.0
2025-01-19 00:00,289.4,0.0,0.0
2025-01-19 01:00,256.5,0.0,0.0
2025-01-19 02:00,261.1,0.0,0.0
2025-01-19 03:00,258.0,0.0,0.0
2025-01-19 04:00,276.1,0.0,0.0
2025-01-19 05:00,259.7,0.0,0.0
2025-01-19 06:00,255.7,0.0,0.0
2025-01-19 07:00,257.1,76.07,0.0
2025-01-19 08:00,263.4,260.26,0.0
2025-01-19 09:00,245.6,432.29,-186.69
2025-01-19 10:00,258.5,479.03,-220.53
2025-01-19 11:00,246.1,616.79,-370.69
2025-01-19 12:00,246.9,562.6,-315.7
2025-01-19 13:00,259.8,514.76,-246.09
2025-01-19 14:00,272.2,408.22,-0.0
2025-01-19 15:00,270.7,281.44,-0.0
2025-01-19 16:00,253.3,75.59,177.71
2025-01-19 17:00,263.0,0.0,263.0
2025-01-19 18:00,260.5,0.0,260.5
2025-01-19 19:00,269.1,0.0,269.1
2025-01-19 20:00,259.0,0.0,259.0
2025-01-19 21:00,255.6,0.0,0.0
2025-01-19 22:00,266.8,0.0,0.0
2025-01-19 23:00,268.8,0.0,0.0
2025-01-20 00:00,253.1,0.0,0.0
2025-01-20 01:00,254.4,0.0,0.0
2025-01-20 02:00,255.4,0.0,0.0
2025-01-20 03:00,276.5,0.0,0.0
2025-01-20 04:00,261.2,0.0,0.0
2025-01-20 05:00,238.8,0.0,0.0
2025-01-20 06:00,401.8,0.0,0.0
2025-01-20 07:00,531.2,76.84,0.0
2025-01-20 08:00,529.1,258.32,0.0
2025-01-20 09:00,574.3,411.5,0.0
2025-01-20 10:00,553.3,499.83,0.0
2025-01-20 11:00,552.8,530.46,0.0
2025-01-20 12:00,540.8,520.76,0.0
2025-01-20 13:00,548.7,487.97,0.0
2025-01-20 14:00,555.8,391.63,0.0
2025-01-20 15:00,559.0,237.25,0.0
2025-01-20 16:00,566.5,68.27,203.35
2025-01-20 17:00,479.9,0.0,185.02
2025-01-20 18:00,363.2,0.0,68.32
2025-01-20 19:00,356.1,0.0,61.22
2025-01-20 20:00,330.0,0.0,35.12
2025-01-20 21:00,293.3,0.0,0.0
2025-01-20 22:00,266.7,0.0,0.0
2025-01-20 23:00,270.7,0.0,0.0
2025-01-21 00:00,272.8,0.0,0.0
2025-01-21 01:00,249.4,0.0,0.0
2025-01-21 02:00,253.9,0.0,0.0
2025-01-21 03:00,269.4,0.0,0.0
2025-01-21 04:00,256.5,0.0,0.0
2025-01-21 05:00,262.9,0.0,0.0
2025-01-21 06:00,408.4,0.0,0.0
2025-01-21 07:00,504.8,86.65,0.0
2025-01-21 08:00,567.2,291.59,0.0
2025-01-21 09:00,550.4,452.65,0.0
2025-01-21 10:00,560.9,558.06,0.0
2025-01-21 11:00,534.2,597.08,-62.88
2025-01-21 12:00,539.1,636.19,-97.09
2025-01-21 13:00,536.9,528.81,0.0
2025-01-21 14:00,561.6,453.61,0.0
2025-01-21 15:00,530.9,292.98,0.0
2025-01-21 16:00,529.6,92.71,56.28
2025-01-21 17:00,463.6,0.0,82.99
2025-01-21 18:00,382.1,0.0,1.49
2025-01-21 19:00,329.3,0.0,0.0
2025-01-21 20:00,340.8,0.0,0.0
2025-01-21 21:00,318.3,0.0,0.0
2025-01-21 22:00,251.5,0.0,0.0
2025-01-21 23:00,272.3,0.0,0.0
2025-01-22 00:00,246.0,0.0,0.0
2025-01-22 01:00,259.3,0.0,0.0
2025-01-22 02:00,260.3,0.0,0.0
2025-01-22 03:00,270.6,0.0,0.0
2025-01-22 04:00,255.8,0.0,0.0
2025-01-22 05:00,270.3,0.0,0.0
2025-01-22 06:00,408.1,0.0,0.0
2025-01-22 07:00,529.6,164.98,0.0
2025-01-22 08:00,570.5,448.08,0.0
2025-01-22 09:00,577.2,664.74,-87.54
2025-01-22 10:00,549.4,796.18,-246.78
2025-01-22 11:00,517.7,852.72,-335.02
2025-01-22 12:00,534.5,931.88,-397.38
2025-01-22 13:00,539.2,818.79,-279.59
2025-01-22 14:00,590.0,630.49,-40.49
2025-01-22 15:00,562.9,446.73,0.0
2025-01-22 16:00,561.8,143.88,262.69
2025-01-22 17:00,502.9,0.0,347.67
2025-01-22 18:00,403.0,0.0,247.77
2025-01-22 19:00,354.6,0.0,199.37
2025-01-22 20:00,318.1,0.0,162.87
2025-01-22 21:00,286.3,0.0,0.0
2025-01-22 22:00,276.6,0.0,0.0
2025-01-22 23:00,274.5,0.0,0.0
2025-01-23 00:00,241.3,0.0,0.0
2025-01-23 01:00,260.7,0.0,0.0
2025-01-23 02:00,276.2,0.0,0.0
2025-01-23 03:00,264.3,0.0,0.0
2025-01-23 04:00,267.4,0.0,0.0
2025-01-23 05:00,264.0,0.0,0.0
2025-01-23 06:00,400.2,0.0,0.0
2025-01-23 07:00,567.0,96.65,0.0
2025-01-23 08:00,557.0,280.74,0.0
2025-01-23 09:00,509.6,446.44,0.0
2025-01-23 10:00,523.0,566.71,-43.71
2025-01-23 11:00,549.1,607.42,-58.32
2025-01-23 12:00,551.4,576.96,-25.56
2025-01-23 13:00,600.8,536.64,0.0
2025-01-23 14:00,550.4,389.37,0.0
2025-01-23 15:00,534.4,300.5,0.0
2025-01-23 16:00,554.7,87.61,65.68
2025-01-23 17:00,448.0,0.0,46.59
2025-01-23 18:00,349.6,0.0,0.0
2025-01-23 19:00,367.0,0.0,0.0
2025-01-23 20:00,355.2,0.0,0.0
2025-01-23 21:00,317.3,0.0,0.0
2025-01-23 22:00,269.1,0.0,0.0
2025-01-23 23:00,257.5,0.0,0.0
2025-01-24 00:00,255.0,0.0,0.0
2025-01-24 01:00,264.1,0.0,0.0
2025-01-24 02:00,251.4,0.0,0.0
2025-01-24 03:00,265.0,0.0,0.0
2025-01-24 04:00,261.5,0.0,0.0
2025-01-24 05:00,278.4,0.0,0.0
2025-01-24 06:00,403.4,0.0,0.0
2025-01-24 07:00,549.0,39.11,0.0
2025-01-24 08:00,573.0,140.85,0.0
2025-01-24 09:00,532.4,226.6,0.0
2025-01-24 10:00,567.7,306.78,0.0
2025-01-24 11:00,568.3,325.26,0.0
2025-01-24 12:00,518.4,338.58,0.0
2025-01-24 13:00,548.9,273.65,0.0
2025-01-24 14:00,597.9,235.28,0.0
2025-01-24 15:00,568.4,140.67,0.0
2025-01-24 16:00,542.0,38.18,0.0
2025-01-24 17:00,480.5,0.0,0.0
2025-01-24 18:00,382.0,0.0,0.0
2025-01-24 19:00,350.1,0.0,0.0
2025-01-24 20:00,338.5,0.0,0.0
2025-01-24 21:00,306.2,0.0,0.0
2025-01-24 22:00,275.0,0.0,0.0
2025-01-24 23:00,264.0,0.0,0.0
2025-01-25 00:00,269.4,0.0,0.0
2025-01-25 01:00,257.6,0.0,0.0
2025-01-25 02:00,258.5,0.0,0.0
2025-01-25 03:00,258.0,0.0,0.0
2025-01-25 04:00,255.5,0.0,0.0
2025-01-25 05:00,257.6,0.0,0.0
2025-01-25 06:00,386.3,0.0,0.0
2025-01-25 07:00,402.4,72.82,0.0
2025-01-25 08:00,376.3,236.94,0.0
2025-01-25 09:00,412.2,382.31,0.0
2025-01-25 10:00,389.9,463.2,-73.3
2025-01-25 11:00,382.3,520.19,-137.89
2025-01-25 12:00,373.4,516.35,-142.95
2025-01-25 13:00,372.1,461.55,-89.45
2025-01-25 14:00,378.2,353.42,0.0
2025-01-25 15:00,248.9,231.11,0.0
2025-01-25 16:00,242.4,71.06,10.02
2025-01-25 17:00,266.1,0.0,104.78
2025-01-25 18:00,254.5,0.0,93.18
2025-01-25 19:00,252.8,0.0,91.48
2025-01-25 20:00,252.2,0.0,90.88
2025-01-25 21:00,266.0,0.0,0.0
2025-01-25 22:00,251.1,0.0,0.0
2025-01-25 23:00,273.8,0.0,0.0
2025-01-26 00:00,228.4,0.0,0.0
2025-01-26 01:00,258.8,0.0,0.0
2025-01-26 02:00,271.3,0.0,0.0
2025-01-26 03:00,263.5,0.0,0.0
2025-01-26 04:00,271.6,0.0,0.0
2025-01-26 05:00,258.4,0.0,0.0
2025-01-26 06:00,265.7,0.0,0.0
2025-01-26 07:00,253.4,37.01,0.0
2025-01-26 08:00,265.6,142.1,0.0
2025-01-26 09:00,268.8,242.11,0.0
2025-01-26 10:00,268.8,278.07,-9.27
2025-01-26 11:00,245.7,314.16,-68.46
2025-01-26 12:00,254.7,317.76,-63.06
2025-01-26 13:00,275.4,287.26,-11.86
2025-01-26 14:00,253.6,226.27,0.0
2025-01-26 15:00,251.3,142.08,0.0
2025-01-26 16:00,256.1,36.13,0.0
2025-01-26 17:00,271.9,0.0,48.16
2025-01-26 18:00,235.2,0.0,11.46
2025-01-26 19:00,244.2,0.0,20.46
2025-01-26 20:00,278.0,0.0,54.26
2025-01-26 21:00,261.4,0.0,0.0
2025-01-26 22:00,256.2,0.0,0.0
2025-01-26 23:00,282.5,0.0,0.0
2025-01-27 00:00,261.8,0.0,0.0
2025-01-27 01:00,262.8,0.0,0.0
2025-01-27 02:00,257.7,0.0,0.0
2025-01-27 03:00,259.2,0.0,0.0
2025-01-27 04:00,270.4,0.0,0.0
2025-01-27 05:00,243.7,0.0,0.0
2025-01-27 06:00,395.2,0.0,0.0
2025-01-27 07:00,522.5,151.65,0.0
2025-01-27 08:00,548.7,436.78,0.0
2025-01-27 09:00,514.2,557.91,-43.71
2025-01-27 10:00,604.3,732.72,-128.42
2025-01-27 11:00,528.1,826.92,-298.82
2025-01-27 12:00,512.0,790.78,-278.78
2025-01-27 13:00,571.3,687.57,-116.27
2025-01-27 14:00,530.7,620.91,-90.21
2025-01-27 15:00,519.3,429.66,0.0
2025-01-27 16:00,520.1,140.01,165.06
2025-01-27 17:00,475.2,0.0,260.17
2025-01-27 18:00,369.1,0.0,154.07
2025-01-27 19:00,363.7,0.0,148.67
2025-01-27 20:00,328.5,0.0,113.47
2025-01-27 21:00,306.3,0.0,0.0
2025-01-27 22:00,260.2,0.0,0.0
2025-01-27 23:00,274.2,0.0,0.0
2025-01-28 00:00,267.2,0.0,0.0
2025-01-28 01:00,251.9,0.0,0.0
2025-01-28 02:00,263.6,0.0,0.0
2025-01-28 03:00,264.3,0.0,0.0
2025-01-28 04:00,264.8,0.0,0.0
2025-01-28 05:00,266.0,0.0,0.0
2025-01-28 06:00,391.8,0.0,0.0
2025-01-28 07:00,537.4,137.04,0.0
2025-01-28 08:00,563.2,370.83,0.0
2025-01-28 09:00,527.7,564.56,-36.86
2025-01-28 10:00,551.8,661.7,-109.9
2025-01-28 11:00,562.4,765.58,-203.18
2025-01-28 12:00,542.4,725.27,-182.87
2025-01-28 13:00,561.1,630.56,-69.46
2025-01-28 14:00,578.3,567.8,0.0
2025-01-28 15:00,597.5,339.39,0.0
2025-01-28 16:00,573.0,128.44,150.19
2025-01-28 17:00,513.1,0.0,218.73
2025-01-28 18:00,376.6,0.0,82.23
2025-01-28 19:00,338.2,0.0,43.83
2025-01-28 20:00,329.4,0.0,35.03
2025-01-28 21:00,282.6,0.0,0.0
2025-01-28 22:00,261.0,0.0,0.0
2025-01-28 23:00,247.1,0.0,0.0
2025-01-29 00:00,253.7,0.0,0.0
2025-01-29 01:00,271.4,0.0,0.0
2025-01-29 02:00,252.8,0.0,0.0
2025-01-29 03:00,275.3,0.0,0.0
2025-01-29 04:00,262.2,0.0,0.0
2025-01-29 05:00,267.4,0.0,0.0
2025-01-29 06:00,395.3,0.0,0.0
2025-01-29 07:00,527.1,11.35,0.0
2025-01-29 08:00,510.6,42.31,0.0
2025-01-29 09:00,549.8,64.5,0.0
2025-01-29 10:00,545.4,85.04,0.0
2025-01-29 11:00,552.9,88.87,0.0
2025-01-29 12:00,555.1,94.08,0.0
2025-01-29 13:00,535.8,85.6,0.0
2025-01-29 14:00,544.1,64.87,0.0
2025-01-29 15:00,563.0,38.69,0.0
2025-01-29 16:00,497.9,11.08,0.0
2025-01-29 17:00,483.7,0.0,0.0
2025-01-29 18:00,371.6,0.0,0.0
2025-01-29 19:00,344.2,0.0,0.0
2025-01-29 20:00,326.3,0.0,0.0
2025-01-29 21:00,290.7,0.0,0.0
2025-01-29 22:00,268.1,0.0,0.0
2025-01-29 23:00,272.4,0.0,0.0
2025-01-30 00:00,252.2,0.0,0.0
2025-01-30 01:00,262.2,0.0,0.0
2025-01-30 02:00,265.1,0.0,0.0
2025-01-30 03:00,271.8,0.0,0.0
2025-01-30 04:00,265.5,0.0,0.0
2025-01-30 05:00,253.1,0.0,0.0
2025-01-30 06:00,393.5,0.0,0.0
2025-01-30 07:00,543.3,195.88,0.0
2025-01-30 08:00,566.2,492.93,0.0
2025-01-30 09:00,582.9,738.24,-155.34
2025-01-30 10:00,570.1,793.81,-223.71
2025-01-30 11:00,554.8,903.76,-348.96
2025-01-30 12:00,517.9,930.43,-412.53
2025-01-30 13:00,555.5,766.28,-210.78
2025-01-30 14:00,582.9,652.64,-69.74
2025-01-30 15:00,550.2,476.41,0.0
2025-01-30 16:00,536.7,195.04,211.65
2025-01-30 17:00,499.9,0.0,369.89
2025-01-30 18:00,389.3,0.0,259.29
2025-01-30 19:00,329.6,0.0,199.59
2025-01-30 20:00,340.1,0.0,210.09
2025-01-30 21:00,316.6,0.0,0.0
2025-01-30 22:00,263.9,0.0,0.0
2025-01-30 23:00,274.7,0.0,0.0
2025-01-31 00:00,256.0,0.0,0.0
2025-01-31 01:00,281.4,0.0,0.0
2025-01-31 02:00,248.5,0.0,0.0
2025-01-31 03:00,260.5,0.0,0.0
2025-01-31 04:00,276.0,0.0,0.0
2025-01-31 05:00,265.8,0.0,0.0
2025-01-31 06:00,409.9,0.0,0.0
2025-01-31 07:00,564.6,11.29,0.0
2025-01-31 08:00,561.9,42.09,0.0
2025-01-31 09:00,556.3,64.15,0.0
2025-01-31 10:00,552.9,83.2,0.0
2025-01-31 11:00,560.8,88.41,0.0
2025-01-31 12:00,546.6,86.72,0.0
2025-01-31 13:00,486.8,81.04,0.0
2025-01-31 14:00,533.8,61.77,0.0
2025-01-31 15:00,547.7,42.6,0.0
2025-01-31 16:00,540.5,12.4,0.0
2025-01-31 17:00,477.3,0.0,0.0
2025-01-31 18:00,400.8,0.0,0.0
2025-01-31 19:00,368.2,0.0,0.0
2025-01-31 20:00,329.8,0.0,0.0
2025-01-31 21:00,290.1,0.0,0.0
2025-01-31 22:00,235.6,0.0,0.0
2025-01-31 23:00,253.9,0.0,0.0
2025-02-01 00:00,254.2,0.0,0.0
2025-02-01 01:00,260.2,0.0,0.0
2025-02-01 02:00,252.8,0.0,0.0
2025-02-01 03:00,263.0,0.0,0.0
2025-02-01 04:00,254.4,0.0,0.0
2025-02-01 05:00,251.2,0.0,0.0
2025-02-01 06:00,389.1,0.0,0.0
2025-02-01 07:00,361.3,28.27,0.0
2025-02-01 08:00,378.7,102.17,0.0
2025-02-01 09:00,385.0,166.24,0.0
2025-02-01 10:00,380.2,202.18,0.0
2025-02-01 11:00,378.0,220.27,0.0
2025-02-01 12:00,370.5,219.26,0.0
2025-02-01 13:00,393.9,199.87,0.0
2025-02-01 14:00,369.5,159.23,0.0
2025-02-01 15:00,252.0,101.0,0.0
2025-02-01 16:00,234.6,30.22,0.0
2025-02-01 17:00,263.4,0.0,0.0
2025-02-01 18:00,276.3,0.0,0.0
2025-02-01 19:00,269.6,0.0,0.0
2025-02-01 20:00,246.3,0.0,0.0
2025-02-01 21:00,272.6,0.0,0.0
2025-02-01 22:00,244.5,0.0,0.0
2025-02-01 23:00,249.7,0.0,0.0
2025-02-02 00:00,269.4,0.0,0.0
2025-02-02 01:00,249.5,0.0,0.0
2025-02-02 02:00,280.9,0.0,0.0
2025-02-02 03:00,253.6,0.0,0.0
2025-02-02 04:00,265.9,0.0,0.0
2025-02-02 05:00,259.6,0.0,0.0
2025-02-02 06:00,278.9,0.0,0.0
2025-02-02 07:00,264.4,221.66,0.0
2025-02-02 08:00,257.7,509.03,-251.33
2025-02-02 09:00,247.0,759.69,-500.0
2025-02-02 10:00,275.7,913.85,-500.0
2025-02-02 11:00,253.1,978.1,-500.0
2025-02-02 12:00,283.6,955.51,-274.08
2025-02-02 13:00,256.4,904.23,-0.0
2025-02-02 14:00,264.3,750.95,-0.0
2025-02-02 15:00,275.3,493.23,-0.0
2025-02-02 16:00,254.7,202.18,52.52
2025-02-02 17:00,276.7,0.0,276.7
2025-02-02 18:00,253.0,0.0,253.0
2025-02-02 19:00,264.9,0.0,264.9
2025-02-02 20:00,266.6,0.0,266.6
2025-02-02 21:00,278.7,0.0,0.0
2025-02-02 22:00,267.7,0.0,0.0
2025-02-02 23:00,256.2,0.0,0.0
2025-02-03 00:00,245.9,0.0,0.0
2025-02-03 01:00,272.4,0.0,0.0
2025-02-03 02:00,284.2,0.0,0.0
2025-02-03 03:00,242.5,0.0,0.0
2025-02-03 04:00,258.1,0.0,0.0
2025-02-03 05:00,263.3,0.0,0.0
2025-02-03 06:00,401.0,0.0,0.0
2025-02-03 07:00,542.7,150.9,0.0
2025-02-03 08:00,559.2,389.27,0.0
2025-02-03 09:00,540.8,562.23,-21.43
2025-02-03 10:00,571.4,665.07,-93.67
2025-02-03 11:00,530.8,760.77,-229.97
2025-02-03 12:00,517.3,735.64,-218.34
2025-02-03 13:00,512.9,701.67,-188.77
2025-02-03 14:00,514.6,527.09,-12.49
2025-02-03 15:00,600.9,359.44,0.0
2025-02-03 16:00,492.6,153.32,221.19
2025-02-03 17:00,488.2,0.0,370.11
2025-02-03 18:00,380.4,0.0,262.31
2025-02-03 19:00,365.1,0.0,247.01
2025-02-03 20:00,359.0,0.0,240.91
2025-02-03 21:00,283.8,0.0,0.0
2025-02-03 22:00,256.6,0.0,0.0
2025-02-03 23:00,275.5,0.0,0.0
2025-02-04 00:00,255.1,0.0,0.0
2025-02-04 01:00,249.6,0.0,0.0
2025-02-04 02:00,271.2,0.0,0.0
2025-02-04 03:00,270.1,0.0,0.0
2025-02-04 04:00,251.6,0.0,0.0
2025-02-04 05:00,256.4,0.0,0.0
2025-02-04 06:00,425.3,0.0,0.0
2025-02-04 07:00,538.6,174.32,0.0
2025-02-04 08:00,539.5,442.4,0.0
2025-02-04 09:00,529.0,631.4,-102.4
2025-02-04 10:00,553.8,731.23,-177.43
2025-02-04 11:00,531.8,890.29,-358.49
2025-02-04 12:00,495.2,836.54,-341.34
2025-02-04 13:00,559.1,723.69,-164.59
2025-02-04 14:00,555.8,635.92,-80.12
2025-02-04 15:00,555.5,442.08,0.0
2025-02-04 16:00,548.0,186.84,190.32
2025-02-04 17:00,470.9,0.0,300.06
2025-02-04 18:00,388.3,0.0,217.46
2025-02-04 19:00,361.6,0.0,190.76
2025-02-04 20:00,349.7,0.0,178.86
2025-02-04 21:00,299.1,0.0,0.0
2025-02-04 22:00,272.3,0.0,0.0
2025-02-04 23:00,264.9,0.0,0.0
2025-02-05 00:00,250.3,0.0,0.0
2025-02-05 01:00,246.3,0.0,0.0
2025-02-05 02:00,266.3,0.0,0.0
2025-02-05 03:00,271.6,0.0,0.0
2025-02-05 04:00,259.8,0.0,0.0
2025-02-05 05:00,276.7,0.0,0.0
2025-02-05 06:00,377.5,0.0,0.0
2025-02-05 07:00,571.6,105.44,0.0
2025-02-05 08:00,556.6,268.8,0.0
2025-02-05 09:00,522.6,406.65,0.0
2025-02-05 10:00,536.3,483.47,0.0
2025-02-05 11:00,543.7,529.06,0.0
2025-02-05 12:00,512.5,545.18,-32.68
2025-02-05 13:00,530.0,466.39,0.0
2025-02-05 14:00,545.0,401.73,0.0
2025-02-05 15:00,607.9,259.73,0.0
2025-02-05 16:00,563.9,97.06,0.0
2025-02-05 17:00,516.3,0.0,28.76
2025-02-05 18:00,383.2,0.0,0.0
2025-02-05 19:00,358.9,0.0,0.0
2025-02-05 20:00,341.3,0.0,0.0
2025-02-05 21:00,297.9,0.0,0.0
2025-02-05 22:00,269.5,0.0,0.0
2025-02-05 23:00,279.8,0.0,0.0
2025-02-06 00:00,251.6,0.0,0.0
2025-02-06 01:00,267.1,0.0,0.0
2025-02-06 02:00,265.3,0.0,0.0
2025-02-06 03:00,252.5,0.0,0.0
2025-02-06 04:00,254.5,0.0,0.0
2025-02-06 05:00,254.6,0.0,0.0
2025-02-06 06:00,407.1,0.0,0.0
2025-02-06 07:00,538.0,121.05,0.0
2025-02-06 08:00,587.4,316.45,0.0
2025-02-06 09:00,571.6,457.1,0.0
2025-02-06 10:00,542.0,505.05,0.0
2025-02-06 11:00,555.8,573.63,-17.83
2025-02-06 12:00,509.1,604.65,-95.55
2025-02-06 13:00,541.6,522.17,0.0
2025-02-06 14:00,546.0,401.81,0.0
2025-02-06 15:00,561.6,289.85,0.0
2025-02-06 16:00,578.8,108.16,53.21
2025-02-06 17:00,464.0,0.0,46.57
2025-02-06 18:00,365.8,0.0,0.0
2025-02-06 19:00,352.8,0.0,0.0
2025-02-06 20:00,347.4,0.0,0.0
2025-02-06 21:00,334.0,0.0,0.0
2025-02-06 22:00,272.1,0.0,0.0
2025-02-06 23:00,249.9,0.0,0.0
2025-02-07 00:00,281.9,0.0,0.0
2025-02-07 01:00,267.4,0.0,0.0
2025-02-07 02:00,266.7,0.0,0.0
2025-02-07 03:00,274.9,0.0,0.0
2025-02-07 04:00,233.4,0.0,0.0
2025-02-07 05:00,263.3,0.0,0.0
2025-02-07 06:00,404.0,0.0,0.0
2025-02-07 07:00,544.1,193.7,0.0
2025-02-07 08:00,556.7,441.92,0.0
2025-02-07 09:00,557.2,631.79,-74.59
2025-02-07 10:00,486.2,742.07,-255.87
2025-02-07 11:00,540.7,893.48,-352.78
2025-02-07 12:00,531.9,842.09,-310.19
2025-02-07 13:00,514.0,725.76,-211.76
2025-02-07 14:00,569.5,638.48,-68.98
2025-02-07 15:00,553.0,442.89,0.0
2025-02-07 16:00,520.8,182.96,184.27
2025-02-07 17:00,494.7,0.0,341.13
2025-02-07 18:00,350.1,0.0,196.53
2025-02-07 19:00,355.2,0.0,201.63
2025-02-07 20:00,351.3,0.0,197.73
2025-02-07 21:00,313.3,0.0,0.0
2025-02-07 22:00,246.0,0.0,0.0
2025-02-07 23:00,249.8,0.0,0.0
2025-02-08 00:00,248.6,0.0,0.0
2025-02-08 01:00,264.3,0.0,0.0
2025-02-08 02:00,254.5,0.0,0.0
2025-02-08 03:00,265.4,0.0,0.0
2025-02-08 04:00,249.6,0.0,0.0
2025-02-08 05:00,262.9,0.0,0.0
2025-02-08 06:00,367.8,0.0,0.0
2025-02-08 07:00,354.7,132.43,0.0
2025-02-08 08:00,390.2,332.82,0.0
2025-02-08 09:00,395.2,457.35,-62.15
2025-02-08 10:00,410.9,535.38,-124.48
2025-02-08 11:00,363.9,625.41,-261.51
2025-02-08 12:00,407.6,623.8,-216.2
2025-02-08 13:00,382.9,537.33,-154.43
2025-02-08 14:00,412.9,462.85,-49.95
2025-02-08 15:00,290.2,331.37,-41.17
2025-02-08 16:00,293.4,124.67,77.88
2025-02-08 17:00,308.7,0.0,217.85
2025-02-08 18:00,263.3,0.0,172.45
2025-02-08 19:00,261.5,0.0,170.65
2025-02-08 20:00,252.7,0.0,161.85
2025-02-08 21:00,257.7,0.0,0.0
2025-02-08 22:00,253.4,0.0,0.0
2025-02-08 23:00,254.3,0.0,0.0
2025-02-09 00:00,271.2,0.0,0.0
2025-02-09 01:00,263.3,0.0,0.0
2025-02-09 02:00,273.2,0.0,0.0
2025-02-09 03:00,267.9,0.0,0.0
2025-02-09 04:00,243.0,0.0,0.0
2025-02-09 05:00,268.4,0.0,0.0
2025-02-09 06:00,270.7,0.0,0.0
2025-02-09 07:00,259.4,184.83,0.0
2025-02-09 08:00,270.7,418.98,-148.28
2025-02-09 09:00,267.1,594.74,-327.64
2025-02-09 10:00,264.1,775.13,-500.0
2025-02-09 11:00,266.7,782.94,-500.0
2025-02-09 12:00,265.6,758.09,-492.49
2025-02-09 13:00,255.7,736.96,-57.0
2025-02-09 14:00,270.0,640.12,-0.0
2025-02-09 15:00,255.6,409.54,-0.0
2025-02-09 16:00,261.8,181.04,80.76
2025-02-09 17:00,256.4,0.0,256.4
2025-02-09 18:00,253.0,0.0,253.0
2025-02-09 19:00,259.6,0.0,259.6
2025-02-09 20:00,266.1,0.0,266.1
2025-02-09 21:00,250.5,0.0,0.0
2025-02-09 22:00,270.6,0.0,0.0
2025-02-09 23:00,252.2,0.0,0.0
2025-02-10 00:00,255.8,0.0,0.0
2025-02-10 01:00,257.3,0.0,0.0
2025-02-10 02:00,271.6,0.0,0.0
2025-02-10 03:00,258.0,0.0,0.0
2025-02-10 04:00,255.6,0.0,0.0
2025-02-10 05:00,285.6,0.0,0.0
2025-02-10 06:00,415.6,0.0,0.0
2025-02-10 07:00,544.1,104.82,0.0
2025-02-10 08:00,539.9,235.11,0.0
2025-02-10 09:00,556.3,357.36,0.0
2025-02-10 10:00,556.9,446.71,0.0
2025-02-10 11:00,514.4,475.34,0.0
2025-02-10 12:00,547.8,477.32,0.0
2025-02-10 13:00,596.0,437.4,0.0
2025-02-10 14:00,552.3,356.55,0.0
2025-02-10 15:00,611.6,243.72,0.0
2025-02-10 16:00,571.9,97.85,190.72
2025-02-10 17:00,496.2,0.0,212.87
2025-02-10 18:00,392.2,0.0,108.87
2025-02-10 19:00,381.9,0.0,98.57
2025-02-10 20:00,338.8,0.0,55.47
2025-02-10 21:00,309.2,0.0,0.0
2025-02-10 22:00,257.6,0.0,0.0
2025-02-10 23:00,273.4,0.0,0.0
2025-02-11 00:00,252.8,0.0,0.0
2025-02-11 01:00,273.7,0.0,0.0
2025-02-11 02:00,251.2,0.0,0.0
2025-02-11 03:00,258.3,0.0,0.0
2025-02-11 04:00,274.2,0.0,0.0
2025-02-11 05:00,254.9,0.0,0.0
2025-02-11 06:00,440.1,0.0,0.0
2025-02-11 07:00,495.4,176.76,0.0
2025-02-11 08:00,565.1,414.68,0.0
2025-02-11 09:00,520.0,537.03,-17.03
2025-02-11 10:00,512.9,669.02,-156.12
2025-02-11 11:00,532.5,760.28,-227.78
2025-02-11 12:00,534.6,726.24,-191.64
2025-02-11 13:00,551.8,686.63,-134.83
2025-02-11 14:00,564.7,552.39,0.0
2025-02-11 15:00,565.9,377.36,0.0
2025-02-11 16:00,503.1,172.89,93.01
2025-02-11 17:00,481.5,0.0,244.3
2025-02-11 18:00,365.1,0.0,127.9
2025-02-11 19:00,343.3,0.0,106.1
2025-02-11 20:00,306.0,0.0,68.8
2025-02-11 21:00,287.8,0.0,0.0
2025-02-11 22:00,254.1,0.0,0.0
2025-02-11 23:00,256.5,0.0,0.0
2025-02-12 00:00,275.7,0.0,0.0
2025-02-12 01:00,260.4,0.0,0.0
2025-02-12 02:00,248.8,0.0,0.0
2025-02-12 03:00,272.1,0.0,0.0
2025-02-12 04:00,248.0,0.0,0.0
2025-02-12 05:00,257.1,0.0,0.0
2025-02-12 06:00,407.0,0.0,0.0
2025-02-12 07:00,513.1,149.86,0.0
2025-02-12 08:00,559.1,322.53,0.0
2025-02-12 09:00,554.2,466.87,0.0
2025-02-12 10:00,549.4,596.41,-47.01
2025-02-12 11:00,587.4,659.34,-71.94
2025-02-12 12:00,550.3,642.43,-92.13
2025-02-12 13:00,605.7,630.07,-24.37
2025-02-12 14:00,549.6,495.42,0.0
2025-02-12 15:00,588.4,351.28,0.0
2025-02-12 16:00,567.6,152.17,42.22
2025-02-12 17:00,493.9,0.0,120.69
2025-02-12 18:00,417.5,0.0,44.29
2025-02-12 19:00,352.3,0.0,0.0
2025-02-12 20:00,345.5,0.0,0.0
2025-02-12 21:00,289.8,0.0,0.0
2025-02-12 22:00,263.7,0.0,0.0
2025-02-12 23:00,251.5,0.0,0.0
2025-02-13 00:00,251.9,0.0,0.0
2025-02-13 01:00,239.4,0.0,0.0
2025-02-13 02:00,278.6,0.0,0.0
2025-02-13 03:00,242.9,0.0,0.0
2025-02-13 04:00,267.2,0.0,0.0
2025-02-13 05:00,258.7,0.0,0.0
2025-02-13 06:00,406.8,0.0,0.0
2025-02-13 07:00,553.5,171.15,0.0
2025-02-13 08:00,588.8,359.74,0.0
2025-02-13 09:00,555.0,556.19,-1.19
2025-02-13 10:00,533.3,644.17,-110.87
2025-02-13 11:00,548.9,719.2,-170.3
2025-02-13 12:00,533.2,714.54,-181.34
2025-02-13 13:00,587.3,659.4,-72.1
2025-02-13 14:00,546.3,505.5,0.0
2025-02-13 15:00,549.7,363.8,0.0
2025-02-13 16:00,588.2,175.42,116.42
2025-02-13 17:00,470.1,0.0,173.74
2025-02-13 18:00,386.0,0.0,89.64
2025-02-13 19:00,340.3,0.0,43.94
2025-02-13 20:00,344.1,0.0,47.74
2025-02-13 21:00,292.1,0.0,0.0
2025-02-13 22:00,263.5,0.0,0.0
2025-02-13 23:00,261.0,0.0,0.0
2025-02-14 00:00,276.3,0.0,0.0
2025-02-14 01:00,265.0,0.0,0.0
2025-02-14 02:00,263.5,0.0,0.0
2025-02-14 03:00,253.6,0.0,0.0
2025-02-14 04:00,273.8,0.0,0.0
2025-02-14 05:00,264.4,0.0,0.0
2025-02-14 06:00,425.0,0.0,0.0
2025-02-14 07:00,529.7,212.8,0.0
2025-02-14 08:00,548.3,471.94,0.0
2025-02-14 09:00,562.3,636.52,-74.22
2025-02-14 10:00,571.3,779.88,-208.58
2025-02-14 11:00,540.1,862.96,-322.86
2025-02-14 12:00,551.3,799.69,-248.39
2025-02-14 13:00,557.0,782.27,-225.27
2025-02-14 14:00,594.7,627.55,-32.85
2025-02-14 15:00,600.9,448.69,0.0
2025-02-14 16:00,550.3,214.58,133.8
2025-02-14 17:00,521.4,0.0,319.48
2025-02-14 18:00,409.9,0.0,207.98
2025-02-14 19:00,378.8,0.0,176.88
2025-02-14 20:00,342.5,0.0,140.58
2025-02-14 21:00,298.1,0.0,0.0
2025-02-14 22:00,270.1,0.0,0.0
2025-02-14 23:00,258.2,0.0,0.0
2025-02-15 00:00,250.5,0.0,0.0
2025-02-15 01:00,260.1,0.0,0.0
2025-02-15 02:00,260.8,0.0,0.0
2025-02-15 03:00,260.0,0.0,0.0
2025-02-15 04:00,268.2,0.0,0.0
2025-02-15 05:00,267.8,0.0,0.0
2025-02-15 06:00,355.0,0.0,0.0
2025-02-15 07:00,366.7,61.5,0.0
2025-02-15 08:00,358.9,139.66,0.0
2025-02-15 09:00,370.0,205.26,0.0
2025-02-15 10:00,372.5,260.55,0.0
2025-02-15 11:00,355.9,255.2,0.0
2025-02-15 12:00,387.0,271.5,0.0
2025-02-15 13:00,390.4,270.8,0.0
2025-02-15 14:00,380.3,199.14,0.0
2025-02-15 15:00,271.1,130.93,0.0
2025-02-15 16:00,266.5,57.03,0.0
2025-02-15 17:00,259.7,0.0,0.0
2025-02-15 18:00,251.0,0.0,0.0
2025-02-15 19:00,276.8,0.0,0.0
2025-02-15 20:00,265.4,0.0,0.0
2025-02-15 21:00,234.6,0.0,0.0
2025-02-15 22:00,258.5,0.0,0.0
2025-02-15 23:00,266.4,0.0,0.0
2025-02-16 00:00,242.6,0.0,0.0
2025-02-16 01:00,245.4,0.0,0.0
2025-02-16 02:00,264.0,0.0,0.0
2025-02-16 03:00,255.7,0.0,0.0
2025-02-16 04:00,273.5,0.0,0.0
2025-02-16 05:00,264.8,0.0,0.0
2025-02-16 06:00,246.4,0.0,0.0
2025-02-16 07:00,251.5,157.73,0.0
2025-02-16 08:00,242.2,383.89,-141.69
2025-02-16 09:00,261.8,555.21,-293.41
2025-02-16 10:00,260.9,614.98,-354.08
2025-02-16 11:00,273.1,712.07,-438.97
2025-02-16 12:00,277.4,681.1,-403.7
2025-02-16 13:00,266.8,588.07,-321.27
2025-02-16 14:00,271.2,504.89,-72.29
2025-02-16 15:00,286.0,358.7,-0.0
2025-02-16 16:00,282.2,162.48,119.72
2025-02-16 17:00,258.1,0.0,258.1
2025-02-16 18:00,284.3,0.0,284.3
2025-02-16 19:00,270.4,0.0,270.4
2025-02-16 20:00,271.5,0.0,271.5
2025-02-16 21:00,257.6,0.0,0.0
2025-02-16 22:00,261.8,0.0,0.0
2025-02-16 23:00,253.4,0.0,0.0
2025-02-17 00:00,260.0,0.0,0.0
2025-02-17 01:00,277.3,0.0,0.0
2025-02-17 02:00,267.3,0.0,0.0
2025-02-17 03:00,277.8,0.0,0.0
2025-02-17 04:00,251.4,0.0,0.0
2025-02-17 05:00,262.4,0.0,0.0
2025-02-17 06:00,408.4,0.0,0.0
2025-02-17 07:00,534.4,192.65,0.0
2025-02-17 08:00,548.6,415.45,0.0
2025-02-17 09:00,554.7,549.93,0.0
2025-02-17 10:00,570.0,654.12,-84.12
2025-02-17 11:00,592.5,728.9,-136.4
2025-02-17 12:00,567.6,728.92,-161.32
2025-02-17 13:00,503.9,632.93,-129.03
2025-02-17 14:00,587.8,545.79,0.0
2025-02-17 15:00,548.6,366.02,0.0
2025-02-17 16:00,521.3,175.18,160.88
2025-02-17 17:00,514.0,0.0,328.76
2025-02-17 18:00,377.7,0.0,192.46
2025-02-17 19:00,362.7,0.0,177.46
2025-02-17 20:00,353.6,0.0,168.36
2025-02-17 21:00,313.2,0.0,0.0
2025-02-17 22:00,257.4,0.0,0.0
2025-02-17 23:00,260.3,0.0,0.0
2025-02-18 00:00,272.8,0.0,0.0
2025-02-18 01:00,267.8,0.0,0.0
2025-02-18 02:00,265.5,0.0,0.0
2025-02-18 03:00,242.5,0.0,0.0
2025-02-18 04:00,247.2,0.0,0.0
2025-02-18 05:00,271.0,0.0,0.0
2025-02-18 06:00,401.7,0.0,0.0
2025-02-18 07:00,557.9,180.75,0.0
2025-02-18 08:00,566.8,384.95,0.0
2025-02-18 09:00,495.9,536.32,-40.42
2025-02-18 10:00,544.5,644.23,-99.73
2025-02-18 11:00,573.4,744.72,-171.32
2025-02-18 12:00,548.5,732.06,-183.56
2025-02-18 13:00,557.7,607.02,-49.32
2025-02-18 14:00,592.0,493.82,0.0
2025-02-18 15:00,602.2,364.32,0.0
2025-02-18 16:00,561.3,183.35,74.15
2025-02-18 17:00,515.0,0.0,211.2
2025-02-18 18:00,410.3,0.0,106.5
2025-02-18 19:00,366.5,0.0,62.7
2025-02-18 20:00,328.3,0.0,24.5
2025-02-18 21:00,315.5,0.0,0.0
2025-02-18 22:00,261.4,0.0,0.0
2025-02-18 23:00,252.0,0.0,0.0
2025-02-19 00:00,263.5,0.0,0.0
2025-02-19 01:00,257.9,0.0,0.0
2025-02-19 02:00,273.3,0.0,0.0
2025-02-19 03:00,245.5,0.0,0.0
2025-02-19 04:00,249.3,0.0,0.0
2025-02-19 05:00,257.0,0.0,0.0
2025-02-19 06:00,438.1,0.0,0.0
2025-02-19 07:00,517.4,159.71,0.0
2025-02-19 08:00,580.5,349.29,0.0
2025-02-19 09:00,569.3,475.84,0.0
2025-02-19 10:00,558.0,616.76,-58.76
2025-02-19 11:00,532.9,616.76,-83.86
2025-02-19 12:00,549.2,620.46,-71.26
2025-02-19 13:00,540.3,578.63,-38.33
2025-02-19 14:00,552.2,475.07,0.0
2025-02-19 15:00,523.4,343.41,0.0
2025-02-19 16:00,506.6,161.96,8.28
2025-02-19 17:00,490.2,0.0,153.84
2025-02-19 18:00,376.1,0.0,39.74
2025-02-19 19:00,352.5,0.0,16.14
2025-02-19 20:00,340.3,0.0,3.94
2025-02-19 21:00,304.8,0.0,0.0
2025-02-19 22:00,266.4,0.0,0.0
2025-02-19 23:00,250.0,0.0,0.0
2025-02-20 00:00,256.5,0.0,0.0
2025-02-20 01:00,260.7,0.0,0.0
2025-02-20 02:00,260.5,0.0,0.0
2025-02-20 03:00,264.0,0.0,0.0
2025-02-20 04:00,265.9,0.0,0.0
2025-02-20 05:00,267.6,0.0,0.0
2025-02-20 06:00,404.3,0.0,0.0
2025-02-20 07:00,534.1,218.98,0.0
2025-02-20 08:00,556.2,445.76,0.0
2025-02-20 09:00,553.8,634.14,-80.34
2025-02-20 10:00,541.3,788.43,-247.13
2025-02-20 11:00,523.5,816.42,-292.92
2025-02-20 12:00,528.8,828.34,-299.54
2025-02-20 13:00,548.6,728.47,-179.87
2025-02-20 14:00,558.2,619.61,-61.41
2025-02-20 15:00,563.5,444.27,0.0
2025-02-20 16:00,562.5,215.44,165.42
2025-02-20 17:00,486.9,0.0,305.26
2025-02-20 18:00,380.8,0.0,199.16
2025-02-20 19:00,359.5,0.0,177.86
2025-02-20 20:00,355.8,0.0,174.16
2025-02-20 21:00,324.5,0.0,0.0
2025-02-20 22:00,254.2,0.0,0.0
2025-02-20 23:00,263.3,0.0,0.0
2025-02-21 00:00,251.3,0.0,0.0
2025-02-21 01:00,262.0,0.0,0.0
2025-02-21 02:00,256.2,0.0,0.0
2025-02-21 03:00,248.6,0.0,0.0
2025-02-21 04:00,257.3,0.0,0.0
2025-02-21 05:00,266.1,0.0,0.0
2025-02-21 06:00,390.2,0.0,0.0
2025-02-21 07:00,525.2,146.03,0.0
2025-02-21 08:00,548.7,305.02,0.0
2025-02-21 09:00,535.4,434.06,0.0
2025-02-21 10:00,586.5,491.58,0.0
2025-02-21 11:00,546.4,581.44,-35.04
2025-02-21 12:00,523.5,516.48,0.0
2025-02-21 13:00,547.4,484.9,0.0
2025-02-21 14:00,582.6,424.06,0.0
2025-02-21 15:00,586.3,289.54,0.0
2025-02-21 16:00,582.8,131.27,0.0
2025-02-21 17:00,490.2,0.0,30.84
2025-02-21 18:00,406.4,0.0,0.0
2025-02-21 19:00,375.5,0.0,0.0
2025-02-21 20:00,334.1,0.0,0.0
2025-02-21 21:00,312.8,0.0,0.0
2025-02-21 22:00,254.3,0.0,0.0
2025-02-21 23:00,260.9,0.0,0.0
2025-02-22 00:00,246.2,0.0,0.0
2025-02-22 01:00,268.5,0.0,0.0
2025-02-22 02:00,256.6,0.0,0.0
2025-02-22 03:00,251.2,0.0,0.0
2025-02-22 04:00,262.4,0.0,0.0
2025-02-22 05:00,269.1,0.0,0.0
2025-02-22 06:00,385.9,0.0,0.0
2025-02-22 07:00,389.7,168.16,0.0
2025-02-22 08:00,384.9,341.06,0.0
2025-02-22 09:00,415.9,502.16,-86.26
2025-02-22 10:00,365.3,559.08,-193.78
2025-02-22 11:00,408.3,657.87,-249.57
2025-02-22 12:00,389.5,611.41,-221.91
2025-02-22 13:00,382.6,602.64,-220.04
2025-02-22 14:00,374.1,494.98,-120.88
2025-02-22 15:00,260.2,330.19,-69.99
2025-02-22 16:00,265.9,166.01,72.14
2025-02-22 17:00,271.8,0.0,244.05
2025-02-22 18:00,266.0,0.0,238.25
2025-02-22 19:00,258.4,0.0,230.65
2025-02-22 20:00,265.6,0.0,237.85
2025-02-22 21:00,250.1,0.0,0.0
2025-02-22 22:00,240.5,0.0,0.0
2025-02-22 23:00,271.8,0.0,0.0
2025-02-23 00:00,243.5,0.0,0.0
2025-02-23 01:00,250.0,0.0,0.0
2025-02-23 02:00,258.3,0.0,0.0
2025-02-23 03:00,250.8,0.0,0.0
2025-02-23 04:00,272.5,0.0,0.0
2025-02-23 05:00,264.3,0.0,0.0
2025-02-23 06:00,248.1,0.0,0.0
2025-02-23 07:00,259.6,236.89,0.0
2025-02-23 08:00,258.6,482.15,-223.55
2025-02-23 09:00,246.6,632.76,-386.16
2025-02-23 10:00,248.6,769.28,-500.0
2025-02-23 11:00,267.5,818.8,-500.0
2025-02-23 12:00,254.2,803.06,-415.7
2025-02-23 13:00,260.9,751.97,-0.0
2025-02-23 14:00,276.0,660.38,-0.0
2025-02-23 15:00,265.8,463.87,-0.0
2025-02-23 16:00,273.8,227.4,46.4
2025-02-23 17:00,250.0,0.0,250.0
2025-02-23 18:00,262.0,0.0,262.0
2025-02-23 19:00,261.4,0.0,261.4
2025-02-23 20:00,277.1,0.0,277.1
2025-02-23 21:00,250.6,0.0,0.0
2025-02-23 22:00,252.3,0.0,0.0
2025-02-23 23:00,274.2,0.0,0.0
2025-02-24 00:00,267.5,0.0,0.0
2025-02-24 01:00,255.9,0.0,0.0
2025-02-24 02:00,263.8,0.0,0.0
2025-02-24 03:00,285.0,0.0,0.0
2025-02-24 04:00,259.5,0.0,0.0
2025-02-24 05:00,251.2,0.0,0.0
2025-02-24 06:00,437.6,0.0,0.0
2025-02-24 07:00,568.0,287.38,0.0
2025-02-24 08:00,574.0,535.45,0.0
2025-02-24 09:00,550.8,771.65,-220.85
2025-02-24 10:00,592.7,876.7,-284.0
2025-02-24 11:00,574.3,940.46,-366.16
2025-02-24 12:00,543.5,890.76,-347.26
2025-02-24 13:00,553.0,905.43,-28.21
2025-02-24 14:00,563.2,697.99,-0.0
2025-02-24 15:00,561.9,530.75,0.0
2025-02-24 16:00,582.6,268.67,294.22
2025-02-24 17:00,512.3,0.0,492.59
2025-02-24 18:00,366.3,0.0,346.59
2025-02-24 19:00,337.8,0.0,318.09
2025-02-24 20:00,350.6,0.0,330.89
2025-02-24 21:00,300.6,0.0,0.0
2025-02-24 22:00,265.9,0.0,0.0
2025-02-24 23:00,248.5,0.0,0.0
2025-02-25 00:00,280.1,0.0,0.0
2025-02-25 01:00,242.4,0.0,0.0
2025-02-25 02:00,256.0,0.0,0.0
2025-02-25 03:00,257.2,0.0,0.0
2025-02-25 04:00,242.0,0.0,0.0
2025-02-25 05:00,265.5,0.0,0.0
2025-02-25 06:00,423.8,0.0,0.0
2025-02-25 07:00,552.9,208.2,0.0
2025-02-25 08:00,564.1,441.56,0.0
2025-02-25 09:00,585.2,575.7,0.0
2025-02-25 10:00,581.7,725.11,-143.41
2025-02-25 11:00,537.5,726.95,-189.45
2025-02-25 12:00,508.7,803.27,-294.57
2025-02-25 13:00,558.8,669.66,-110.86
2025-02-25 14:00,527.7,588.99,-61.29
2025-02-25 15:00,579.9,398.25,0.0
2025-02-25 16:00,571.0,213.9,111.69
2025-02-25 17:00,505.1,0.0,259.69
2025-02-25 18:00,372.1,0.0,126.69
2025-02-25 19:00,373.2,0.0,127.79
2025-02-25 20:00,323.2,0.0,77.79
2025-02-25 21:00,290.0,0.0,0.0
2025-02-25 22:00,262.0,0.0,0.0
2025-02-25 23:00,240.9,0.0,0.0
2025-02-26 00:00,270.9,0.0,0.0
2025-02-26 01:00,262.8,0.0,0.0
2025-02-26 02:00,262.5,0.0,0.0
2025-02-26 03:00,263.4,0.0,0.0
2025-02-26 04:00,264.4,0.0,0.0
2025-02-26 05:00,278.0,0.0,0.0
2025-02-26 06:00,429.0,0.0,0.0
2025-02-26 07:00,555.5,232.81,0.0
2025-02-26 08:00,537.0,454.48,0.0
2025-02-26 09:00,548.8,658.47,-109.67
2025-02-26 10:00,540.6,752.16,-211.56
2025-02-26 11:00,535.1,822.37,-287.27
2025-02-26 12:00,553.7,830.83,-277.13
2025-02-26 13:00,516.2,727.48,-211.28
2025-02-26 14:00,554.7,635.41,-80.71
2025-02-26 15:00,590.5,420.95,0.0
2025-02-26 16:00,552.3,223.5,160.18
2025-02-26 17:00,487.7,0.0,319.08
2025-02-26 18:00,382.7,0.0,214.08
2025-02-26 19:00,340.4,0.0,171.78
2025-02-26 20:00,339.8,0.0,171.18
2025-02-26 21:00,298.6,0.0,0.0
2025-02-26 22:00,257.4,0.0,0.0
2025-02-26 23:00,241.1,0.0,0.0
2025-02-27 00:00,233.5,0.0,0.0
2025-02-27 01:00,258.0,0.0,0.0
2025-02-27 02:00,257.8,0.0,0.0
2025-02-27 03:00,268.3,0.0,0.0
2025-02-27 04:00,246.7,0.0,0.0
2025-02-27 05:00,253.6,0.0,0.0
2025-02-27 06:00,419.3,0.0,0.0
2025-02-27 07:00,548.6,213.35,0.0
2025-02-27 08:00,559.8,403.8,0.0
2025-02-27 09:00,543.2,576.63,-33.43
2025-02-27 10:00,570.4,722.4,-152.0
2025-02-27 11:00,531.8,721.48,-189.68
2025-02-27 12:00,503.4,725.88,-222.48
2025-02-27 13:00,551.7,639.46,-87.76
2025-02-27 14:00,559.5,532.98,0.0
2025-02-27 15:00,598.0,398.25,0.0
2025-02-27 16:00,529.3,199.47,70.15
2025-02-27 17:00,500.3,0.0,240.62
2025-02-27 18:00,373.6,0.0,113.92
2025-02-27 19:00,356.5,0.0,96.82
2025-02-27 20:00,341.3,0.0,81.62
2025-02-27 21:00,304.0,0.0,0.0
2025-02-27 22:00,249.4,0.0,0.0
2025-02-27 23:00,261.5,0.0,0.0
2025-02-28 00:00,247.5,0.0,0.0
2025-02-28 01:00,278.7,0.0,0.0
2025-02-28 02:00,269.9,0.0,0.0
2025-02-28 03:00,251.4,0.0,0.0
2025-02-28 04:00,270.4,0.0,0.0
2025-02-28 05:00,268.0,0.0,0.0
2025-02-28 06:00,395.5,0.0,0.0
2025-02-28 07:00,557.0,136.58,0.0
2025-02-28 08:00,516.0,248.76,0.0
2025-02-28 09:00,546.4,378.23,0.0
2025-02-28 10:00,535.8,453.72,0.0
2025-02-28 11:00,547.2,482.56,0.0
2025-02-28 12:00,532.0,473.91,0.0
2025-02-28 13:00,550.6,452.74,0.0
2025-02-28 14:00,560.7,364.49,0.0
2025-02-28 15:00,538.8,274.42,0.0
2025-02-28 16:00,564.1,127.27,0.0
2025-02-28 17:00,485.7,0.0,0.0
2025-02-28 18:00,381.0,0.0,0.0
2025-02-28 19:00,341.7,0.0,0.0
2025-02-28 20:00,342.7,0.0,0.0
2025-02-28 21:00,284.9,0.0,0.0
2025-02-28 22:00,272.7,0.0,0.0
2025-02-28 23:00,264.9,0.0,0.0
2025-03-01 00:00,250.0,0.0,0.0
2025-03-01 01:00,251.9,0.0,0.0
2025-03-01 02:00,247.2,0.0,0.0
2025-03-01 03:00,288.8,0.0,0.0
2025-03-01 04:00,265.5,0.0,0.0
2025-03-01 05:00,255.7,0.0,0.0
2025-03-01 06:00,396.8,0.0,0.0
2025-03-01 07:00,376.3,206.52,0.0
2025-03-01 08:00,418.3,396.54,0.0
2025-03-01 09:00,379.5,515.38,-135.88
2025-03-01 10:00,402.2,653.11,-250.91
2025-03-01 11:00,387.3,673.19,-285.89
2025-03-01 12:00,384.5,704.34,-319.84
2025-03-01 13:00,383.9,631.13,-247.23
2025-03-01 14:00,413.3,538.76,-125.46
2025-03-01 15:00,302.0,390.08,-88.08
2025-03-01 16:00,290.8,189.01,101.79
2025-03-01 17:00,272.9,0.0,272.9
2025-03-01 18:00,266.4,0.0,266.4
2025-03-01 19:00,262.4,0.0,262.4
2025-03-01 20:00,260.1,0.0,260.1
2025-03-01 21:00,255.0,0.0,0.0
2025-03-01 22:00,279.0,0.0,0.0
2025-03-01 23:00,262.7,0.0,0.0
2025-03-02 00:00,259.0,0.0,0.0
2025-03-02 01:00,256.0,0.0,0.0
2025-03-02 02:00,259.1,0.0,0.0
2025-03-02 03:00,262.8,0.0,0.0
2025-03-02 04:00,261.6,0.0,0.0
2025-03-02 05:00,252.9,0.0,0.0
2025-03-02 06:00,262.6,2.8,0.0
2025-03-02 07:00,260.9,337.79,-76.89
2025-03-02 08:00,270.2,642.41,-372.21
2025-03-02 09:00,258.1,865.18,-500.0
2025-03-02 10:00,256.2,982.71,-500.0
2025-03-02 11:00,259.4,1088.23,-445.28
2025-03-02 12:00,287.7,1079.72,-0.0
2025-03-02 13:00,285.3,1004.76,-0.0
2025-03-02 14:00,293.9,836.67,-0.0
2025-03-02 15:00,285.4,619.01,-0.0
2025-03-02 16:00,301.7,322.01,-0.0
2025-03-02 17:00,311.9,2.7,309.2
2025-03-02 18:00,270.1,0.0,270.1
2025-03-02 19:00,266.3,0.0,266.3
2025-03-02 20:00,267.3,0.0,267.3
2025-03-02 21:00,266.6,0.0,0.0
2025-03-02 22:00,254.4,0.0,0.0
2025-03-02 23:00,273.0,0.0,0.0
2025-03-03 00:00,271.8,0.0,0.0
2025-03-03 01:00,251.9,0.0,0.0
2025-03-03 02:00,232.3,0.0,0.0
2025-03-03 03:00,254.5,0.0,0.0
2025-03-03 04:00,272.3,0.0,0.0
2025-03-03 05:00,271.7,0.0,0.0
2025-03-03 06:00,402.7,2.79,0.0
2025-03-03 07:00,553.3,295.01,0.0
2025-03-03 08:00,564.8,517.22,0.0
2025-03-03 09:00,513.1,765.67,-252.57
2025-03-03 10:00,530.2,832.6,-302.4
2025-03-03 11:00,558.7,972.69,-413.99
2025-03-03 12:00,543.5,935.93,-295.7
2025-03-03 13:00,561.8,805.28,-0.0
2025-03-03 14:00,586.2,700.82,-0.0
2025-03-03 15:00,619.9,558.4,0.0
2025-03-03 16:00,581.7,282.44,277.21
2025-03-03 17:00,462.9,4.04,436.81
2025-03-03 18:00,401.3,0.0,379.25
2025-03-03 19:00,377.6,0.0,355.55
2025-03-03 20:00,355.6,0.0,333.55
2025-03-03 21:00,304.5,0.0,0.0
2025-03-03 22:00,268.8,0.0,0.0
2025-03-03 23:00,268.2,0.0,0.0
2025-03-04 00:00,268.6,0.0,0.0
2025-03-04 01:00,260.7,0.0,0.0
2025-03-04 02:00,261.9,0.0,0.0
2025-03-04 03:00,277.6,0.0,0.0
2025-03-04 04:00,259.1,0.0,0.0
2025-03-04 05:00,262.2,0.0,0.0
2025-03-04 06:00,428.5,5.62,0.0
2025-03-04 07:00,553.7,299.45,0.0
2025-03-04 08:00,546.0,588.76,-42.76
2025-03-04 09:00,566.8,767.52,-200.72
2025-03-04 10:00,569.3,975.35,-406.05
2025-03-04 11:00,572.1,998.43,-426.33
2025-03-04 12:00,544.7,1050.65,-500.0
2025-03-04 13:00,537.3,961.72,-424.42
2025-03-04 14:00,592.9,786.1,-25.13
2025-03-04 15:00,599.9,569.76,0.0
2025-03-04 16:00,504.8,295.06,200.42
2025-03-04 17:00,536.4,5.42,500.0
2025-03-04 18:00,400.8,0.0,391.48
2025-03-04 19:00,358.9,0.0,349.58
2025-03-04 20:00,350.2,0.0,340.88
2025-03-04 21:00,298.7,0.0,0.0
2025-03-04 22:00,265.2,0.0,0.0
2025-03-04 23:00,252.3,0.0,0.0
2025-03-05 00:00,260.0,0.0,0.0
2025-03-05 01:00,252.2,0.0,0.0
2025-03-05 02:00,262.0,0.0,0.0
2025-03-05 03:00,258.5,0.0,0.0
2025-03-05 04:00,283.1,0.0,0.0
2025-03-05 05:00,258.5,0.0,0.0
2025-03-05 06:00,376.7,5.57,0.0
2025-03-05 07:00,508.7,189.93,0.0
2025-03-05 08:00,548.5,395.68,0.0
2025-03-05 09:00,561.0,525.79,0.0
2025-03-05 10:00,574.2,609.89,-35.69
2025-03-05 11:00,581.8,693.03,-111.23
2025-03-05 12:00,568.9,644.72,-75.82
2025-03-05 13:00,565.4,575.09,-9.69
2025-03-05 14:00,599.4,521.99,0.0
2025-03-05 15:00,622.6,390.79,0.0
2025-03-05 16:00,576.9,196.62,0.26
2025-03-05 17:00,526.3,5.36,140.92
2025-03-05 18:00,434.5,0.0,54.48
2025-03-05 19:00,388.9,0.0,8.88
2025-03-05 20:00,369.2,0.0,0.0
2025-03-05 21:00,312.8,0.0,0.0
2025-03-05 22:00,272.3,0.0,0.0
2025-03-05 23:00,274.0,0.0,0.0
2025-03-06 00:00,244.6,0.0,0.0
2025-03-06 01:00,279.8,0.0,0.0
2025-03-06 02:00,249.4,0.0,0.0
2025-03-06 03:00,280.0,0.0,0.0
2025-03-06 04:00,251.2,0.0,0.0
2025-03-06 05:00,263.7,0.0,0.0
2025-03-06 06:00,399.0,11.18,0.0
2025-03-06 07:00,534.5,296.79,0.0
2025-03-06 08:00,548.4,533.64,0.0
2025-03-06 09:00,558.6,717.58,-158.98
2025-03-06 10:00,536.4,841.75,-305.35
2025-03-06 11:00,514.2,922.78,-408.58
2025-03-06 12:00,528.3,904.47,-376.17
2025-03-06 13:00,599.8,841.96,-242.16
2025-03-06 14:00,571.2,722.33,-151.13
2025-03-06 15:00,596.2,488.89,0.0
2025-03-06 16:00,571.5,294.48,172.41
2025-03-06 17:00,525.7,10.77,410.32
2025-03-06 18:00,428.9,0.0,324.29
2025-03-06 19:00,380.2,0.0,275.59
2025-03-06 20:00,367.3,0.0,262.69
2025-03-06 21:00,315.2,0.0,0.0
2025-03-06 22:00,237.4,0.0,0.0
2025-03-06 23:00,261.9,0.0,0.0
2025-03-07 00:00,258.2,0.0,0.0
2025-03-07 01:00,281.3,0.0,0.0
2025-03-07 02:00,255.3,0.0,0.0
2025-03-07 03:00,277.3,0.0,0.0
2025-03-07 04:00,270.4,0.0,0.0
2025-03-07 05:00,252.4,0.0,0.0
2025-03-07 06:00,417.9,9.87,0.0
2025-03-07 07:00,523.9,220.99,0.0
2025-03-07 08:00,524.9,372.93,0.0
2025-03-07 09:00,571.7,527.81,0.0
2025-03-07 10:00,517.6,611.76,-94.16
2025-03-07 11:00,553.5,639.64,-86.14
2025-03-07 12:00,546.6,695.48,-148.88
2025-03-07 13:00,556.0,574.51,-18.51
2025-03-07 14:00,549.9,524.53,0.0
2025-03-07 15:00,550.4,381.34,0.0
2025-03-07 16:00,602.2,204.66,59.96
2025-03-07 17:00,534.7,10.87,186.25
2025-03-07 18:00,385.7,0.0,48.12
2025-03-07 19:00,345.0,0.0,7.42
2025-03-07 20:00,341.8,0.0,4.22
2025-03-07 21:00,286.1,0.0,0.0
2025-03-07 22:00,272.2,0.0,0.0
2025-03-07 23:00,248.7,0.0,0.0
2025-03-08 00:00,254.3,0.0,0.0
2025-03-08 01:00,278.2,0.0,0.0
2025-03-08 02:00,262.1,0.0,0.0
2025-03-08 03:00,259.6,0.0,0.0
2025-03-08 04:00,273.3,0.0,0.0
2025-03-08 05:00,253.2,0.0,0.0
2025-03-08 06:00,397.2,19.51,0.0
2025-03-08 07:00,373.9,377.68,-3.78
2025-03-08 08:00,369.6,652.82,-283.22
2025-03-08 09:00,399.5,883.09,-483.59
2025-03-08 10:00,361.7,1013.08,-500.0
2025-03-08 11:00,394.9,1081.45,-500.0
2025-03-08 12:00,435.5,1106.59,-254.82
2025-03-08 13:00,414.5,1022.03,-0.0
2025-03-08 14:00,437.1,873.1,-0.0
2025-03-08 15:00,299.8,648.26,-0.0
2025-03-08 16:00,294.7,365.42,-0.0
2025-03-08 17:00,282.6,18.8,263.8
2025-03-08 18:00,302.8,0.0,302.8
2025-03-08 19:00,277.8,0.0,277.8
2025-03-08 20:00,270.7,0.0,270.7
2025-03-08 21:00,262.2,0.0,0.0
2025-03-08 22:00,273.6,0.0,0.0
2025-03-08 23:00,277.5,0.0,0.0
2025-03-09 00:00,271.8,0.0,0.0
2025-03-09 01:00,260.0,0.0,0.0
2025-03-09 02:00,258.6,0.0,0.0
2025-03-09 03:00,249.4,0.0,0.0
2025-03-09 04:00,257.8,0.0,0.0
2025-03-09 05:00,254.7,0.0,0.0
2025-03-09 06:00,265.0,37.71,0.0
2025-03-09 07:00,252.7,339.83,-87.13
2025-03-09 08:00,247.7,604.86,-357.16
2025-03-09 09:00,256.6,779.57,-500.0
2025-03-09 10:00,244.6,964.95,-322.87
2025-03-09 11:00,265.5,1000.64,-0.0
2025-03-09 12:00,285.8,973.55,-0.0
2025-03-09 13:00,289.1,898.02,-0.0
2025-03-09 14:00,305.9,753.9,-0.0
2025-03-09 15:00,290.4,600.85,-0.0
2025-03-09 16:00,305.3,337.58,-0.0
2025-03-09 17:00,303.2,37.68,265.52
2025-03-09 18:00,271.2,0.0,271.2
2025-03-09 19:00,242.0,0.0,242.0
2025-03-09 20:00,265.9,0.0,265.9
2025-03-09 21:00,250.7,0.0,0.0
2025-03-09 22:00,265.8,0.0,0.0
2025-03-09 23:00,268.6,0.0,0.0
2025-03-10 00:00,254.5,0.0,0.0
2025-03-10 01:00,243.2,0.0,0.0
2025-03-10 02:00,251.6,0.0,0.0
2025-03-10 03:00,243.7,0.0,0.0
2025-03-10 04:00,268.4,0.0,0.0
2025-03-10 05:00,247.1,0.0,0.0
2025-03-10 06:00,411.8,24.94,0.0
2025-03-10 07:00,526.6,207.85,0.0
2025-03-10 08:00,567.8,379.72,0.0
2025-03-10 09:00,554.9,508.81,0.0
2025-03-10 10:00,541.6,608.04,-66.44
2025-03-10 11:00,575.2,638.86,-63.66
2025-03-10 12:00,584.9,625.97,-41.07
2025-03-10 13:00,569.8,595.45,-25.65
2025-03-10 14:00,604.1,499.5,0.0
2025-03-10 15:00,601.1,377.74,0.0
2025-03-10 16:00,617.1,190.49,195.75
2025-03-10 17:00,520.4,22.69,266.85
2025-03-10 18:00,413.7,0.0,182.84
2025-03-10 19:00,361.7,0.0,130.84
2025-03-10 20:00,365.5,0.0,134.64
2025-03-10 21:00,310.2,0.0,0.0
2025-03-10 22:00,260.3,0.0,0.0
2025-03-10 23:00,265.7,0.0,0.0
2025-03-11 00:00,238.0,0.0,0.0
2025-03-11 01:00,273.2,0.0,0.0
2025-03-11 02:00,269.3,0.0,0.0
2025-03-11 03:00,273.7,0.0,0.0
2025-03-11 04:00,243.3,0.0,0.0
2025-03-11 05:00,249.9,0.0,0.0
2025-03-11 06:00,417.7,33.17,0.0
2025-03-11 07:00,580.3,275.03,0.0
2025-03-11 08:00,569.7,448.17,0.0
2025-03-11 09:00,540.0,603.77,-63.77
2025-03-11 10:00,557.7,676.26,-118.56
2025-03-11 11:00,592.9,768.5,-175.6
2025-03-11 12:00,562.1,744.95,-182.85
2025-03-11 13:00,623.9,725.0,-101.1
2025-03-11 14:00,633.1,566.24,0.0
2025-03-11 15:00,570.2,442.17,0.0
2025-03-11 16:00,598.8,239.41,72.77
2025-03-11 17:00,546.3,31.95,227.73
2025-03-11 18:00,418.9,0.0,132.28
2025-03-11 19:00,380.0,0.0,93.38
2025-03-11 20:00,325.3,0.0,38.68
2025-03-11 21:00,320.6,0.0,0.0
2025-03-11 22:00,259.1,0.0,0.0
2025-03-11 23:00,262.6,0.0,0.0
2025-03-12 00:00,251.3,0.0,0.0
2025-03-12 01:00,263.2,0.0,0.0
2025-03-12 02:00,242.1,0.0,0.0
2025-03-12 03:00,235.7,0.0,0.0
2025-03-12 04:00,248.1,0.0,0.0
2025-03-12 05:00,259.0,0.0,0.0
2025-03-12 06:00,422.9,50.35,0.0
2025-03-12 07:00,568.7,360.76,0.0
2025-03-12 08:00,570.5,621.61,-51.11
2025-03-12 09:00,524.6,818.6,-294.0
2025-03-12 10:00,553.6,939.89,-386.29
2025-03-12 11:00,550.0,989.2,-439.2
2025-03-12 12:00,561.2,976.07,-414.87
2025-03-12 13:00,581.9,964.64,-382.74
2025-03-12 14:00,603.3,812.75,-57.2
2025-03-12 15:00,562.9,556.54,0.0
2025-03-12 16:00,588.4,330.87,257.53
2025-03-12 17:00,492.3,51.2,441.1
2025-03-12 18:00,411.7,0.0,411.7
2025-03-12 19:00,334.7,0.0,334.7
2025-03-12 20:00,317.9,0.0,317.9
2025-03-12 21:00,291.8,0.0,0.0
2025-03-12 22:00,254.5,0.0,0.0
2025-03-12 23:00,264.8,0.0,0.0
2025-03-13 00:00,279.2,0.0,0.0
2025-03-13 01:00,258.4,0.0,0.0
2025-03-13 02:00,248.9,0.0,0.0
2025-03-13 03:00,261.5,0.0,0.0
2025-03-13 04:00,247.5,0.0,0.0
2025-03-13 05:00,257.3,0.0,0.0
2025-03-13 06:00,398.8,60.05,0.0
2025-03-13 07:00,537.7,369.1,0.0
2025-03-13 08:00,536.8,654.99,-118.19
2025-03-13 09:00,588.1,909.77,-321.67
2025-03-13 10:00,532.0,1061.95,-500.0
2025-03-13 11:00,550.7,1101.88,-500.0
2025-03-13 12:00,551.7,1126.9,-500.0
2025-03-13 13:00,608.1,1050.72,-63.47
2025-03-13 14:00,574.3,893.43,-0.0
2025-03-13 15:00,603.1,671.23,-0.0
2025-03-13 16:00,567.5,371.15,196.35
2025-03-13 17:00,447.4,61.93,385.47
2025-03-13 18:00,388.6,0.0,388.6
2025-03-13 19:00,377.6,0.0,377.6
2025-03-13 20:00,339.4,0.0,339.4
2025-03-13 21:00,310.5,0.0,0.0
2025-03-13 22:00,250.4,0.0,0.0
2025-03-13 23:00,259.6,0.0,0.0
2025-03-14 00:00,269.0,0.0,0.0
2025-03-14 01:00,253.3,0.0,0.0
2025-03-14 02:00,248.9,0.0,0.0
2025-03-14 03:00,275.9,0.0,0.0
2025-03-14 04:00,252.2,0.0,0.0
2025-03-14 05:00,256.2,0.0,0.0
2025-03-14 06:00,421.0,58.64,0.0
2025-03-14 07:00,523.2,335.97,0.0
2025-03-14 08:00,569.9,601.4,-31.5
2025-03-14 09:00,525.1,773.11,-248.01
2025-03-14 10:00,563.3,919.6,-356.3
2025-03-14 11:00,575.4,956.17,-380.77
2025-03-14 12:00,550.5,974.47,-423.97
2025-03-14 13:00,589.1,942.12,-353.02
2025-03-14 14:00,589.3,740.62,-123.95
2025-03-14 15:00,613.5,590.84,0.0
2025-03-14 16:00,530.2,323.27,206.93
2025-03-14 17:00,512.9,55.15,457.75
2025-03-14 18:00,380.4,0.0,380.4
2025-03-14 19:00,378.7,0.0,378.7
2025-03-14 20:00,315.3,0.0,315.3
2025-03-14 21:00,317.5,0.0,0.0
2025-03-14 22:00,262.5,0.0,0.0
2025-03-14 23:00,260.5,0.0,0.0
2025-03-15 00:00,264.4,0.0,0.0
2025-03-15 01:00,252.5,0.0,0.0
2025-03-15 02:00,261.8,0.0,0.0
2025-03-15 03:00,253.5,0.0,0.0
2025-03-15 04:00,267.6,0.0,0.0
2025-03-15 05:00,253.8,0.0,0.0
2025-03-15 06:00,380.5,58.48,0.0
2025-03-15 07:00,378.2,324.73,0.0
2025-03-15 08:00,385.0,578.0,-193.0
2025-03-15 09:00,393.3,793.87,-400.57
2025-03-15 10:00,381.9,848.34,-466.44
2025-03-15 11:00,404.0,979.72,-500.0
2025-03-15 12:00,403.2,956.45,-416.22
2025-03-15 13:00,450.6,867.61,-0.0
2025-03-15 14:00,421.1,793.75,-0.0
2025-03-15 15:00,302.7,560.2,-0.0
2025-03-15 16:00,298.6,344.23,-0.0
2025-03-15 17:00,273.6,57.68,215.92
2025-03-15 18:00,276.8,0.0,276.8
2025-03-15 19:00,268.9,0.0,268.9
2025-03-15 20:00,259.4,0.0,259.4
2025-03-15 21:00,242.9,0.0,0.0
2025-03-15 22:00,286.8,0.0,0.0
2025-03-15 23:00,262.8,0.0,0.0
2025-03-16 00:00,237.5,0.0,0.0
2025-03-16 01:00,279.8,0.0,0.0
2025-03-16 02:00,277.2,0.0,0.0
2025-03-16 03:00,257.8,0.0,0.0
2025-03-16 04:00,274.5,0.0,0.0
2025-03-16 05:00,250.4,0.0,0.0
2025-03-16 06:00,251.0,74.07,0.0
2025-03-16 07:00,265.3,367.4,-102.1
2025-03-16 08:00,259.2,635.28,-376.08
2025-03-16 09:00,248.2,842.48,-500.0
2025-03-16 10:00,262.5,945.48,-182.07
2025-03-16 11:00,263.8,999.99,-0.0
2025-03-16 12:00,272.7,1020.25,-0.0
2025-03-16 13:00,295.3,924.14,-0.0
2025-03-16 14:00,296.1,810.24,-0.0
2025-03-16 15:00,298.2,634.82,-0.0
2025-03-16 16:00,288.3,365.74,-0.0
2025-03-16 17:00,288.8,67.35,221.45
2025-03-16 18:00,267.9,0.0,267.9
2025-03-16 19:00,277.1,0.0,277.1
2025-03-16 20:00,247.2,0.0,247.2
2025-03-16 21:00,252.1,0.0,0.0
2025-03-16 22:00,257.6,0.0,0.0
2025-03-16 23:00,268.7,0.0,0.0
2025-03-17 00:00,275.9,0.0,0.0
2025-03-17 01:00,254.1,0.0,0.0
2025-03-17 02:00,258.6,0.0,0.0
2025-03-17 03:00,243.4,0.0,0.0
2025-03-17 04:00,253.3,0.0,0.0
2025-03-17 05:00,249.3,0.0,0.0
2025-03-17 06:00,383.2,80.37,0.0
2025-03-17 07:00,548.1,402.07,0.0
2025-03-17 08:00,513.8,649.4,-135.6
2025-03-17 09:00,578.2,845.5,-267.3
2025-03-17 10:00,602.1,1028.06,-425.96
2025-03-17 11:00,544.8,1077.47,-323.01
2025-03-17 12:00,500.8,1103.11,-0.0
2025-03-17 13:00,547.8,986.97,-0.0
2025-03-17 14:00,610.0,885.03,-0.0
2025-03-17 15:00,608.7,631.1,-0.0
2025-03-17 16:00,589.2,373.95,208.06
2025-03-17 17:00,525.1,81.44,436.47
2025-03-17 18:00,428.2,0.0,421.01
2025-03-17 19:00,385.3,0.0,378.11
2025-03-17 20:00,345.9,0.0,338.71
2025-03-17 21:00,289.2,0.0,0.0
2025-03-17 22:00,255.6,0.0,0.0
2025-03-17 23:00,263.3,0.0,0.0
2025-03-18 00:00,259.7,0.0,0.0
2025-03-18 01:00,253.4,0.0,0.0
2025-03-18 02:00,249.2,0.0,0.0
2025-03-18 03:00,268.7,0.0,0.0
2025-03-18 04:00,255.9,0.0,0.0
2025-03-18 05:00,261.0,0.0,0.0
2025-03-18 06:00,430.6,88.53,0.0
2025-03-18 07:00,511.0,414.29,0.0
2025-03-18 08:00,542.7,669.15,-126.45
2025-03-18 09:00,575.8,895.91,-320.11
2025-03-18 10:00,582.2,1040.96,-458.76
2025-03-18 11:00,542.1,1140.04,-500.0
2025-03-18 12:00,560.1,1095.9,-500.0
2025-03-18 13:00,586.0,996.28,-120.09
2025-03-18 14:00,591.1,901.49,-0.0
2025-03-18 15:00,656.6,684.94,-0.0
2025-03-18 16:00,552.6,394.85,157.75
2025-03-18 17:00,475.9,83.97,391.93
2025-03-18 18:00,404.6,0.0,404.6
2025-03-18 19:00,356.7,0.0,356.7
2025-03-18 20:00,342.3,0.0,342.3
2025-03-18 21:00,271.6,0.0,0.0
2025-03-18 22:00,259.5,0.0,0.0
2025-03-18 23:00,256.7,0.0,0.0
2025-03-19 00:00,256.2,0.0,0.0
2025-03-19 01:00,258.4,0.0,0.0
2025-03-19 02:00,251.7,0.0,0.0
2025-03-19 03:00,248.5,0.0,0.0
2025-03-19 04:00,252.7,0.0,0.0
2025-03-19 05:00,261.7,0.0,0.0
2025-03-19 06:00,411.3,58.34,0.0
2025-03-19 07:00,540.7,262.76,0.0
2025-03-19 08:00,515.6,473.09,0.0
2025-03-19 09:00,553.0,553.43,-0.43
2025-03-19 10:00,611.7,685.12,-73.42
2025-03-19 11:00,590.1,714.79,-124.69
2025-03-19 12:00,578.0,745.43,-167.43
2025-03-19 13:00,540.1,718.23,-178.13
2025-03-19 14:00,601.8,568.12,0.0
2025-03-19 15:00,633.5,443.53,0.0
2025-03-19 16:00,582.9,255.06,63.88
2025-03-19 17:00,510.1,54.87,191.27
2025-03-19 18:00,425.3,0.0,161.34
2025-03-19 19:00,362.9,0.0,98.94
2025-03-19 20:00,356.4,0.0,92.44
2025-03-19 21:00,296.2,0.0,0.0
2025-03-19 22:00,274.3,0.0,0.0
2025-03-19 23:00,241.7,0.0,0.0
2025-03-20 00:00,266.8,0.0,0.0
2025-03-20 01:00,260.5,0.0,0.0
2025-03-20 02:00,239.8,0.0,0.0
2025-03-20 03:00,257.3,0.0,0.0
2025-03-20 04:00,263.4,0.0,0.0
2025-03-20 05:00,245.6,0.0,0.0
2025-03-20 06:00,401.8,92.65,0.0
2025-03-20 07:00,545.5,382.78,0.0
2025-03-20 08:00,572.5,646.16,-73.66
2025-03-20 09:00,544.4,932.38,-387.98
2025-03-20 10:00,557.0,1035.9,-478.9
2025-03-20 11:00,551.6,1068.92,-500.0
2025-03-20 12:00,535.1,1130.12,-500.0
2025-03-20 13:00,582.5,1016.06,-84.87
2025-03-20 14:00,568.5,902.38,-0.0
2025-03-20 15:00,580.8,668.04,-0.0
2025-03-20 16:00,557.6,374.18,183.42
2025-03-20 17:00,525.2,81.27,443.93
2025-03-20 18:00,390.8,0.0,390.8
2025-03-20 19:00,353.2,0.0,353.2
2025-03-20 20:00,333.2,0.0,333.2
2025-03-20 21:00,288.8,0.0,0.0
2025-03-20 22:00,274.5,0.0,0.0
2025-03-20 23:00,263.6,0.0,0.0
2025-03-21 00:00,266.4,0.0,0.0
2025-03-21 01:00,253.1,0.0,0.0
2025-03-21 02:00,251.9,0.0,0.0
2025-03-21 03:00,253.3,0.0,0.0
2025-03-21 04:00,258.3,0.0,0.0
2025-03-21 05:00,246.8,0.0,0.0
2025-03-21 06:00,408.6,96.81,0.0
2025-03-21 07:00,530.3,376.66,0.0
2025-03-21 08:00,544.3,714.54,-170.24
2025-03-21 09:00,593.3,926.83,-333.53
2025-03-21 10:00,566.5,1082.25,-500.0
2025-03-21 11:00,565.4,1090.02,-500.0
2025-03-21 12:00,573.4,1081.84,-433.22
2025-03-21 13:00,577.9,1011.26,-0.0
2025-03-21 14:00,599.1,910.05,-0.0
2025-03-21 15:00,581.6,664.8,-0.0
2025-03-21 16:00,606.5,390.15,216.35
2025-03-21 17:00,531.8,98.59,433.21
2025-03-21 18:00,381.9,0.0,381.9
2025-03-21 19:00,366.1,0.0,366.1
2025-03-21 20:00,363.4,0.0,363.4
2025-03-21 21:00,298.3,0.0,0.0
2025-03-21 22:00,279.2,0.0,0.0
2025-03-21 23:00,263.0,0.0,0.0
2025-03-22 00:00,272.7,0.0,0.0
2025-03-22 01:00,254.3,0.0,0.0
2025-03-22 02:00,258.3,0.0,0.0
2025-03-22 03:00,266.7,0.0,0.0
2025-03-22 04:00,254.9,0.0,0.0
2025-03-22 05:00,275.8,0.0,0.0
2025-03-22 06:00,378.8,80.2,0.0
2025-03-22 07:00,356.5,320.39,0.0
2025-03-22 08:00,353.2,588.75,-235.55
2025-03-22 09:00,363.6,735.35,-371.75
2025-03-22 10:00,370.8,832.76,-461.96
2025-03-22 11:00,403.4,913.12,-500.0
2025-03-22 12:00,406.0,904.53,-431.83
2025-03-22 13:00,408.3,821.33,-0.0
2025-03-22 14:00,421.2,674.13,-0.0
2025-03-22 15:00,314.8,544.98,-0.0
2025-03-22 16:00,314.0,315.94,-0.0
2025-03-22 17:00,294.7,78.58,216.12
2025-03-22 18:00,303.6,0.0,303.6
2025-03-22 19:00,305.6,0.0,305.6
2025-03-22 20:00,282.2,0.0,282.2
2025-03-22 21:00,251.8,0.0,0.0
2025-03-22 22:00,258.3,0.0,0.0
2025-03-22 23:00,263.2,0.0,0.0
2025-03-23 00:00,266.8,0.0,0.0
2025-03-23 01:00,273.3,0.0,0.0
2025-03-23 02:00,256.0,0.0,0.0
2025-03-23 03:00,247.0,0.0,0.0
2025-03-23 04:00,265.1,0.0,0.0
2025-03-23 05:00,246.5,0.0,0.0
2025-03-23 06:00,254.5,112.23,0.0
2025-03-23 07:00,231.3,441.11,-209.81
2025-03-23 08:00,249.3,712.97,-463.67
2025-03-23 09:00,243.3,941.99,-500.0
2025-03-23 10:00,255.3,1091.42,-85.07
2025-03-23 11:00,294.5,1151.54,-0.0
2025-03-23 12:00,285.3,1117.33,-0.0
2025-03-23 13:00,291.5,1074.87,-0.0
2025-03-23 14:00,311.1,925.49,-0.0
2025-03-23 15:00,303.1,705.84,-0.0
2025-03-23 16:00,296.4,418.91,-0.0
2025-03-23 17:00,282.2,108.21,173.99
2025-03-23 18:00,272.9,0.0,272.9
2025-03-23 19:00,280.4,0.0,280.4
2025-03-23 20:00,272.7,0.0,272.7
2025-03-23 21:00,254.0,0.0,0.0
2025-03-23 22:00,262.5,0.0,0.0
2025-03-23 23:00,246.6,0.0,0.0
2025-03-24 00:00,268.4,0.0,0.0
2025-03-24 01:00,262.3,0.0,0.0
2025-03-24 02:00,252.5,0.0,0.0
2025-03-24 03:00,274.8,0.0,0.0
2025-03-24 04:00,268.5,0.0,0.0
2025-03-24 05:00,263.8,0.0,0.0
2025-03-24 06:00,389.3,105.16,0.0
2025-03-24 07:00,551.0,397.0,0.0
2025-03-24 08:00,553.8,623.46,-69.66
2025-03-24 09:00,550.9,837.54,-286.64
2025-03-24 10:00,630.9,925.09,-294.19
2025-03-24 11:00,555.8,1026.97,-471.17
2025-03-24 12:00,540.5,1023.93,-14.69
2025-03-24 13:00,555.4,931.56,-0.0
2025-03-24 14:00,537.2,827.46,-0.0
2025-03-24 15:00,579.9,598.4,-0.0
2025-03-24 16:00,580.5,398.75,181.75
2025-03-24 17:00,527.7,98.73,428.97
2025-03-24 18:00,441.8,0.0,441.8
2025-03-24 19:00,366.7,0.0,366.7
2025-03-24 20:00,349.4,0.0,349.4
2025-03-24 21:00,301.0,0.0,0.0
2025-03-24 22:00,263.4,0.0,0.0
2025-03-24 23:00,252.0,0.0,0.0
2025-03-25 00:00,254.2,0.0,0.0
2025-03-25 01:00,262.2,0.0,0.0
2025-03-25 02:00,263.0,0.0,0.0
2025-03-25 03:00,260.1,0.0,0.0
2025-03-25 04:00,250.1,0.0,0.0
2025-03-25 05:00,252.0,0.0,0.0
2025-03-25 06:00,432.1,92.7,0.0
2025-03-25 07:00,512.3,360.24,0.0
2025-03-25 08:00,540.3,566.19,-25.89
2025-03-25 09:00,573.3,787.56,-214.26
2025-03-25 10:00,573.6,919.74,-346.14
2025-03-25 11:00,550.2,881.27,-331.07
2025-03-25 12:00,572.2,854.91,-282.71
2025-03-25 13:00,579.5,835.91,-256.41
2025-03-25 14:00,609.1,762.04,-152.94
2025-03-25 15:00,635.5,578.58,0.0
2025-03-25 16:00,573.5,335.97,158.35
2025-03-25 17:00,534.7,92.01,363.51
2025-03-25 18:00,409.0,0.0,329.82
2025-03-25 19:00,381.4,0.0,302.22
2025-03-25 20:00,355.3,0.0,276.12
2025-03-25 21:00,300.9,0.0,0.0
2025-03-25 22:00,252.6,0.0,0.0
2025-03-25 23:00,276.8,0.0,0.0
2025-03-26 00:00,248.5,0.0,0.0
2025-03-26 01:00,269.5,0.0,0.0
2025-03-26 02:00,228.0,0.0,0.0
2025-03-26 03:00,262.9,0.0,0.0
2025-03-26 04:00,255.0,0.0,0.0
2025-03-26 05:00,279.5,0.0,0.0
2025-03-26 06:00,411.5,101.96,0.0
2025-03-26 07:00,551.8,364.11,0.0
2025-03-26 08:00,542.0,586.17,-44.17
2025-03-26 09:00,530.9,797.5,-266.6
2025-03-26 10:00,570.4,925.34,-354.94
2025-03-26 11:00,530.5,923.16,-392.66
2025-03-26 12:00,604.9,932.67,-327.77
2025-03-26 13:00,597.4,905.75,-308.35
2025-03-26 14:00,614.4,791.14,-176.74
2025-03-26 15:00,602.8,607.35,-4.55
2025-03-26 16:00,559.6,348.29,185.0
2025-03-26 17:00,533.4,100.88,406.21
2025-03-26 18:00,417.7,0.0,391.39
2025-03-26 19:00,389.9,0.0,363.59
2025-03-26 20:00,330.8,0.0,304.49
2025-03-26 21:00,323.5,0.0,0.0
2025-03-26 22:00,242.7,0.0,0.0
2025-03-26 23:00,280.6,0.0,0.0
2025-03-27 00:00,282.2,0.0,0.0
2025-03-27 01:00,262.2,0.0,0.0
2025-03-27 02:00,262.1,0.0,0.0
2025-03-27 03:00,261.4,0.0,0.0
2025-03-27 04:00,254.9,0.0,0.0
2025-03-27 05:00,249.9,0.0,0.0
2025-03-27 06:00,421.7,117.03,0.0
2025-03-27 07:00,533.7,440.22,0.0
2025-03-27 08:00,530.3,679.77,-149.47
2025-03-27 09:00,544.5,963.37,-418.87
2025-03-27 10:00,517.9,1105.84,-500.0
2025-03-27 11:00,599.0,1137.85,-500.0
2025-03-27 12:00,532.8,1090.76,-457.07
2025-03-27 13:00,570.4,1028.69,-0.0
2025-03-27 14:00,567.4,915.48,-0.0
2025-03-27 15:00,598.1,685.55,-0.0
2025-03-27 16:00,583.7,435.68,148.02
2025-03-27 17:00,517.5,120.82,396.68
2025-03-27 18:00,392.1,0.0,392.1
2025-03-27 19:00,346.7,0.0,346.7
2025-03-27 20:00,332.3,0.0,332.3
2025-03-27 21:00,260.9,0.0,0.0
2025-03-27 22:00,268.0,0.0,0.0
2025-03-27 23:00,267.2,0.0,0.0
2025-03-28 00:00,267.4,0.0,0.0
2025-03-28 01:00,273.7,0.0,0.0
2025-03-28 02:00,274.6,0.0,0.0
2025-03-28 03:00,256.7,0.0,0.0
2025-03-28 04:00,287.7,0.0,0.0
2025-03-28 05:00,262.9,0.0,0.0
2025-03-28 06:00,405.9,103.19,0.0
2025-03-28 07:00,556.9,320.09,0.0
2025-03-28 08:00,554.8,566.39,-11.59
2025-03-28 09:00,587.1,696.87,-109.77
2025-03-28 10:00,568.4,840.84,-272.44
2025-03-28 11:00,609.5,833.21,-223.71
2025-03-28 12:00,565.5,872.76,-307.26
2025-03-28 13:00,591.7,828.87,-237.17
2025-03-28 14:00,637.1,682.13,-45.03
2025-03-28 15:00,599.3,548.13,0.0
2025-03-28 16:00,632.8,328.79,166.98
2025-03-28 17:00,566.0,99.35,329.62
2025-03-28 18:00,412.0,0.0,274.97
2025-03-28 19:00,373.2,0.0,236.17
2025-03-28 20:00,358.0,0.0,220.97
2025-03-28 21:00,300.7,0.0,0.0
2025-03-28 22:00,253.2,0.0,0.0
2025-03-28 23:00,263.1,0.0,0.0
2025-03-29 00:00,260.8,0.0,0.0
2025-03-29 01:00,264.8,0.0,0.0
2025-03-29 02:00,256.1,0.0,0.0
2025-03-29 03:00,280.5,0.0,0.0
2025-03-29 04:00,255.0,0.0,0.0
2025-03-29 05:00,261.9,0.0,0.0
2025-03-29 06:00,371.4,92.49,0.0
2025-03-29 07:00,395.9,294.87,0.0
2025-03-29 08:00,405.9,478.33,-72.43
2025-03-29 09:00,367.7,596.9,-229.2
2025-03-29 10:00,372.2,687.69,-315.49
2025-03-29 11:00,409.0,794.14,-385.14
2025-03-29 12:00,427.6,769.16,-341.56
2025-03-29 13:00,443.2,676.55,-233.35
2025-03-29 14:00,414.5,579.04,-164.54
2025-03-29 15:00,307.5,466.33,-158.83
2025-03-29 16:00,312.4,276.17,36.23
2025-03-29 17:00,308.5,85.11,223.39
2025-03-29 18:00,308.4,0.0,308.4
2025-03-29 19:00,277.3,0.0,277.3
2025-03-29 20:00,278.7,0.0,278.7
2025-03-29 21:00,268.1,0.0,0.0
2025-03-29 22:00,250.8,0.0,0.0
2025-03-29 23:00,244.8,0.0,0.0
2025-03-30 00:00,265.1,0.0,0.0
2025-03-30 01:00,253.9,0.0,0.0
2025-03-30 02:00,250.1,0.0,0.0
2025-03-30 03:00,258.1,0.0,0.0
2025-03-30 04:00,237.2,0.0,0.0
2025-03-30 05:00,269.2,0.0,0.0
2025-03-30 06:00,260.7,118.95,0.0
2025-03-30 07:00,278.0,401.59,-123.59
2025-03-30 08:00,277.8,627.09,-349.29
2025-03-30 09:00,254.2,839.02,-500.0
2025-03-30 10:00,256.8,942.53,-429.28
2025-03-30 11:00,266.1,1003.02,-0.0
2025-03-30 12:00,287.5,991.12,-0.0
2025-03-30 13:00,304.4,894.24,-0.0
2025-03-30 14:00,309.5,813.44,-0.0
2025-03-30 15:00,308.8,615.57,-0.0
2025-03-30 16:00,311.2,386.81,-0.0
2025-03-30 17:00,328.2,118.55,209.65
2025-03-30 18:00,306.1,0.0,306.1
2025-03-30 19:00,274.7,0.0,274.7
2025-03-30 20:00,267.9,0.0,267.9
2025-03-30 21:00,250.9,0.0,0.0
2025-03-30 22:00,270.8,0.0,0.0
2025-03-30 23:00,251.5,0.0,0.0
2025-03-31 00:00,250.0,0.0,0.0
2025-03-31 01:00,283.4,0.0,0.0
2025-03-31 02:00,263.1,0.0,0.0
2025-03-31 03:00,266.4,0.0,0.0
2025-03-31 04:00,267.5,0.0,0.0
2025-03-31 05:00,250.0,0.0,0.0
2025-03-31 06:00,405.1,126.26,0.0
2025-03-31 07:00,551.9,416.13,0.0
2025-03-31 08:00,536.7,642.41,-105.71
2025-03-31 09:00,551.9,829.93,-278.03
2025-03-31 10:00,513.4,994.71,-481.31
2025-03-31 11:00,549.3,1021.0,-337.62
2025-03-31 12:00,514.4,1064.29,-0.0
2025-03-31 13:00,570.7,1003.46,-0.0
2025-03-31 14:00,595.4,774.02,-0.0
2025-03-31 15:00,590.3,613.42,-0.0
2025-03-31 16:00,612.6,413.57,199.03
2025-03-31 17:00,512.8,119.0,393.8
2025-03-31 18:00,386.8,0.0,386.8
2025-03-31 19:00,330.1,0.0,330.1
2025-03-31 20:00,341.0,0.0,341.0
2025-03-31 21:00,300.9,0.0,0.0
2025-03-31 22:00,260.3,0.0,0.0
2025-03-31 23:00,272.1,0.0,0.0
2025-04-01 00:00,257.8,0.0,0.0
2025-04-01 01:00,254.3,0.0,0.0
2025-04-01 02:00,250.0,0.0,0.0
2025-04-01 03:00,267.3,0.0,0.0
2025-04-01 04:00,256.2,0.0,0.0
2025-04-01 05:00,259.1,0.0,0.0
2025-04-01 06:00,415.3,148.2,0.0
2025-04-01 07:00,522.1,461.65,0.0
2025-04-01 08:00,550.4,737.66,-187.26
2025-04-01 09:00,598.7,957.94,-359.24
2025-04-01 10:00,592.0,1016.85,-424.85
2025-04-01 11:00,597.5,1087.42,-489.92
2025-04-01 12:00,569.8,1113.28,-414.56
2025-04-01 13:00,628.9,1092.57,-0.0
2025-04-01 14:00,610.3,940.2,-0.0
2025-04-01 15:00,586.9,727.82,-0.0
2025-04-01 16:00,595.5,448.31,146.78
2025-04-01 17:00,545.8,142.1,403.29
2025-04-01 18:00,453.2,0.0,452.79
2025-04-01 19:00,421.0,0.0,420.59
2025-04-01 20:00,359.3,0.0,358.89
2025-04-01 21:00,318.8,0.0,0.0
2025-04-01 22:00,273.6,0.0,0.0
2025-04-01 23:00,263.2,0.0,0.0
2025-04-02 00:00,245.5,0.0,0.0
2025-04-02 01:00,266.8,0.0,0.0
2025-04-02 02:00,266.5,0.0,0.0
2025-04-02 03:00,261.9,0.0,0.0
2025-04-02 04:00,260.0,0.0,0.0
2025-04-02 05:00,257.7,0.0,0.0
2025-04-02 06:00,395.4,151.04,0.0
2025-04-02 07:00,508.8,462.83,0.0
2025-04-02 08:00,544.7,742.29,-197.59
2025-04-02 09:00,542.5,957.51,-415.01
2025-04-02 10:00,635.5,1049.79,-414.29
2025-04-02 11:00,557.6,1161.46,-500.0
2025-04-02 12:00,624.5,1155.65,-498.52
2025-04-02 13:00,571.9,1082.22,-0.0
2025-04-02 14:00,641.2,933.89,-0.0
2025-04-02 15:00,655.2,693.88,-0.0
2025-04-02 16:00,642.6,443.41,183.6
2025-04-02 17:00,566.4,140.7,410.11
2025-04-02 18:00,446.5,0.0,430.91
2025-04-02 19:00,407.9,0.0,392.31
2025-04-02 20:00,381.0,0.0,365.41
2025-04-02 21:00,320.8,0.0,0.0
2025-04-02 22:00,276.4,0.0,0.0
2025-04-02 23:00,251.5,0.0,0.0
2025-04-03 00:00,251.1,0.0,0.0
2025-04-03 01:00,256.2,0.0,0.0
2025-04-03 02:00,251.8,0.0,0.0
2025-04-03 03:00,242.9,0.0,0.0
2025-04-03 04:00,246.0,0.0,0.0
2025-04-03 05:00,268.9,0.0,0.0
2025-04-03 06:00,408.1,155.57,0.0
2025-04-03 07:00,507.0,477.79,0.0
2025-04-03 08:00,565.9,738.77,-172.87
2025-04-03 09:00,572.9,957.45,-384.55
2025-04-03 10:00,553.8,1114.89,-500.0
2025-04-03 11:00,574.2,1173.25,-500.0
2025-04-03 12:00,552.1,1161.1,-467.99
2025-04-03 13:00,627.2,1091.28,-0.0
2025-04-03 14:00,610.6,892.34,-0.0
2025-04-03 15:00,600.3,690.38,-0.0
2025-04-03 16:00,593.5,453.83,139.67
2025-04-03 17:00,532.7,149.02,383.68
2025-04-03 18:00,401.6,0.0,401.6
2025-04-03 19:00,362.4,0.0,362.4
2025-04-03 20:00,358.0,0.0,358.0
2025-04-03 21:00,310.1,0.0,0.0
2025-04-03 22:00,284.8,0.0,0.0
2025-04-03 23:00,253.8,0.0,0.0
2025-04-04 00:00,262.5,0.0,0.0
2025-04-04 01:00,263.1,0.0,0.0
2025-04-04 02:00,270.9,0.0,0.0
2025-04-04 03:00,257.4,0.0,0.0
2025-04-04 04:00,241.0,0.0,0.0
2025-04-04 05:00,267.0,0.0,0.0
2025-04-04 06:00,444.8,149.65,0.0
2025-04-04 07:00,538.2,480.21,0.0
2025-04-04 08:00,534.4,758.51,-224.11
2025-04-04 09:00,592.7,904.22,-311.52
2025-04-04 10:00,571.0,1101.61,-500.0
2025-04-04 11:00,583.9,1174.68,-500.0
2025-04-04 12:00,562.9,1136.47,-334.09
2025-04-04 13:00,593.7,1039.44,-0.0
2025-04-04 14:00,631.6,899.85,-0.0
2025-04-04 15:00,656.1,687.78,-0.0
2025-04-04 16:00,597.8,458.96,138.84
2025-04-04 17:00,508.6,153.91,354.69
2025-04-04 18:00,434.4,0.0,434.4
2025-04-04 19:00,386.0,0.0,386.0
2025-04-04 20:00,336.7,0.0,336.7
2025-04-04 21:00,324.7,0.0,0.0
2025-04-04 22:00,256.2,0.0,0.0
2025-04-04 23:00,286.8,0.0,0.0
2025-04-05 00:00,252.5,0.0,0.0
2025-04-05 01:00,265.1,0.0,0.0
2025-04-05 02:00,266.0,0.0,0.0
2025-04-05 03:00,255.4,0.0,0.0
2025-04-05 04:00,275.6,0.0,0.0
2025-04-05 05:00,268.7,0.0,0.0
2025-04-05 06:00,400.0,165.57,0.0
2025-04-05 07:00,396.4,456.93,-60.53
2025-04-05 08:00,389.8,757.15,-367.35
2025-04-05 09:00,387.9,945.62,-500.0
2025-04-05 10:00,377.1,1085.77,-500.0
2025-04-05 11:00,372.0,1188.76,-447.84
2025-04-05 12:00,413.5,1082.34,-0.0
2025-04-05 13:00,381.7,1114.22,-0.0
2025-04-05 14:00,433.6,914.49,-0.0
2025-04-05 15:00,278.3,702.09,-0.0
2025-04-05 16:00,297.3,460.56,-0.0
2025-04-05 17:00,304.8,154.87,149.93
2025-04-05 18:00,289.6,0.0,289.6
2025-04-05 19:00,250.7,0.0,250.7
2025-04-05 20:00,284.7,0.0,284.7
2025-04-05 21:00,268.9,0.0,0.0
2025-04-05 22:00,252.3,0.0,0.0
2025-04-05 23:00,257.2,0.0,0.0
2025-04-06 00:00,256.5,0.0,0.0
2025-04-06 01:00,267.6,0.0,0.0
2025-04-06 02:00,263.7,0.0,0.0
2025-04-06 03:00,272.7,0.0,0.0
2025-04-06 04:00,268.4,0.0,0.0
2025-04-06 05:00,261.9,0.0,0.0
2025-04-06 06:00,254.7,168.22,0.0
2025-04-06 07:00,261.4,490.93,-229.53
2025-04-06 08:00,279.3,764.52,-485.22
2025-04-06 09:00,247.5,985.53,-393.12
2025-04-06 10:00,276.2,1122.74,-0.0
2025-04-06 11:00,292.8,1192.16,-0.0
2025-04-06 12:00,300.2,1175.51,-0.0
2025-04-06 13:00,300.8,1105.54,-0.0
2025-04-06 14:00,314.5,958.18,-0.0
2025-04-06 15:00,319.5,725.64,-0.0
2025-04-06 16:00,310.5,472.72,-0.0
2025-04-06 17:00,294.5,157.33,137.17
2025-04-06 18:00,291.9,0.0,291.9
2025-04-06 19:00,285.6,0.0,285.6
2025-04-06 20:00,267.4,0.0,267.4
2025-04-06 21:00,277.2,0.0,0.0
2025-04-06 22:00,260.7,0.0,0.0
2025-04-06 23:00,257.0,0.0,0.0
2025-04-07 00:00,269.0,0.0,0.0
2025-04-07 01:00,267.4,0.0,0.0
2025-04-07 02:00,273.9,0.0,0.0
2025-04-07 03:00,245.3,0.0,0.0
2025-04-07 04:00,283.1,0.0,0.0
2025-04-07 05:00,250.3,0.0,0.0
2025-04-07 06:00,380.8,118.28,0.0
2025-04-07 07:00,539.9,302.84,0.0
2025-04-07 08:00,604.7,482.72,0.0
2025-04-07 09:00,553.5,612.63,-59.13
2025-04-07 10:00,528.5,744.07,-215.57
2025-04-07 11:00,587.2,747.06,-159.86
2025-04-07 12:00,541.6,784.91,-243.31
2025-04-07 13:00,575.3,669.23,-93.93
2025-04-07 14:00,596.8,639.47,-42.67
2025-04-07 15:00,625.8,502.2,0.0
2025-04-07 16:00,583.0,282.63,235.41
2025-04-07 17:00,506.5,113.47,328.07
2025-04-07 18:00,407.6,0.0,342.64
2025-04-07 19:00,376.1,0.0,311.14
2025-04-07 20:00,364.7,0.0,299.74
2025-04-07 21:00,289.7,0.0,0.0
2025-04-07 22:00,262.0,0.0,0.0
2025-04-07 23:00,242.1,0.0,0.0
2025-04-08 00:00,262.8,0.0,0.0
2025-04-08 01:00,246.8,0.0,0.0
2025-04-08 02:00,252.1,0.0,0.0
2025-04-08 03:00,267.2,0.0,0.0
2025-04-08 04:00,276.0,0.0,0.0
2025-04-08 05:00,276.8,0.0,0.0
2025-04-08 06:00,394.6,172.26,0.0
2025-04-08 07:00,569.9,470.2,0.0
2025-04-08 08:00,552.3,730.55,-178.25
2025-04-08 09:00,583.8,944.19,-360.39
2025-04-08 10:00,659.9,1088.23,-428.33
2025-04-08 11:00,574.4,1111.48,-500.0
2025-04-08 12:00,634.8,1079.13,-444.33
2025-04-08 13:00,625.5,1012.16,-114.11
2025-04-08 14:00,596.9,914.63,-0.0
2025-04-08 15:00,605.9,726.96,-0.0
2025-04-08 16:00,635.9,432.76,195.32
2025-04-08 17:00,540.7,160.1,372.78
2025-04-08 18:00,435.1,0.0,427.28
2025-04-08 19:00,417.0,0.0,409.18
2025-04-08 20:00,385.6,0.0,377.78
2025-04-08 21:00,323.4,0.0,0.0
2025-04-08 22:00,275.8,0.0,0.0
2025-04-08 23:00,242.8,0.0,0.0
2025-04-09 00:00,264.6,0.0,0.0
2025-04-09 01:00,258.1,0.0,0.0
2025-04-09 02:00,252.9,0.0,0.0
2025-04-09 03:00,254.6,0.0,0.0
2025-04-09 04:00,266.7,0.0,0.0
2025-04-09 05:00,268.8,0.0,0.0
2025-04-09 06:00,432.8,143.1,0.0
2025-04-09 07:00,543.0,371.84,0.0
2025-04-09 08:00,579.5,529.82,0.0
2025-04-09 09:00,534.4,736.77,-202.37
2025-04-09 10:00,589.1,891.32,-302.22
2025-04-09 11:00,603.3,928.48,-325.18
2025-04-09 12:00,517.6,955.18,-437.58
2025-04-09 13:00,570.1,857.26,-287.16
2025-04-09 14:00,656.7,721.54,-64.84
2025-04-09 15:00,567.1,570.71,-3.61
2025-04-09 16:00,614.4,369.24,158.01
2025-04-09 17:00,559.5,134.49,337.86
2025-04-09 18:00,426.9,0.0,339.75
2025-04-09 19:00,381.2,0.0,294.05
2025-04-09 20:00,385.7,0.0,298.55
2025-04-09 21:00,300.7,0.0,0.0
2025-04-09 22:00,261.6,0.0,0.0
2025-04-09 23:00,257.4,0.0,0.0
2025-04-10 00:00,248.2,0.0,0.0
2025-04-10 01:00,254.4,0.0,0.0
2025-04-10 02:00,278.7,0.0,0.0
2025-04-10 03:00,236.3,0.0,0.0
2025-04-10 04:00,256.3,0.0,0.0
2025-04-10 05:00,265.1,0.0,0.0
2025-04-10 06:00,403.2,173.37,0.0
2025-04-10 07:00,555.5,450.35,0.0
2025-04-10 08:00,553.9,735.6,-181.7
2025-04-10 09:00,569.1,948.01,-378.91
2025-04-10 10:00,568.5,1065.02,-496.52
2025-04-10 11:00,632.0,1139.31,-500.0
2025-04-10 12:00,635.3,1086.81,-451.51
2025-04-10 13:00,594.9,1053.52,-16.77
2025-04-10 14:00,647.2,900.26,-0.0
2025-04-10 15:00,664.5,700.39,-0.0
2025-04-10 16:00,620.6,434.96,185.64
2025-04-10 17:00,499.5,162.25,337.25
2025-04-10 18:00,413.2,0.0,413.2
2025-04-10 19:00,415.2,0.0,415.2
2025-04-10 20:00,383.3,0.0,383.3
2025-04-10 21:00,316.5,0.0,0.0
2025-04-10 22:00,266.5,0.0,0.0
2025-04-10 23:00,228.2,0.0,0.0
2025-04-11 00:00,266.7,0.0,0.0
2025-04-11 01:00,259.8,0.0,0.0
2025-04-11 02:00,270.0,0.0,0.0
2025-04-11 03:00,262.4,0.0,0.0
2025-04-11 04:00,283.4,0.0,0.0
2025-04-11 05:00,259.1,0.0,0.0
2025-04-11 06:00,418.8,169.15,0.0
2025-04-11 07:00,527.2,470.33,0.0
2025-04-11 08:00,531.5,710.88,-179.38
2025-04-11 09:00,513.0,951.42,-438.42
2025-04-11 10:00,587.1,1042.99,-455.89
2025-04-11 11:00,623.5,1083.19,-459.69
2025-04-11 12:00,569.6,1098.4,-437.74
2025-04-11 13:00,578.9,1085.85,-0.0
2025-04-11 14:00,615.1,897.21,-0.0
2025-04-11 15:00,600.3,723.76,-0.0
2025-04-11 16:00,592.4,451.26,141.14
2025-04-11 17:00,493.5,167.25,326.25
2025-04-11 18:00,420.9,0.0,420.9
2025-04-11 19:00,364.2,0.0,364.2
2025-04-11 20:00,348.3,0.0,348.3
2025-04-11 21:00,297.5,0.0,0.0
2025-04-11 22:00,269.1,0.0,0.0
2025-04-11 23:00,260.3,0.0,0.0
2025-04-12 00:00,242.9,0.0,0.0
2025-04-12 01:00,249.2,0.0,0.0
2025-04-12 02:00,241.3,0.0,0.0
2025-04-12 03:00,267.1,0.0,0.0
2025-04-12 04:00,267.3,0.0,0.0
2025-04-12 05:00,260.9,0.0,0.0
2025-04-12 06:00,369.6,183.18,0.0
2025-04-12 07:00,397.4,512.77,-115.37
2025-04-12 08:00,409.2,757.52,-348.32
2025-04-12 09:00,387.2,978.2,-500.0
2025-04-12 10:00,379.1,1088.07,-500.0
2025-04-12 11:00,395.0,1166.75,-355.39
2025-04-12 12:00,404.9,1134.98,-0.0
2025-04-12 13:00,396.4,1108.35,-0.0
2025-04-12 14:00,445.1,939.91,-0.0
2025-04-12 15:00,309.7,764.69,-0.0
2025-04-12 16:00,289.1,487.41,-0.0
2025-04-12 17:00,289.3,183.41,105.89
2025-04-12 18:00,282.4,0.0,282.4
2025-04-12 19:00,261.3,0.0,261.3
2025-04-12 20:00,254.1,0.0,254.1
2025-04-12 21:00,251.8,0.0,0.0
2025-04-12 22:00,260.1,0.0,0.0
2025-04-12 23:00,241.9,0.0,0.0
2025-04-13 00:00,257.9,0.0,0.0
2025-04-13 01:00,268.9,0.0,0.0
2025-04-13 02:00,269.1,0.0,0.0
2025-04-13 03:00,265.5,0.0,0.0
2025-04-13 04:00,256.5,0.0,0.0
2025-04-13 05:00,266.9,0.0,0.0
2025-04-13 06:00,245.4,126.78,0.0
2025-04-13 07:00,265.1,307.31,-42.21
2025-04-13 08:00,276.8,478.91,-202.11
2025-04-13 09:00,279.4,632.23,-352.83
2025-04-13 10:00,278.2,678.17,-399.97
2025-04-13 11:00,313.8,741.77,-29.8
2025-04-13 12:00,301.1,746.76,-0.0
2025-04-13 13:00,313.1,692.46,-0.0
2025-04-13 14:00,330.9,584.0,-0.0
2025-04-13 15:00,315.4,469.53,-0.0
2025-04-13 16:00,315.2,305.31,9.89
2025-04-13 17:00,296.2,118.93,177.27
2025-04-13 18:00,300.7,0.0,300.7
2025-04-13 19:00,291.7,0.0,291.7
2025-04-13 20:00,286.2,0.0,286.2
2025-04-13 21:00,269.8,0.0,0.0
2025-04-13 22:00,260.4,0.0,0.0
2025-04-13 23:00,263.4,0.0,0.0
2025-04-14 00:00,252.2,0.0,0.0
2025-04-14 01:00,263.1,0.0,0.0
2025-04-14 02:00,261.1,0.0,0.0
2025-04-14 03:00,261.2,0.0,0.0
2025-04-14 04:00,277.4,0.0,0.0
2025-04-14 05:00,250.0,0.0,0.0
2025-04-14 06:00,398.9,164.81,0.0
2025-04-14 07:00,523.5,420.4,0.0
2025-04-14 08:00,586.9,620.87,-33.97
2025-04-14 09:00,525.5,787.3,-261.8
2025-04-14 10:00,585.7,856.1,-270.4
2025-04-14 11:00,593.9,967.93,-374.03
2025-04-14 12:00,583.6,968.84,-270.89
2025-04-14 13:00,659.2,850.06,-0.0
2025-04-14 14:00,639.2,717.26,-0.0
2025-04-14 15:00,604.2,627.13,-0.0
2025-04-14 16:00,647.6,371.28,245.83
2025-04-14 17:00,539.1,154.2,354.41
2025-04-14 18:00,459.3,0.0,428.81
2025-04-14 19:00,403.8,0.0,373.31
2025-04-14 20:00,410.5,0.0,380.01
2025-04-14 21:00,332.8,0.0,0.0
2025-04-14 22:00,278.0,0.0,0.0
2025-04-14 23:00,266.2,0.0,0.0
2025-04-15 00:00,268.3,0.0,0.0
2025-04-15 01:00,261.5,0.0,0.0
2025-04-15 02:00,266.1,0.0,0.0
2025-04-15 03:00,258.9,0.0,0.0
2025-04-15 04:00,250.3,0.0,0.0
2025-04-15 05:00,272.2,0.0,0.0
2025-04-15 06:00,426.0,168.8,0.0
2025-04-15 07:00,540.1,427.68,0.0
2025-04-15 08:00,524.8,607.45,-82.65
2025-04-15 09:00,546.3,802.85,-256.55
2025-04-15 10:00,607.4,907.96,-300.56
2025-04-15 11:00,601.6,1007.32,-405.72
2025-04-15 12:00,537.0,980.92,-443.92
2025-04-15 13:00,607.3,916.15,-308.85
2025-04-15 14:00,611.7,793.13,-181.43
2025-04-15 15:00,631.0,631.04,-0.04
2025-04-15 16:00,574.7,397.74,172.91
2025-04-15 17:00,537.3,168.28,364.97
2025-04-15 18:00,447.0,0.0,442.95
2025-04-15 19:00,381.3,0.0,377.25
2025-04-15 20:00,388.1,0.0,384.05
2025-04-15 21:00,299.0,0.0,0.0
2025-04-15 22:00,254.9,0.0,0.0
2025-04-15 23:00,259.1,0.0,0.0
2025-04-16 00:00,257.7,0.0,0.0
2025-04-16 01:00,254.6,0.0,0.0
2025-04-16 02:00,238.8,0.0,0.0
2025-04-16 03:00,259.5,0.0,0.0
2025-04-16 04:00,245.5,0.0,0.0
2025-04-16 05:00,267.5,0.0,0.0
2025-04-16 06:00,397.2,202.46,0.0
2025-04-16 07:00,549.2,511.2,0.0
2025-04-16 08:00,540.4,774.09,-233.69
2025-04-16 09:00,570.8,994.62,-423.82
2025-04-16 10:00,619.1,1107.48,-488.38
2025-04-16 11:00,598.0,1200.0,-500.0
2025-04-16 12:00,554.6,1198.62,-379.52
2025-04-16 13:00,607.0,1035.0,-0.0
2025-04-16 14:00,662.6,947.97,-0.0
2025-04-16 15:00,578.9,756.38,-0.0
2025-04-16 16:00,602.2,481.16,121.04
2025-04-16 17:00,506.4,183.78,322.62
2025-04-16 18:00,448.3,0.0,448.3
2025-04-16 19:00,361.8,0.0,361.8
2025-04-16 20:00,354.6,0.0,354.6
2025-04-16 21:00,300.8,0.0,0.0
2025-04-16 22:00,279.1,0.0,0.0
2025-04-16 23:00,250.8,0.0,0.0
2025-04-17 00:00,278.4,0.0,0.0
2025-04-17 01:00,270.2,0.0,0.0
2025-04-17 02:00,253.5,0.0,0.0
2025-04-17 03:00,272.2,0.0,0.0
2025-04-17 04:00,277.3,0.0,0.0
2025-04-17 05:00,261.8,0.0,0.0
2025-04-17 06:00,379.5,176.59,0.0
2025-04-17 07:00,521.8,445.15,0.0
2025-04-17 08:00,542.6,658.35,-115.75
2025-04-17 09:00,565.6,851.2,-285.6
2025-04-17 10:00,540.5,977.01,-436.51
2025-04-17 11:00,554.6,1047.33,-492.73
2025-04-17 12:00,579.3,1010.85,-431.55
2025-04-17 13:00,607.1,977.63,-65.54
2025-04-17 14:00,565.3,801.74,-0.0
2025-04-17 15:00,587.4,634.33,-0.0
2025-04-17 16:00,559.5,422.49,137.01
2025-04-17 17:00,502.8,169.38,333.42
2025-04-17 18:00,384.9,0.0,384.9
2025-04-17 19:00,386.8,0.0,386.8
2025-04-17 20:00,332.8,0.0,332.8
2025-04-17 21:00,312.1,0.0,0.0
2025-04-17 22:00,262.5,0.0,0.0
2025-04-17 23:00,263.8,0.0,0.0
2025-04-18 00:00,271.9,0.0,0.0
2025-04-18 01:00,258.2,0.0,0.0
2025-04-18 02:00,245.8,0.0,0.0
2025-04-18 03:00,267.8,0.0,0.0
2025-04-18 04:00,263.7,0.0,0.0
2025-04-18 05:00,274.2,0.0,0.0
2025-04-18 06:00,443.0,200.64,0.0
2025-04-18 07:00,545.5,470.41,0.0
2025-04-18 08:00,544.1,746.65,-202.55
2025-04-18 09:00,533.9,998.05,-464.15
2025-04-18 10:00,567.4,1134.49,-500.0
2025-04-18 11:00,603.3,1190.76,-500.0
2025-04-18 12:00,597.6,1090.1,-122.99
2025-04-18 13:00,609.2,1018.8,-0.0
2025-04-18 14:00,598.2,895.15,-0.0
2025-04-18 15:00,641.4,717.76,-0.0
2025-04-18 16:00,595.6,475.48,120.12
2025-04-18 17:00,575.2,201.45,373.75
2025-04-18 18:00,433.3,0.0,433.3
2025-04-18 19:00,393.1,0.0,393.1
2025-04-18 20:00,362.3,0.0,362.3
2025-04-18 21:00,300.1,0.0,0.0
2025-04-18 22:00,263.5,0.0,0.0
2025-04-18 23:00,266.9,0.0,0.0
2025-04-19 00:00,253.9,0.0,0.0
2025-04-19 01:00,275.4,0.0,0.0
2025-04-19 02:00,281.1,0.0,0.0
2025-04-19 03:00,282.3,0.0,0.0
2025-04-19 04:00,282.0,0.0,0.0
2025-04-19 05:00,251.8,0.0,0.0
2025-04-19 06:00,375.1,182.13,0.0
2025-04-19 07:00,366.1,450.56,-84.46
2025-04-19 08:00,367.7,682.61,-314.91
2025-04-19 09:00,393.1,847.92,-454.82
2025-04-19 10:00,403.2,972.94,-500.0
2025-04-19 11:00,420.9,1036.15,-500.0
2025-04-19 12:00,448.9,997.44,-57.82
2025-04-19 13:00,419.6,977.55,-0.0
2025-04-19 14:00,464.0,862.12,-0.0
2025-04-19 15:00,333.8,651.46,-0.0
2025-04-19 16:00,327.2,434.79,-0.0
2025-04-19 17:00,312.9,176.92,135.98
2025-04-19 18:00,304.5,0.0,304.5
2025-04-19 19:00,273.8,0.0,273.8
2025-04-19 20:00,282.3,0.0,282.3
2025-04-19 21:00,257.2,0.0,0.0
2025-04-19 22:00,255.4,0.0,0.0
2025-04-19 23:00,253.2,0.0,0.0
2025-04-20 00:00,265.8,0.0,0.0
2025-04-20 01:00,253.8,0.0,0.0
2025-04-20 02:00,257.5,0.0,0.0
2025-04-20 03:00,267.8,0.0,0.0
2025-04-20 04:00,259.7,0.0,0.0
2025-04-20 05:00,256.6,0.0,0.0
2025-04-20 06:00,256.0,217.24,0.0
2025-04-20 07:00,260.4,535.29,-274.89
2025-04-20 08:00,244.8,779.89,-500.0
2025-04-20 09:00,253.6,1018.29,-357.59
2025-04-20 10:00,268.9,1147.56,-0.0
2025-04-20 11:00,283.4,1200.0,-0.0
2025-04-20 12:00,298.7,1200.0,-0.0
2025-04-20 13:00,283.8,1140.48,-0.0
2025-04-20 14:00,290.5,944.94,-0.0
2025-04-20 15:00,312.8,758.9,-0.0
2025-04-20 16:00,302.4,497.41,-0.0
2025-04-20 17:00,288.9,204.25,84.65
2025-04-20 18:00,272.2,0.0,272.2
2025-04-20 19:00,278.4,0.0,278.4
2025-04-20 20:00,252.2,0.0,252.2
2025-04-20 21:00,269.7,0.0,0.0
2025-04-20 22:00,251.1,0.0,0.0
2025-04-20 23:00,253.2,0.0,0.0
2025-04-21 00:00,252.1,0.0,0.0
2025-04-21 01:00,256.0,0.0,0.0
2025-04-21 02:00,235.8,0.0,0.0
2025-04-21 03:00,267.2,0.0,0.0
2025-04-21 04:00,262.1,0.0,0.0
2025-04-21 05:00,276.4,0.0,0.0
2025-04-21 06:00,426.6,209.75,0.0
2025-04-21 07:00,535.0,514.72,0.0
2025-04-21 08:00,547.3,783.92,-236.62
2025-04-21 09:00,587.2,981.34,-394.14
2025-04-21 10:00,561.6,1093.49,-377.71
2025-04-21 11:00,596.9,1188.73,-0.0
2025-04-21 12:00,592.6,1114.54,-0.0
2025-04-21 13:00,580.8,1096.35,-0.0
2025-04-21 14:00,658.7,960.39,-0.0
2025-04-21 15:00,592.4,725.31,-0.0
2025-04-21 16:00,569.1,507.47,61.63
2025-04-21 17:00,552.0,200.8,351.2
2025-04-21 18:00,469.8,0.0,469.8
2025-04-21 19:00,394.9,0.0,394.9
2025-04-21 20:00,372.6,0.0,372.6
2025-04-21 21:00,336.8,0.0,0.0
2025-04-21 22:00,275.1,0.0,0.0
2025-04-21 23:00,253.3,0.0,0.0
2025-04-22 00:00,238.9,0.0,0.0
2025-04-22 01:00,261.4,0.0,0.0
2025-04-22 02:00,264.2,0.0,0.0
2025-04-22 03:00,249.2,0.0,0.0
2025-04-22 04:00,257.7,0.0,0.0
2025-04-22 05:00,272.6,1.4,0.0
2025-04-22 06:00,413.3,216.01,0.0
2025-04-22 07:00,539.7,480.32,0.0
2025-04-22 08:00,535.5,705.3,-169.8
2025-04-22 09:00,569.3,945.44,-376.14
2025-04-22 10:00,546.4,1071.8,-500.0
2025-04-22 11:00,545.0,1143.2,-500.0
2025-04-22 12:00,586.5,1161.02,-329.21
2025-04-22 13:00,575.5,1055.38,-0.0
2025-04-22 14:00,539.8,943.86,-0.0
2025-04-22 15:00,604.7,710.5,-0.0
2025-04-22 16:00,566.6,434.77,131.83
2025-04-22 17:00,533.7,196.66,337.04
2025-04-22 18:00,450.0,1.34,448.66
2025-04-22 19:00,363.9,0.0,363.9
2025-04-22 20:00,372.4,0.0,372.4
2025-04-22 21:00,296.8,0.0,0.0
2025-04-22 22:00,259.2,0.0,0.0
2025-04-22 23:00,254.2,0.0,0.0
2025-04-23 00:00,267.0,0.0,0.0
2025-04-23 01:00,263.9,0.0,0.0
2025-04-23 02:00,283.3,0.0,0.0
2025-04-23 03:00,281.3,0.0,0.0
2025-04-23 04:00,270.4,0.0,0.0
2025-04-23 05:00,256.2,4.19,0.0
2025-04-23 06:00,378.7,222.7,0.0
2025-04-23 07:00,537.5,502.23,0.0
2025-04-23 08:00,546.9,733.38,-186.48
2025-04-23 09:00,539.2,961.82,-422.62
2025-04-23 10:00,598.8,1089.64,-490.84
2025-04-23 11:00,565.7,1151.4,-500.0
2025-04-23 12:00,623.9,1112.22,-279.41
2025-04-23 13:00,602.0,1075.55,-0.0
2025-04-23 14:00,580.2,897.09,-0.0
2025-04-23 15:00,625.6,693.31,-0.0
2025-04-23 16:00,611.2,504.09,107.11
2025-04-23 17:00,558.8,207.17,351.63
2025-04-23 18:00,431.1,4.01,427.09
2025-04-23 19:00,374.0,0.0,374.0
2025-04-23 20:00,360.2,0.0,360.2
2025-04-23 21:00,300.6,0.0,0.0
2025-04-23 22:00,243.5,0.0,0.0
2025-04-23 23:00,245.3,0.0,0.0
2025-04-24 00:00,258.0,0.0,0.0
2025-04-24 01:00,255.9,0.0,0.0
2025-04-24 02:00,228.7,0.0,0.0
2025-04-24 03:00,276.6,0.0,0.0
2025-04-24 04:00,273.9,0.0,0.0
2025-04-24 05:00,250.9,5.65,0.0
2025-04-24 06:00,379.6,229.82,0.0
2025-04-24 07:00,524.6,545.34,-20.74
2025-04-24 08:00,543.1,819.06,-275.96
2025-04-24 09:00,580.8,1002.52,-421.72
2025-04-24 10:00,576.9,1162.22,-500.0
2025-04-24 11:00,571.0,1200.0,-500.0
2025-04-24 12:00,535.1,1200.0,-122.52
2025-04-24 13:00,552.9,1146.16,-0.0
2025-04-24 14:00,573.8,984.16,-0.0
2025-04-24 15:00,574.6,791.13,-0.0
2025-04-24 16:00,586.3,501.99,84.31
2025-04-24 17:00,496.1,220.25,275.85
2025-04-24 18:00,387.2,5.42,381.78
2025-04-24 19:00,368.2,0.0,368.2
2025-04-24 20:00,349.2,0.0,349.2
2025-04-24 21:00,309.4,0.0,0.0
2025-04-24 22:00,246.1,0.0,0.0
2025-04-24 23:00,247.6,0.0,0.0
2025-04-25 00:00,272.8,0.0,0.0
2025-04-25 01:00,267.9,0.0,0.0
2025-04-25 02:00,255.2,0.0,0.0
2025-04-25 03:00,255.7,0.0,0.0
2025-04-25 04:00,272.6,0.0,0.0
2025-04-25 05:00,245.0,8.31,0.0
2025-04-25 06:00,392.3,222.61,0.0
2025-04-25 07:00,539.5,527.89,0.0
2025-04-25 08:00,534.2,803.06,-268.86
2025-04-25 09:00,583.5,998.58,-415.08
2025-04-25 10:00,572.9,1140.97,-500.0
2025-04-25 11:00,669.3,1176.21,-474.4
2025-04-25 12:00,607.4,1165.22,-0.0
2025-04-25 13:00,647.1,1125.8,-0.0
2025-04-25 14:00,562.9,981.61,-0.0
2025-04-25 15:00,606.0,779.8,-0.0
2025-04-25 16:00,625.0,508.44,116.56
2025-04-25 17:00,555.2,218.43,336.77
2025-04-25 18:00,464.5,7.96,456.54
2025-04-25 19:00,412.2,0.0,412.2
2025-04-25 20:00,363.8,0.0,363.8
2025-04-25 21:00,297.2,0.0,0.0
2025-04-25 22:00,240.9,0.0,0.0
2025-04-25 23:00,256.6,0.0,0.0
2025-04-26 00:00,250.9,0.0,0.0
2025-04-26 01:00,262.1,0.0,0.0
2025-04-26 02:00,248.2,0.0,0.0
2025-04-26 03:00,263.4,0.0,0.0
2025-04-26 04:00,270.1,0.0,0.0
2025-04-26 05:00,256.8,8.29,0.0
2025-04-26 06:00,405.2,195.38,0.0
2025-04-26 07:00,408.4,431.23,-22.83
2025-04-26 08:00,373.5,636.48,-262.98
2025-04-26 09:00,431.1,836.68,-405.58
2025-04-26 10:00,421.0,945.6,-500.0
2025-04-26 11:00,445.7,980.76,-500.0
2025-04-26 12:00,418.0,967.61,-224.37
2025-04-26 13:00,482.4,910.22,-0.0
2025-04-26 14:00,462.3,759.57,-0.0
2025-04-26 15:00,334.5,620.47,-0.0
2025-04-26 16:00,354.9,417.58,-0.0
2025-04-26 17:00,320.8,187.22,133.58
2025-04-26 18:00,328.1,7.95,320.15
2025-04-26 19:00,282.4,0.0,282.4
2025-04-26 20:00,307.2,0.0,307.2
2025-04-26 21:00,297.3,0.0,0.0
2025-04-26 22:00,289.5,0.0,0.0
2025-04-26 23:00,279.7,0.0,0.0
2025-04-27 00:00,252.5,0.0,0.0
2025-04-27 01:00,275.0,0.0,0.0
2025-04-27 02:00,268.9,0.0,0.0
2025-04-27 03:00,266.9,0.0,0.0
2025-04-27 04:00,257.3,0.0,0.0
2025-04-27 05:00,250.9,11.09,0.0
2025-04-27 06:00,253.5,205.37,0.0
2025-04-27 07:00,247.7,475.45,-227.75
2025-04-27 08:00,276.1,671.31,-395.21
2025-04-27 09:00,262.6,883.54,-500.0
2025-04-27 10:00,305.4,997.31,-62.64
2025-04-27 11:00,287.6,1076.71,-0.0
2025-04-27 12:00,315.3,1013.88,-0.0
2025-04-27 13:00,322.7,992.62,-0.0
2025-04-27 14:00,322.5,896.61,-0.0
2025-04-27 15:00,333.1,664.29,-0.0
2025-04-27 16:00,336.8,454.64,-0.0
2025-04-27 17:00,324.6,198.27,126.33
2025-04-27 18:00,314.1,11.95,302.15
2025-04-27 19:00,327.4,0.0,327.4
2025-04-27 20:00,283.6,0.0,283.6
2025-04-27 21:00,296.2,0.0,0.0
2025-04-27 22:00,278.4,0.0,0.0
2025-04-27 23:00,244.3,0.0,0.0
2025-04-28 00:00,261.3,0.0,0.0
2025-04-28 01:00,236.3,0.0,0.0
2025-04-28 02:00,272.9,0.0,0.0
2025-04-28 03:00,262.1,0.0,0.0
2025-04-28 04:00,261.4,0.0,0.0
2025-04-28 05:00,262.3,15.36,0.0
2025-04-28 06:00,426.4,224.47,0.0
2025-04-28 07:00,530.6,501.94,0.0
2025-04-28 08:00,536.3,737.1,-200.8
2025-04-28 09:00,544.9,915.84,-370.94
2025-04-28 10:00,566.8,1035.35,-468.55
2025-04-28 11:00,552.2,1048.56,-140.94
2025-04-28 12:00,578.3,1039.52,-0.0
2025-04-28 13:00,636.2,1004.9,-0.0
2025-04-28 14:00,639.3,924.59,-0.0
2025-04-28 15:00,632.6,722.08,-0.0
2025-04-28 16:00,602.4,473.67,128.73
2025-04-28 17:00,501.7,210.1,291.6
2025-04-28 18:00,443.4,14.72,428.68
2025-04-28 19:00,364.8,0.0,364.8
2025-04-28 20:00,375.4,0.0,375.4
2025-04-28 21:00,301.0,0.0,0.0
2025-04-28 22:00,252.3,0.0,0.0
2025-04-28 23:00,274.9,0.0,0.0
2025-04-29 00:00,256.7,0.0,0.0
2025-04-29 01:00,275.9,0.0,0.0
2025-04-29 02:00,268.9,0.0,0.0
2025-04-29 03:00,272.5,0.0,0.0
2025-04-29 04:00,243.2,0.0,0.0
2025-04-29 05:00,253.0,19.53,0.0
2025-04-29 06:00,408.5,225.78,0.0
2025-04-29 07:00,499.7,485.65,0.0
2025-04-29 08:00,575.9,777.19,-201.29
2025-04-29 09:00,561.4,953.8,-392.4
2025-04-29 10:00,611.5,1072.43,-460.93
2025-04-29 11:00,589.8,1117.52,-500.0
2025-04-29 12:00,576.5,1135.7,-251.3
2025-04-29 13:00,630.0,1067.4,-0.0
2025-04-29 14:00,614.3,975.03,-0.0
2025-04-29 15:00,645.6,725.71,-0.0
2025-04-29 16:00,629.1,509.82,119.28
2025-04-29 17:00,532.4,220.3,312.1
2025-04-29 18:00,428.9,17.39,411.51
2025-04-29 19:00,402.0,0.0,402.0
2025-04-29 20:00,338.6,0.0,338.6
2025-04-29 21:00,292.8,0.0,0.0
2025-04-29 22:00,264.4,0.0,0.0
2025-04-29 23:00,263.6,0.0,0.0
2025-04-30 00:00,271.1,0.0,0.0
2025-04-30 01:00,265.7,0.0,0.0
2025-04-30 02:00,256.9,0.0,0.0
2025-04-30 03:00,258.6,0.0,0.0
2025-04-30 04:00,279.8,0.0,0.0
2025-04-30 05:00,232.2,19.38,0.0
2025-04-30 06:00,414.3,205.16,0.0
2025-04-30 07:00,589.8,475.04,0.0
2025-04-30 08:00,584.4,672.2,-87.8
2025-04-30 09:00,553.7,846.19,-292.49
2025-04-30 10:00,588.1,951.59,-363.49
2025-04-30 11:00,587.1,996.83,-409.73
2025-04-30 12:00,609.4,1017.67,-408.27
2025-04-30 13:00,650.8,935.35,-237.64
2025-04-30 14:00,626.1,824.1,-0.0
2025-04-30 15:00,598.5,641.15,-0.0
2025-04-30 16:00,590.7,437.94,152.76
2025-04-30 17:00,543.8,201.55,342.25
2025-04-30 18:00,434.3,18.57,415.73
2025-04-30 19:00,435.3,0.0,435.3
2025-04-30 20:00,371.0,0.0,371.0
2025-04-30 21:00,302.0,0.0,0.0
2025-04-30 22:00,273.8,0.0,0.0
2025-04-30 23:00,246.8,0.0,0.0
2025-05-01 00:00,273.1,0.0,0.0
2025-05-01 01:00,254.2,0.0,0.0
2025-05-01 02:00,242.0,0.0,0.0
2025-05-01 03:00,267.1,0.0,0.0
2025-05-01 04:00,245.5,0.0,0.0
2025-05-01 05:00,261.4,6.95,0.0
2025-05-01 06:00,391.2,231.37,0.0
2025-05-01 07:00,507.9,486.66,0.0
2025-05-01 08:00,544.3,736.38,-192.08
2025-05-01 09:00,565.4,931.97,-366.57
2025-05-01 10:00,566.8,971.02,-404.22
2025-05-01 11:00,632.5,1106.64,-474.14
2025-05-01 12:00,568.7,1107.59,-500.0
2025-05-01 13:00,642.1,1043.94,-14.17
2025-05-01 14:00,598.7,886.56,-0.0
2025-05-01 15:00,615.5,692.36,-0.0
2025-05-01 16:00,586.2,482.79,103.41
2025-05-01 17:00,552.0,214.14,337.86
2025-05-01 18:00,440.9,6.63,434.27
2025-05-01 19:00,393.1,0.0,393.1
2025-05-01 20:00,401.0,0.0,401.0
2025-05-01 21:00,317.2,0.0,0.0
2025-05-01 22:00,275.5,0.0,0.0
2025-05-01 23:00,263.2,0.0,0.0
2025-05-02 00:00,266.4,0.0,0.0
2025-05-02 01:00,255.9,0.0,0.0
2025-05-02 02:00,249.3,0.0,0.0
2025-05-02 03:00,255.9,0.0,0.0
2025-05-02 04:00,263.5,0.0,0.0
2025-05-02 05:00,251.2,9.71,0.0
2025-05-02 06:00,410.9,218.91,0.0
2025-05-02 07:00,544.5,465.26,0.0
2025-05-02 08:00,561.5,694.62,-133.12
2025-05-02 09:00,559.4,856.25,-296.85
2025-05-02 10:00,607.5,987.89,-380.39
2025-05-02 11:00,586.2,1021.9,-435.7
2025-05-02 12:00,557.6,1003.37,-445.77
2025-05-02 13:00,627.2,950.99,-205.49
2025-05-02 14:00,600.5,851.44,-0.0
2025-05-02 15:00,585.8,684.24,-0.0
2025-05-02 16:00,618.7,474.3,144.4
2025-05-02 17:00,606.7,207.4,399.3
2025-05-02 18:00,434.9,9.26,425.64
2025-05-02 19:00,406.3,0.0,406.3
2025-05-02 20:00,376.7,0.0,376.7
2025-05-02 21:00,328.3,0.0,0.0
2025-05-02 22:00,274.9,0.0,0.0
2025-05-02 23:00,258.6,0.0,0.0
2025-05-03 00:00,276.7,0.0,0.0
2025-05-03 01:00,248.2,0.0,0.0
2025-05-03 02:00,272.1,0.0,0.0
2025-05-03 03:00,254.9,0.0,0.0
2025-05-03 04:00,279.2,0.0,0.0
2025-05-03 05:00,252.7,9.59,0.0
2025-05-03 06:00,368.8,233.23,0.0
2025-05-03 07:00,395.2,537.19,-141.99
2025-05-03 08:00,361.1,714.23,-353.13
2025-05-03 09:00,450.4,900.59,-450.19
2025-05-03 10:00,437.3,1064.56,-500.0
2025-05-03 11:00,488.2,1127.02,-500.0
2025-05-03 12:00,451.6,1119.67,-45.99
2025-05-03 13:00,491.1,1022.57,-0.0
2025-05-03 14:00,501.5,880.32,-0.0
2025-05-03 15:00,378.3,720.08,-0.0
2025-05-03 16:00,336.6,477.88,-0.0
2025-05-03 17:00,373.1,231.85,141.25
2025-05-03 18:00,367.4,7.83,359.57
2025-05-03 19:00,359.5,0.0,359.5
2025-05-03 20:00,331.4,0.0,331.4
2025-05-03 21:00,290.2,0.0,0.0
2025-05-03 22:00,301.5,0.0,0.0
2025-05-03 23:00,271.0,0.0,0.0
2025-05-04 00:00,273.7,0.0,0.0
2025-05-04 01:00,268.0,0.0,0.0
2025-05-04 02:00,238.7,0.0,0.0
2025-05-04 03:00,259.6,0.0,0.0
2025-05-04 04:00,258.2,0.0,0.0
2025-05-04 05:00,260.1,10.95,0.0
2025-05-04 06:00,265.6,226.61,0.0
2025-05-04 07:00,269.2,488.69,-219.49
2025-05-04 08:00,310.5,689.71,-379.21
2025-05-04 09:00,303.5,886.32,-500.0
2025-05-04 10:00,331.9,936.95,-255.53
2025-05-04 11:00,337.1,1048.17,-0.0
2025-05-04 12:00,369.5,1056.06,-0.0
2025-05-04 13:00,346.8,1023.63,-0.0
2025-05-04 14:00,371.7,892.03,-0.0
2025-05-04 15:00,354.4,697.28,-0.0
2025-05-04 16:00,360.8,451.83,-0.0
2025-05-04 17:00,352.6,218.13,134.47
2025-05-04 18:00,383.3,10.43,372.87
2025-05-04 19:00,324.8,0.0,324.8
2025-05-04 20:00,329.0,0.0,329.0
2025-05-04 21:00,305.7,0.0,0.0
2025-05-04 22:00,309.2,0.0,0.0
2025-05-04 23:00,283.7,0.0,0.0
2025-05-05 00:00,240.3,0.0,0.0
2025-05-05 01:00,254.2,0.0,0.0
2025-05-05 02:00,278.4,0.0,0.0
2025-05-05 03:00,263.9,0.0,0.0
2025-05-05 04:00,260.6,0.0,0.0
2025-05-05 05:00,251.4,11.04,0.0
2025-05-05 06:00,417.5,236.35,0.0
2025-05-05 07:00,580.2,505.13,0.0
2025-05-05 08:00,591.5,748.38,-156.88
2025-05-05 09:00,564.8,894.17,-329.37
2025-05-05 10:00,623.7,1024.21,-400.51
2025-05-05 11:00,633.8,1133.55,-432.72
2025-05-05 12:00,618.8,1103.39,-0.0
2025-05-05 13:00,649.6,1055.39,-0.0
2025-05-05 14:00,654.6,854.56,-0.0
2025-05-05 15:00,615.1,716.86,-0.0
2025-05-05 16:00,675.7,507.28,168.42
2025-05-05 17:00,591.9,230.11,361.79
2025-05-05 18:00,463.6,10.52,453.08
2025-05-05 19:00,412.4,0.0,412.4
2025-05-05 20:00,381.6,0.0,381.6
2025-05-05 21:00,354.0,0.0,0.0
2025-05-05 22:00,272.4,0.0,0.0
2025-05-05 23:00,260.4,0.0,0.0
2025-05-06 00:00,265.6,0.0,0.0
2025-05-06 01:00,260.4,0.0,0.0
2025-05-06 02:00,276.0,0.0,0.0
2025-05-06 03:00,247.8,0.0,0.0
2025-05-06 04:00,245.8,0.0,0.0
2025-05-06 05:00,268.5,8.2,0.0
2025-05-06 06:00,408.1,253.66,0.0
2025-05-06 07:00,578.0,550.76,0.0
2025-05-06 08:00,584.0,804.22,-220.22
2025-05-06 09:00,628.0,991.43,-363.43
2025-05-06 10:00,614.9,1129.66,-500.0
2025-05-06 11:00,668.2,1149.49,-481.29
2025-05-06 12:00,613.2,1182.09,-454.71
2025-05-06 13:00,654.2,1107.46,-0.0
2025-05-06 14:00,674.5,969.22,-0.0
2025-05-06 15:00,649.4,766.63,-0.0
2025-05-06 16:00,661.5,512.01,149.49
2025-05-06 17:00,596.1,232.51,363.59
2025-05-06 18:00,444.1,9.11,434.99
2025-05-06 19:00,417.1,0.0,417.1
2025-05-06 20:00,389.4,0.0,389.4
2025-05-06 21:00,356.4,0.0,0.0
2025-05-06 22:00,312.3,0.0,0.0
2025-05-06 23:00,300.2,0.0,0.0
2025-05-07 00:00,272.6,0.0,0.0
2025-05-07 01:00,264.4,0.0,0.0
2025-05-07 02:00,252.7,0.0,0.0
2025-05-07 03:00,250.7,0.0,0.0
2025-05-07 04:00,282.1,0.0,0.0
2025-05-07 05:00,257.9,8.2,0.0
2025-05-07 06:00,407.3,254.6,0.0
2025-05-07 07:00,522.2,529.25,-7.05
2025-05-07 08:00,602.0,769.64,-167.64
2025-05-07 09:00,590.3,996.58,-406.28
2025-05-07 10:00,663.2,1125.83,-462.63
2025-05-07 11:00,620.8,1178.38,-500.0
2025-05-07 12:00,616.8,1185.3,-450.23
2025-05-07 13:00,676.0,1103.02,-0.0
2025-05-07 14:00,693.9,950.56,-0.0
2025-05-07 15:00,691.3,758.55,-0.0
2025-05-07 16:00,632.8,523.93,101.56
2025-05-07 17:00,625.4,242.57,375.52
2025-05-07 18:00,464.3,9.11,447.88
2025-05-07 19:00,454.1,0.0,446.79
2025-05-07 20:00,417.9,0.0,410.59
2025-05-07 21:00,384.5,0.0,0.0
2025-05-07 22:00,302.3,0.0,0.0
2025-05-07 23:00,290.0,0.0,0.0
2025-05-08 00:00,263.7,0.0,0.0
2025-05-08 01:00,260.8,0.0,0.0
2025-05-08 02:00,266.7,0.0,0.0
2025-05-08 03:00,273.5,0.0,0.0
2025-05-08 04:00,259.2,0.0,0.0
2025-05-08 05:00,240.1,11.01,0.0
2025-05-08 06:00,411.4,249.77,0.0
2025-05-08 07:00,527.3,530.8,-3.5
2025-05-08 08:00,626.1,779.09,-152.99
2025-05-08 09:00,595.4,943.8,-348.4
2025-05-08 10:00,610.7,1086.59,-475.89
2025-05-08 11:00,607.5,1084.83,-477.33
2025-05-08 12:00,597.3,1163.49,-500.0
2025-05-08 13:00,654.7,1118.09,-67.3
2025-05-08 14:00,648.0,982.91,-0.0
2025-05-08 15:00,656.9,750.26,-0.0
2025-05-08 16:00,643.9,491.96,149.69
2025-05-08 17:00,600.0,239.3,358.45
2025-05-08 18:00,459.7,13.11,444.34
2025-05-08 19:00,437.6,0.0,435.35
2025-05-08 20:00,396.8,0.0,394.55
2025-05-08 21:00,332.4,0.0,0.0
2025-05-08 22:00,283.8,0.0,0.0
2025-05-08 23:00,265.6,0.0,0.0
2025-05-09 00:00,263.6,0.0,0.0
2025-05-09 01:00,270.4,0.0,0.0
2025-05-09 02:00,252.5,0.0,0.0
2025-05-09 03:00,269.2,0.0,0.0
2025-05-09 04:00,258.5,0.0,0.0
2025-05-09 05:00,273.7,13.83,0.0
2025-05-09 06:00,410.0,245.93,0.0
2025-05-09 07:00,562.2,518.27,0.0
2025-05-09 08:00,569.5,728.55,-159.05
2025-05-09 09:00,589.3,863.99,-274.69
2025-05-09 10:00,615.9,1047.97,-432.07
2025-05-09 11:00,602.6,1048.29,-445.69
2025-05-09 12:00,604.2,989.04,-384.84
2025-05-09 13:00,627.7,1023.08,-329.07
2025-05-09 14:00,636.9,880.74,-0.0
2025-05-09 15:00,628.9,724.77,-0.0
2025-05-09 16:00,648.1,488.58,159.52
2025-05-09 17:00,548.7,232.07,316.63
2025-05-09 18:00,458.6,14.49,444.11
2025-05-09 19:00,408.7,0.0,408.7
2025-05-09 20:00,408.7,0.0,408.7
2025-05-09 21:00,316.5,0.0,0.0
2025-05-09 22:00,286.8,0.0,0.0
2025-05-09 23:00,281.7,0.0,0.0
2025-05-10 00:00,268.3,0.0,0.0
2025-05-10 01:00,255.0,0.0,0.0
2025-05-10 02:00,257.6,0.0,0.0
2025-05-10 03:00,272.3,0.0,0.0
2025-05-10 04:00,260.5,0.0,0.0
2025-05-10 05:00,268.8,17.76,0.0
2025-05-10 06:00,386.3,228.53,0.0
2025-05-10 07:00,375.8,471.91,-96.11
2025-05-10 08:00,416.6,704.16,-287.56
2025-05-10 09:00,469.4,835.13,-365.73
2025-05-10 10:00,508.4,903.03,-394.63
2025-05-10 11:00,462.2,980.18,-500.0
2025-05-10 12:00,497.6,912.24,-330.58
2025-05-10 13:00,539.9,919.63,-0.0
2025-05-10 14:00,471.6,821.81,-0.0
2025-05-10 15:00,351.1,627.79,-0.0
2025-05-10 16:00,380.2,451.38,-0.0
2025-05-10 17:00,395.2,221.46,173.74
2025-05-10 18:00,339.2,16.91,322.29
2025-05-10 19:00,331.6,0.0,331.6
2025-05-10 20:00,335.0,0.0,335.0
2025-05-10 21:00,299.9,0.0,0.0
2025-05-10 22:00,302.6,0.0,0.0
2025-05-10 23:00,271.9,0.0,0.0
2025-05-11 00:00,282.8,0.0,0.0
2025-05-11 01:00,268.8,0.0,0.0
2025-05-11 02:00,250.0,0.0,0.0
2025-05-11 03:00,246.7,0.0,0.0
2025-05-11 04:00,255.4,0.0,0.0
2025-05-11 05:00,261.0,17.69,0.0
2025-05-11 06:00,281.7,246.09,0.0
2025-05-11 07:00,291.2,489.21,-198.01
2025-05-11 08:00,304.0,753.07,-449.07
2025-05-11 09:00,311.0,909.51,-500.0
2025-05-11 10:00,341.0,1021.11,-174.09
2025-05-11 11:00,367.7,1062.68,-0.0
2025-05-11 12:00,370.3,1084.12,-0.0
2025-05-11 13:00,405.5,1015.73,-0.0
2025-05-11 14:00,375.6,883.53,-0.0
2025-05-11 15:00,392.8,705.14,-0.0
2025-05-11 16:00,359.3,485.98,-0.0
2025-05-11 17:00,373.1,235.42,137.68
2025-05-11 18:00,357.5,16.84,340.66
2025-05-11 19:00,327.7,0.0,327.7
2025-05-11 20:00,350.1,0.0,350.1
2025-05-11 21:00,324.9,0.0,0.0
2025-05-11 22:00,333.5,0.0,0.0
2025-05-11 23:00,276.5,0.0,0.0
2025-05-12 00:00,260.5,0.0,0.0
2025-05-12 01:00,257.2,0.0,0.0
2025-05-12 02:00,284.5,0.0,0.0
2025-05-12 03:00,266.7,0.0,0.0
2025-05-12 04:00,252.8,0.0,0.0
2025-05-12 05:00,259.7,20.7,0.0
2025-05-12 06:00,411.2,236.43,0.0
2025-05-12 07:00,536.3,471.2,0.0
2025-05-12 08:00,564.0,692.19,-128.19
2025-05-12 09:00,594.0,894.2,-300.2
2025-05-12 10:00,586.6,988.07,-401.47
2025-05-12 11:00,619.6,1044.71,-425.11
2025-05-12 12:00,638.4,980.27,-58.83
2025-05-12 13:00,625.1,984.0,-0.0
2025-05-12 14:00,632.0,824.06,-0.0
2025-05-12 15:00,678.9,681.76,-0.0
2025-05-12 16:00,634.2,458.54,175.66
2025-05-12 17:00,580.8,225.37,355.43
2025-05-12 18:00,466.0,19.72,446.28
2025-05-12 19:00,393.7,0.0,393.7
2025-05-12 20:00,403.0,0.0,403.0
2025-05-12 21:00,319.3,0.0,0.0
2025-05-12 22:00,277.5,0.0,0.0
2025-05-12 23:00,264.8,0.0,0.0
2025-05-13 00:00,279.2,0.0,0.0
2025-05-13 01:00,262.3,0.0,0.0
2025-05-13 02:00,267.3,0.0,0.0
2025-05-13 03:00,245.9,0.0,0.0
2025-05-13 04:00,263.7,0.0,0.0
2025-05-13 05:00,260.5,16.56,0.0
2025-05-13 06:00,425.6,258.52,0.0
2025-05-13 07:00,496.8,526.54,-29.74
2025-05-13 08:00,538.1,753.25,-215.15
2025-05-13 09:00,566.3,941.63,-375.33
2025-05-13 10:00,580.0,1038.32,-458.32
2025-05-13 11:00,571.6,1143.95,-500.0
2025-05-13 12:00,620.7,1117.62,-437.45
2025-05-13 13:00,653.2,1069.37,-0.0
2025-05-13 14:00,732.4,896.47,-0.0
2025-05-13 15:00,636.5,747.87,-0.0
2025-05-13 16:00,660.3,528.63,131.67
2025-05-13 17:00,584.1,247.79,336.31
2025-05-13 18:00,461.5,14.47,447.03
2025-05-13 19:00,414.7,0.0,414.7
2025-05-13 20:00,386.4,0.0,386.4
2025-05-13 21:00,336.9,0.0,0.0
2025-05-13 22:00,266.2,0.0,0.0
2025-05-13 23:00,272.8,0.0,0.0
2025-05-14 00:00,257.5,0.0,0.0
2025-05-14 01:00,262.4,0.0,0.0
2025-05-14 02:00,266.2,0.0,0.0
2025-05-14 03:00,246.9,0.0,0.0
2025-05-14 04:00,254.7,0.0,0.0
2025-05-14 05:00,266.8,15.18,0.0
2025-05-14 06:00,415.0,262.73,0.0
2025-05-14 07:00,512.5,567.76,-55.26
2025-05-14 08:00,592.2,776.05,-183.85
2025-05-14 09:00,573.9,962.22,-388.32
2025-05-14 10:00,641.5,1116.21,-474.71
2025-05-14 11:00,601.6,1116.54,-500.0
2025-05-14 12:00,582.7,1183.17,-347.98
2025-05-14 13:00,632.8,1085.39,-0.0
2025-05-14 14:00,678.3,988.68,-0.0
2025-05-14 15:00,654.6,792.86,-0.0
2025-05-14 16:00,712.6,544.2,168.4
2025-05-14 17:00,586.5,252.92,333.58
2025-05-14 18:00,443.8,13.14,430.66
2025-05-14 19:00,429.3,0.0,429.3
2025-05-14 20:00,395.3,0.0,395.3
2025-05-14 21:00,322.9,0.0,0.0
2025-05-14 22:00,289.3,0.0,0.0
2025-05-14 23:00,266.9,0.0,0.0
2025-05-15 00:00,270.2,0.0,0.0
2025-05-15 01:00,244.9,0.0,0.0
2025-05-15 02:00,284.3,0.0,0.0
2025-05-15 03:00,252.4,0.0,0.0
2025-05-15 04:00,263.4,0.0,0.0
2025-05-15 05:00,258.1,16.53,0.0
2025-05-15 06:00,426.4,263.72,0.0
2025-05-15 07:00,534.7,524.94,0.0
2025-05-15 08:00,599.8,750.87,-151.07
2025-05-15 09:00,608.2,984.89,-376.69
2025-05-15 10:00,589.9,1046.54,-456.64
2025-05-15 11:00,624.2,1172.95,-500.0
2025-05-15 12:00,635.4,1187.37,-500.0
2025-05-15 13:00,638.5,1114.64,-12.46
2025-05-15 14:00,648.8,941.99,-0.0
2025-05-15 15:00,662.3,751.81,-0.0
2025-05-15 16:00,633.7,524.81,108.89
2025-05-15 17:00,574.8,252.76,322.04
2025-05-15 18:00,496.7,18.37,478.33
2025-05-15 19:00,457.1,0.0,457.1
2025-05-15 20:00,404.0,0.0,404.0
2025-05-15 21:00,338.7,0.0,0.0
2025-05-15 22:00,280.8,0.0,0.0
2025-05-15 23:00,284.4,0.0,0.0
2025-05-16 00:00,257.2,0.0,0.0
2025-05-16 01:00,257.6,0.0,0.0
2025-05-16 02:00,252.8,0.0,0.0
2025-05-16 03:00,244.2,0.0,0.0
2025-05-16 04:00,252.0,0.0,0.0
2025-05-16 05:00,261.0,20.55,0.0
2025-05-16 06:00,406.7,256.88,0.0
2025-05-16 07:00,545.7,531.99,0.0
2025-05-16 08:00,582.9,751.3,-168.4
2025-05-16 09:00,573.0,854.29,-281.29
2025-05-16 10:00,608.5,1054.33,-445.83
2025-05-16 11:00,643.5,1059.69,-416.19
2025-05-16 12:00,587.8,1084.8,-497.0
2025-05-16 13:00,647.5,1029.98,-203.06
2025-05-16 14:00,641.7,897.69,-0.0
2025-05-16 15:00,619.7,771.35,-0.0
2025-05-16 16:00,631.4,506.77,115.33
2025-05-16 17:00,595.8,240.02,346.48
2025-05-16 18:00,502.1,19.57,473.23
2025-05-16 19:00,434.2,0.0,424.9
2025-05-16 20:00,431.7,0.0,422.4
2025-05-16 21:00,342.0,0.0,0.0
2025-05-16 22:00,280.6,0.0,0.0
2025-05-16 23:00,273.0,0.0,0.0
2025-05-17 00:00,254.4,0.0,0.0
2025-05-17 01:00,272.0,0.0,0.0
2025-05-17 02:00,253.9,0.0,0.0
2025-05-17 03:00,272.2,0.0,0.0
2025-05-17 04:00,264.2,0.0,0.0
2025-05-17 05:00,257.0,19.25,0.0
2025-05-17 06:00,407.6,274.84,0.0
2025-05-17 07:00,409.5,571.34,-161.84
2025-05-17 08:00,403.2,800.46,-397.26
2025-05-17 09:00,405.7,1005.73,-500.0
2025-05-17 10:00,444.6,1107.76,-500.0
2025-05-17 11:00,465.8,1169.14,-466.31
2025-05-17 12:00,467.6,1139.94,-0.0
2025-05-17 13:00,490.5,1053.34,-0.0
2025-05-17 14:00,498.5,988.31,-0.0
2025-05-17 15:00,389.1,753.52,-0.0
2025-05-17 16:00,338.2,542.0,-0.0
2025-05-17 17:00,347.3,256.8,90.5
2025-05-17 18:00,354.8,17.02,337.78
2025-05-17 19:00,331.6,0.0,331.6
2025-05-17 20:00,326.8,0.0,326.8
2025-05-17 21:00,300.9,0.0,0.0
2025-05-17 22:00,291.2,0.0,0.0
2025-05-17 23:00,286.2,0.0,0.0
2025-05-18 00:00,290.7,0.0,0.0
2025-05-18 01:00,265.0,0.0,0.0
2025-05-18 02:00,273.5,0.0,0.0
2025-05-18 03:00,265.2,0.0,0.0
2025-05-18 04:00,264.5,0.0,0.0
2025-05-18 05:00,257.9,21.8,0.0
2025-05-18 06:00,282.9,260.46,0.0
2025-05-18 07:00,294.1,535.73,-241.63
2025-05-18 08:00,293.7,808.41,-500.0
2025-05-18 09:00,330.1,957.16,-493.23
2025-05-18 10:00,347.1,1057.39,-0.0
2025-05-18 11:00,342.2,1093.89,-0.0
2025-05-18 12:00,371.4,1136.9,-0.0
2025-05-18 13:00,395.1,1062.99,-0.0
2025-05-18 14:00,378.8,897.31,-0.0
2025-05-18 15:00,378.3,763.19,-0.0
2025-05-18 16:00,391.7,515.74,-0.0
2025-05-18 17:00,373.9,254.43,119.47
2025-05-18 18:00,373.9,15.57,358.33
2025-05-18 19:00,342.5,0.0,342.5
2025-05-18 20:00,343.1,0.0,343.1
2025-05-18 21:00,339.5,0.0,0.0
2025-05-18 22:00,285.0,0.0,0.0
2025-05-18 23:00,270.2,0.0,0.0
2025-05-19 00:00,271.1,0.0,0.0
2025-05-19 01:00,263.8,0.0,0.0
2025-05-19 02:00,243.8,0.0,0.0
2025-05-19 03:00,254.4,0.0,0.0
2025-05-19 04:00,267.3,0.0,0.0
2025-05-19 05:00,270.7,20.42,0.0
2025-05-19 06:00,454.6,263.12,0.0
2025-05-19 07:00,594.0,535.88,0.0
2025-05-19 08:00,583.2,753.0,-169.8
2025-05-19 09:00,645.8,888.6,-242.8
2025-05-19 10:00,618.3,1061.56,-443.26
2025-05-19 11:00,601.0,1137.01,-466.19
2025-05-19 12:00,596.9,1070.37,-0.0
2025-05-19 13:00,658.7,990.12,-0.0
2025-05-19 14:00,668.0,883.12,-0.0
2025-05-19 15:00,616.3,729.95,-0.0
2025-05-19 16:00,634.8,490.52,135.56
2025-05-19 17:00,608.1,256.92,342.46
2025-05-19 18:00,490.5,24.62,457.16
2025-05-19 19:00,445.3,0.0,436.58
2025-05-19 20:00,419.3,0.0,410.58
2025-05-19 21:00,391.2,0.0,0.0
2025-05-19 22:00,291.5,0.0,0.0
2025-05-19 23:00,301.3,0.0,0.0
2025-05-20 00:00,280.3,0.0,0.0
2025-05-20 01:00,253.9,0.0,0.0
2025-05-20 02:00,279.2,0.0,0.0
2025-05-20 03:00,241.6,0.0,0.0
2025-05-20 04:00,259.3,0.0,0.0
2025-05-20 05:00,233.2,23.29,0.0
2025-05-20 06:00,436.0,257.03,0.0
2025-05-20 07:00,544.2,500.21,0.0
2025-05-20 08:00,564.9,716.76,-151.86
2025-05-20 09:00,619.5,862.9,-243.4
2025-05-20 10:00,632.0,1063.65,-431.65
2025-05-20 11:00,620.2,1076.74,-456.54
2025-05-20 12:00,691.6,1065.41,-373.81
2025-05-20 13:00,618.7,996.39,-368.15
2025-05-20 14:00,677.2,886.37,-0.0
2025-05-20 15:00,715.8,742.35,-0.0
2025-05-20 16:00,657.7,496.21,160.62
2025-05-20 17:00,576.1,244.81,330.42
2025-05-20 18:00,479.3,20.88,457.55
2025-05-20 19:00,415.8,0.0,414.93
2025-05-20 20:00,419.7,0.0,418.83
2025-05-20 21:00,340.4,0.0,0.0
2025-05-20 22:00,302.4,0.0,0.0
2025-05-20 23:00,287.2,0.0,0.0
2025-05-21 00:00,256.5,0.0,0.0
2025-05-21 01:00,272.4,0.0,0.0
2025-05-21 02:00,266.7,0.0,0.0
2025-05-21 03:00,251.5,0.0,0.0
2025-05-21 04:00,252.4,0.0,0.0
2025-05-21 05:00,257.6,22.02,0.0
2025-05-21 06:00,413.6,283.1,0.0
2025-05-21 07:00,527.7,549.2,-21.5
2025-05-21 08:00,569.3,790.87,-221.57
2025-05-21 09:00,599.1,1012.78,-413.68
2025-05-21 10:00,594.0,1128.8,-500.0
2025-05-21 11:00,603.9,1154.01,-500.0
2025-05-21 12:00,587.1,1196.35,-368.66
2025-05-21 13:00,599.9,1123.21,-0.0
2025-05-21 14:00,650.3,951.58,-0.0
2025-05-21 15:00,664.0,785.08,-0.0
2025-05-21 16:00,674.1,547.74,126.36
2025-05-21 17:00,569.3,268.21,301.09
2025-05-21 18:00,475.0,19.66,455.34
2025-05-21 19:00,434.6,0.0,434.6
2025-05-21 20:00,415.8,0.0,415.8
2025-05-21 21:00,370.1,0.0,0.0
2025-05-21 22:00,280.0,0.0,0.0
2025-05-21 23:00,272.0,0.0,0.0
2025-05-22 00:00,260.5,0.0,0.0
2025-05-22 01:00,275.7,0.0,0.0
2025-05-22 02:00,266.6,0.0,0.0
2025-05-22 03:00,250.6,0.0,0.0
2025-05-22 04:00,264.5,0.0,0.0
2025-05-22 05:00,266.8,29.0,0.0
2025-05-22 06:00,391.9,262.01,0.0
2025-05-22 07:00,518.1,541.59,-23.49
2025-05-22 08:00,601.5,773.55,-172.05
2025-05-22 09:00,554.8,903.57,-348.77
2025-05-22 10:00,603.3,1074.84,-471.54
2025-05-22 11:00,634.5,1108.65,-474.15
2025-05-22 12:00,612.5,1083.83,-471.33
2025-05-22 13:00,650.9,1014.56,-8.2
2025-05-22 14:00,663.3,887.84,-0.0
2025-05-22 15:00,645.8,679.74,-0.0
2025-05-22 16:00,638.2,513.92,124.28
2025-05-22 17:00,567.6,255.68,311.92
2025-05-22 18:00,457.5,26.31,431.19
2025-05-22 19:00,366.4,0.0,366.4
2025-05-22 20:00,400.5,0.0,400.5
2025-05-22 21:00,303.8,0.0,0.0
2025-05-22 22:00,283.3,0.0,0.0
2025-05-22 23:00,258.2,0.0,0.0
2025-05-23 00:00,255.4,0.0,0.0
2025-05-23 01:00,245.9,0.0,0.0
2025-05-23 02:00,270.2,0.0,0.0
2025-05-23 03:00,264.0,0.0,0.0
2025-05-23 04:00,263.1,0.0,0.0
2025-05-23 05:00,240.6,21.89,0.0
2025-05-23 06:00,375.4,277.49,0.0
2025-05-23 07:00,559.5,540.91,0.0
2025-05-23 08:00,604.8,778.05,-173.25
2025-05-23 09:00,620.0,991.7,-371.7
2025-05-23 10:00,611.1,1106.27,-495.17
2025-05-23 11:00,628.2,1179.77,-500.0
2025-05-23 12:00,661.1,1155.48,-317.03
2025-05-23 13:00,671.3,1099.94,-0.0
2025-05-23 14:00,646.5,942.98,-0.0
2025-05-23 15:00,660.3,738.88,-0.0
2025-05-23 16:00,677.0,512.83,164.02
2025-05-23 17:00,575.0,271.51,303.34
2025-05-23 18:00,500.0,22.14,477.71
2025-05-23 19:00,429.9,0.0,429.75
2025-05-23 20:00,407.7,0.0,407.55
2025-05-23 21:00,355.7,0.0,0.0
2025-05-23 22:00,288.4,0.0,0.0
2025-05-23 23:00,271.9,0.0,0.0
2025-05-24 00:00,261.4,0.0,0.0
2025-05-24 01:00,258.6,0.0,0.0
2025-05-24 02:00,256.2,0.0,0.0
2025-05-24 03:00,242.0,0.0,0.0
2025-05-24 04:00,255.2,0.0,0.0
2025-05-24 05:00,251.9,24.89,0.0
2025-05-24 06:00,394.5,287.16,0.0
2025-05-24 07:00,403.5,572.51,-169.01
2025-05-24 08:00,398.1,831.03,-432.93
2025-05-24 09:00,430.8,967.3,-500.0
2025-05-24 10:00,420.4,1098.94,-500.0
2025-05-24 11:00,437.5,1176.73,-423.47
2025-05-24 12:00,476.8,1188.24,-0.0
2025-05-24 13:00,473.7,1123.74,-0.0
2025-05-24 14:00,497.8,931.34,-0.0
2025-05-24 15:00,343.1,787.46,-0.0
2025-05-24 16:00,364.7,555.35,-0.0
2025-05-24 17:00,349.0,276.11,72.89
2025-05-24 18:00,333.3,18.46,314.84
2025-05-24 19:00,309.8,0.0,309.8
2025-05-24 20:00,306.0,0.0,306.0
2025-05-24 21:00,279.3,0.0,0.0
2025-05-24 22:00,267.5,0.0,0.0
2025-05-24 23:00,264.5,0.0,0.0
2025-05-25 00:00,263.7,0.0,0.0
2025-05-25 01:00,257.4,0.0,0.0
2025-05-25 02:00,260.1,0.0,0.0
2025-05-25 03:00,249.3,0.0,0.0
2025-05-25 04:00,263.3,0.0,0.0
2025-05-25 05:00,275.8,23.21,0.0
2025-05-25 06:00,275.4,279.42,-4.02
2025-05-25 07:00,281.4,546.67,-265.27
2025-05-25 08:00,316.1,783.63,-467.53
2025-05-25 09:00,340.6,954.05,-403.55
2025-05-25 10:00,334.5,1043.96,-0.0
2025-05-25 11:00,348.8,1157.15,-0.0
2025-05-25 12:00,362.3,1187.26,-0.0
2025-05-25 13:00,366.8,1095.67,-0.0
2025-05-25 14:00,367.5,939.3,-0.0
2025-05-25 15:00,377.8,783.19,-0.0
2025-05-25 16:00,393.1,534.06,-0.0
2025-05-25 17:00,355.0,267.55,87.45
2025-05-25 18:00,375.2,20.79,354.41
2025-05-25 19:00,380.2,0.0,380.2
2025-05-25 20:00,328.5,0.0,328.5
2025-05-25 21:00,328.0,0.0,0.0
2025-05-25 22:00,317.8,0.0,0.0
2025-05-25 23:00,277.6,0.0,0.0
2025-05-26 00:00,258.9,0.0,0.0
2025-05-26 01:00,245.6,0.0,0.0
2025-05-26 02:00,244.8,0.0,0.0
2025-05-26 03:00,282.8,0.0,0.0
2025-05-26 04:00,261.6,0.0,0.0
2025-05-26 05:00,243.0,33.11,0.0
2025-05-26 06:00,424.4,278.9,0.0
2025-05-26 07:00,543.7,534.93,0.0
2025-05-26 08:00,571.4,761.84,-190.44
2025-05-26 09:00,585.3,930.31,-345.01
2025-05-26 10:00,625.3,1044.48,-419.18
2025-05-26 11:00,645.2,1170.55,-352.82
2025-05-26 12:00,631.5,1131.9,-0.0
2025-05-26 13:00,634.9,1028.02,-0.0
2025-05-26 14:00,647.3,935.8,-0.0
2025-05-26 15:00,596.7,738.61,-0.0
2025-05-26 16:00,607.6,516.33,91.27
2025-05-26 17:00,556.6,266.67,289.93
2025-05-26 18:00,480.0,28.91,451.09
2025-05-26 19:00,428.9,0.0,428.9
2025-05-26 20:00,356.0,0.0,356.0
2025-05-26 21:00,328.3,0.0,0.0
2025-05-26 22:00,269.2,0.0,0.0
2025-05-26 23:00,270.9,0.0,0.0
2025-05-27 00:00,262.9,0.0,0.0
2025-05-27 01:00,270.5,0.0,0.0
2025-05-27 02:00,243.1,0.0,0.0
2025-05-27 03:00,257.9,0.0,0.0
2025-05-27 04:00,232.0,0.0,0.0
2025-05-27 05:00,256.5,27.58,0.0
2025-05-27 06:00,428.1,286.06,0.0
2025-05-27 07:00,517.7,543.96,-26.26
2025-05-27 08:00,557.6,832.36,-274.76
2025-05-27 09:00,623.6,971.04,-347.44
2025-05-27 10:00,611.3,1101.11,-489.81
2025-05-27 11:00,633.9,1176.2,-500.0
2025-05-27 12:00,641.0,1179.16,-199.45
2025-05-27 13:00,678.8,1044.0,-0.0
2025-05-27 14:00,599.1,988.16,-0.0
2025-05-27 15:00,677.8,767.51,-0.0
2025-05-27 16:00,634.7,534.16,100.54
2025-05-27 17:00,566.8,266.85,299.95
2025-05-27 18:00,427.0,19.71,407.29
2025-05-27 19:00,409.3,0.0,409.3
2025-05-27 20:00,377.7,0.0,377.7
2025-05-27 21:00,352.4,0.0,0.0
2025-05-27 22:00,276.2,0.0,0.0
2025-05-27 23:00,259.2,0.0,0.0
2025-05-28 00:00,281.2,0.0,0.0
2025-05-28 01:00,263.9,0.0,0.0
2025-05-28 02:00,255.8,0.0,0.0
2025-05-28 03:00,266.4,0.0,0.0
2025-05-28 04:00,257.7,0.0,0.0
2025-05-28 05:00,241.6,30.11,0.0
2025-05-28 06:00,436.7,270.12,0.0
2025-05-28 07:00,566.0,547.0,0.0
2025-05-28 08:00,534.8,750.64,-215.84
2025-05-28 09:00,620.2,894.86,-274.66
2025-05-28 10:00,671.2,1077.63,-406.43
2025-05-28 11:00,635.1,1108.02,-472.92
2025-05-28 12:00,620.6,1109.23,-442.4
2025-05-28 13:00,681.5,1063.81,-0.0
2025-05-28 14:00,656.0,930.74,-0.0
2025-05-28 15:00,679.0,705.5,-0.0
2025-05-28 16:00,652.3,504.92,147.38
2025-05-28 17:00,584.1,257.11,326.99
2025-05-28 18:00,473.0,24.77,448.23
2025-05-28 19:00,424.0,0.0,424.0
2025-05-28 20:00,420.9,0.0,420.9
2025-05-28 21:00,368.1,0.0,0.0
2025-05-28 22:00,313.6,0.0,0.0
2025-05-28 23:00,277.9,0.0,0.0
2025-05-29 00:00,259.6,0.0,0.0
2025-05-29 01:00,250.3,0.0,0.0
2025-05-29 02:00,253.2,0.0,0.0
2025-05-29 03:00,263.2,0.0,0.0
2025-05-29 04:00,267.7,0.0,0.0
2025-05-29 05:00,249.0,34.43,0.0
2025-05-29 06:00,396.7,264.23,0.0
2025-05-29 07:00,557.2,493.63,0.0
2025-05-29 08:00,601.0,697.46,-96.46
2025-05-29 09:00,587.8,874.82,-287.02
2025-05-29 10:00,612.9,967.62,-354.72
2025-05-29 11:00,620.5,1013.05,-392.55
2025-05-29 12:00,630.7,1065.09,-434.39
2025-05-29 13:00,595.4,946.35,-350.95
2025-05-29 14:00,700.9,872.1,-92.43
2025-05-29 15:00,652.9,661.19,-0.0
2025-05-29 16:00,653.9,501.28,152.62
2025-05-29 17:00,574.1,251.46,322.64
2025-05-29 18:00,479.1,31.49,447.61
2025-05-29 19:00,394.3,0.0,394.3
2025-05-29 20:00,389.9,0.0,389.9
2025-05-29 21:00,348.6,0.0,0.0
2025-05-29 22:00,282.8,0.0,0.0
2025-05-29 23:00,274.8,0.0,0.0
2025-05-30 00:00,261.2,0.0,0.0
2025-05-30 01:00,260.3,0.0,0.0
2025-05-30 02:00,247.4,0.0,0.0
2025-05-30 03:00,255.0,0.0,0.0
2025-05-30 04:00,253.1,0.0,0.0
2025-05-30 05:00,268.8,35.68,0.0
2025-05-30 06:00,402.6,281.59,0.0
2025-05-30 07:00,552.4,539.07,0.0
2025-05-30 08:00,596.1,710.03,-113.93
2025-05-30 09:00,587.0,851.38,-264.38
2025-05-30 10:00,609.5,974.26,-364.76
2025-05-30 11:00,629.3,1048.48,-419.18
2025-05-30 12:00,681.2,1092.27,-411.07
2025-05-30 13:00,677.1,974.96,-297.86
2025-05-30 14:00,596.7,858.84,-68.67
2025-05-30 15:00,677.3,699.84,-0.0
2025-05-30 16:00,661.1,471.01,190.09
2025-05-30 17:00,562.5,255.5,307.0
2025-05-30 18:00,479.6,31.37,448.23
2025-05-30 19:00,414.9,0.0,414.9
2025-05-30 20:00,395.8,0.0,395.8
2025-05-30 21:00,342.3,0.0,0.0
2025-05-30 22:00,274.2,0.0,0.0
2025-05-30 23:00,267.6,0.0,0.0
2025-05-31 00:00,255.5,0.0,0.0
2025-05-31 01:00,266.5,0.0,0.0
2025-05-31 02:00,264.2,0.0,0.0
2025-05-31 03:00,259.5,0.0,0.0
2025-05-31 04:00,245.0,0.0,0.0
2025-05-31 05:00,255.8,28.87,0.0
2025-05-31 06:00,378.6,292.45,0.0
2025-05-31 07:00,391.8,561.78,-169.98
2025-05-31 08:00,389.4,788.23,-398.83
2025-05-31 09:00,419.1,933.81,-500.0
2025-05-31 10:00,448.4,1078.84,-500.0
2025-05-31 11:00,476.7,1139.82,-426.67
2025-05-31 12:00,470.8,1169.54,-0.0
2025-05-31 13:00,469.3,1067.49,-0.0
2025-05-31 14:00,504.7,947.55,-0.0
2025-05-31 15:00,366.4,787.86,-0.0
2025-05-31 16:00,375.4,523.55,-0.0
2025-05-31 17:00,353.2,276.8,76.4
2025-05-31 18:00,329.2,27.49,301.71
2025-05-31 19:00,333.2,0.0,333.2
2025-05-31 20:00,330.4,0.0,330.4
2025-05-31 21:00,286.6,0.0,0.0
2025-05-31 22:00,300.6,0.0,0.0
2025-05-31 23:00,278.2,0.0,0.0
2025-06-01 00:00,306.9,0.0,0.0
2025-06-01 01:00,285.1,0.0,0.0
2025-06-01 02:00,290.9,0.0,0.0
2025-06-01 03:00,284.1,0.0,0.0
2025-06-01 04:00,296.4,0.0,0.0
2025-06-01 05:00,283.3,22.78,0.0
2025-06-01 06:00,326.0,288.22,0.0
2025-06-01 07:00,326.2,543.21,-217.01
2025-06-01 08:00,344.6,764.86,-420.26
2025-06-01 09:00,370.7,947.39,-500.0
2025-06-01 10:00,358.9,1101.44,-46.49
2025-06-01 11:00,418.2,1117.9,-0.0
2025-06-01 12:00,405.7,1126.97,-0.0
2025-06-01 13:00,429.3,1030.31,-0.0
2025-06-01 14:00,448.2,911.44,-0.0
2025-06-01 15:00,426.2,773.92,-0.0
2025-06-01 16:00,445.7,538.4,-0.0
2025-06-01 17:00,391.6,271.54,120.06
2025-06-01 18:00,415.5,26.6,388.9
2025-06-01 19:00,387.7,0.0,387.7
2025-06-01 20:00,386.1,0.0,386.1
2025-06-01 21:00,349.8,0.0,0.0
2025-06-01 22:00,350.9,0.0,0.0
2025-06-01 23:00,305.9,0.0,0.0
2025-06-02 00:00,303.0,0.0,0.0
2025-06-02 01:00,287.8,0.0,0.0
2025-06-02 02:00,274.0,0.0,0.0
2025-06-02 03:00,273.6,0.0,0.0
2025-06-02 04:00,289.8,0.0,0.0
2025-06-02 05:00,304.9,29.64,0.0
2025-06-02 06:00,440.6,283.73,0.0
2025-06-02 07:00,589.1,557.13,0.0
2025-06-02 08:00,612.6,790.31,-177.71
2025-06-02 09:00,658.7,917.99,-259.29
2025-06-02 10:00,680.1,1074.14,-394.04
2025-06-02 11:00,709.4,1080.32,-370.92
2025-06-02 12:00,661.7,1101.49,-255.72
2025-06-02 13:00,679.0,1055.81,-0.0
2025-06-02 14:00,754.6,908.51,-0.0
2025-06-02 15:00,688.9,756.26,-0.0
2025-06-02 16:00,685.1,519.04,156.89
2025-06-02 17:00,594.1,270.34,314.59
2025-06-02 18:00,490.9,29.31,452.42
2025-06-02 19:00,443.1,0.0,433.93
2025-06-02 20:00,433.7,0.0,424.53
2025-06-02 21:00,397.4,0.0,0.0
2025-06-02 22:00,316.3,0.0,0.0
2025-06-02 23:00,323.7,0.0,0.0
2025-06-03 00:00,255.5,0.0,0.0
2025-06-03 01:00,280.3,0.0,0.0
2025-06-03 02:00,253.5,0.0,0.0
2025-06-03 03:00,253.9,0.0,0.0
2025-06-03 04:00,256.1,0.0,0.0
2025-06-03 05:00,264.1,23.18,0.0
2025-06-03 06:00,417.1,290.86,0.0
2025-06-03 07:00,568.8,563.27,0.0
2025-06-03 08:00,627.9,762.68,-134.78
2025-06-03 09:00,619.1,971.44,-352.34
2025-06-03 10:00,648.2,1076.36,-428.16
2025-06-03 11:00,689.0,1171.41,-482.41
2025-06-03 12:00,620.6,1154.06,-500.0
2025-06-03 13:00,698.6,1077.5,-127.72
2025-06-03 14:00,647.6,912.11,-0.0
2025-06-03 15:00,678.5,751.28,-0.0
2025-06-03 16:00,660.3,536.66,112.83
2025-06-03 17:00,643.9,280.19,352.9
2025-06-03 18:00,517.2,23.23,483.16
2025-06-03 19:00,430.9,0.0,420.09
2025-06-03 20:00,424.2,0.0,413.39
2025-06-03 21:00,370.7,0.0,0.0
2025-06-03 22:00,304.7,0.0,0.0
2025-06-03 23:00,288.7,0.0,0.0
2025-06-04 00:00,271.4,0.0,0.0
2025-06-04 01:00,281.4,0.0,0.0
2025-06-04 02:00,255.0,0.0,0.0
2025-06-04 03:00,258.7,0.0,0.0
2025-06-04 04:00,260.3,0.0,0.0
2025-06-04 05:00,265.3,25.84,0.0
2025-06-04 06:00,436.2,277.31,0.0
2025-06-04 07:00,578.1,579.83,-1.73
2025-06-04 08:00,588.9,792.81,-203.91
2025-06-04 09:00,626.9,998.55,-371.65
2025-06-04 10:00,642.9,1102.67,-459.77
2025-06-04 11:00,707.8,1179.19,-471.39
2025-06-04 12:00,670.7,1144.89,-474.19
2025-06-04 13:00,669.9,983.96,-42.77
2025-06-04 14:00,697.1,930.45,-0.0
2025-06-04 15:00,671.0,786.38,-0.0
2025-06-04 16:00,670.3,549.36,120.94
2025-06-04 17:00,617.8,280.34,337.46
2025-06-04 18:00,493.6,27.01,466.59
2025-06-04 19:00,429.3,0.0,429.3
2025-06-04 20:00,403.6,0.0,403.6
2025-06-04 21:00,392.8,0.0,0.0
2025-06-04 22:00,302.3,0.0,0.0
2025-06-04 23:00,268.7,0.0,0.0
2025-06-05 00:00,284.5,0.0,0.0
2025-06-05 01:00,268.2,0.0,0.0
2025-06-05 02:00,257.4,0.0,0.0
2025-06-05 03:00,268.2,0.0,0.0
2025-06-05 04:00,257.2,0.0,0.0
2025-06-05 05:00,261.3,28.58,0.0
2025-06-05 06:00,432.7,291.23,0.0
2025-06-05 07:00,553.5,543.41,0.0
2025-06-05 08:00,599.0,783.65,-184.65
2025-06-05 09:00,630.3,986.75,-356.45
2025-06-05 10:00,634.4,1077.31,-442.91
2025-06-05 11:00,634.9,1113.97,-479.07
2025-06-05 12:00,671.3,1148.32,-477.02
2025-06-05 13:00,707.6,1104.97,-57.5
2025-06-05 14:00,748.3,918.34,-0.0
2025-06-05 15:00,684.1,767.31,-0.0
2025-06-05 16:00,702.2,529.96,155.06
2025-06-05 17:00,631.7,280.43,334.09
2025-06-05 18:00,494.9,25.76,451.96
2025-06-05 19:00,469.1,0.0,451.92
2025-06-05 20:00,406.5,0.0,389.32
2025-06-05 21:00,374.4,0.0,0.0
2025-06-05 22:00,320.2,0.0,0.0
2025-06-05 23:00,292.8,0.0,0.0
2025-06-06 00:00,243.7,0.0,0.0
2025-06-06 01:00,255.0,0.0,0.0
2025-06-06 02:00,276.1,0.0,0.0
2025-06-06 03:00,250.0,0.0,0.0
2025-06-06 04:00,261.0,0.0,0.0
2025-06-06 05:00,291.8,28.63,0.0
2025-06-06 06:00,409.3,292.25,0.0
2025-06-06 07:00,580.1,568.08,0.0
2025-06-06 08:00,572.7,760.01,-187.31
2025-06-06 09:00,653.7,918.26,-264.56
2025-06-06 10:00,629.1,1058.68,-429.58
2025-06-06 11:00,668.3,1142.7,-474.4
2025-06-06 12:00,624.6,1100.37,-475.77
2025-06-06 13:00,707.5,999.97,-193.79
2025-06-06 14:00,707.5,914.75,-0.0
2025-06-06 15:00,695.5,748.2,-0.0
2025-06-06 16:00,664.0,523.07,129.3
2025-06-06 17:00,621.9,270.53,339.74
2025-06-06 18:00,496.5,28.4,456.47
2025-06-06 19:00,456.3,0.0,444.67
2025-06-06 20:00,423.8,0.0,412.17
2025-06-06 21:00,384.0,0.0,0.0
2025-06-06 22:00,304.8,0.0,0.0
2025-06-06 23:00,295.8,0.0,0.0
2025-06-07 00:00,263.8,0.0,0.0
2025-06-07 01:00,287.1,0.0,0.0
2025-06-07 02:00,257.2,0.0,0.0
2025-06-07 03:00,266.2,0.0,0.0
2025-06-07 04:00,271.8,0.0,0.0
2025-06-07 05:00,295.0,31.16,0.0
2025-06-07 06:00,427.4,295.39,0.0
2025-06-07 07:00,447.9,566.05,-118.15
2025-06-07 08:00,465.8,784.78,-318.98
2025-06-07 09:00,456.4,956.33,-499.93
2025-06-07 10:00,485.2,1093.3,-500.0
2025-06-07 11:00,476.0,1175.78,-500.0
2025-06-07 12:00,481.4,1144.31,-88.35
2025-06-07 13:00,502.4,1094.85,-0.0
2025-06-07 14:00,510.1,970.51,-0.0
2025-06-07 15:00,409.3,784.42,-0.0
2025-06-07 16:00,414.6,509.23,-0.0
2025-06-07 17:00,432.1,273.68,158.42
2025-06-07 18:00,388.2,24.36,363.84
2025-06-07 19:00,365.5,0.0,365.5
2025-06-07 20:00,346.7,0.0,346.7
2025-06-07 21:00,326.1,0.0,0.0
2025-06-07 22:00,315.9,0.0,0.0
2025-06-07 23:00,328.3,0.0,0.0
2025-06-08 00:00,296.3,0.0,0.0
2025-06-08 01:00,287.7,0.0,0.0
2025-06-08 02:00,300.3,0.0,0.0
2025-06-08 03:00,278.4,0.0,0.0
2025-06-08 04:00,304.0,0.0,0.0
2025-06-08 05:00,321.5,28.06,0.0
2025-06-08 06:00,287.0,290.01,-3.01
2025-06-08 07:00,324.2,527.29,-203.09
2025-06-08 08:00,335.2,795.02,-459.82
2025-06-08 09:00,351.4,970.49,-500.0
2025-06-08 10:00,368.3,1043.19,-236.88
2025-06-08 11:00,412.3,1077.02,-0.0
2025-06-08 12:00,415.2,1070.86,-0.0
2025-06-08 13:00,454.1,1034.01,-0.0
2025-06-08 14:00,427.4,942.78,-0.0
2025-06-08 15:00,429.0,748.56,-0.0
2025-06-08 16:00,453.5,499.2,-0.0
2025-06-08 17:00,403.6,266.83,136.77
2025-06-08 18:00,415.9,27.8,388.1
2025-06-08 19:00,402.5,0.0,402.5
2025-06-08 20:00,347.2,0.0,347.2
2025-06-08 21:00,369.4,0.0,0.0
2025-06-08 22:00,333.0,0.0,0.0
2025-06-08 23:00,355.8,0.0,0.0
2025-06-09 00:00,259.7,0.0,0.0
2025-06-09 01:00,257.3,0.0,0.0
2025-06-09 02:00,239.9,0.0,0.0
2025-06-09 03:00,238.9,0.0,0.0
2025-06-09 04:00,254.6,0.0,0.0
2025-06-09 05:00,251.0,27.62,0.0
2025-06-09 06:00,412.6,305.77,0.0
2025-06-09 07:00,528.2,558.61,-30.41
2025-06-09 08:00,568.2,821.73,-253.53
2025-06-09 09:00,542.1,953.61,-411.51
2025-06-09 10:00,602.3,1144.01,-500.0
2025-06-09 11:00,623.1,1185.36,-252.92
2025-06-09 12:00,621.1,1088.46,-0.0
2025-06-09 13:00,634.9,1104.5,-0.0
2025-06-09 14:00,664.8,944.79,-0.0
2025-06-09 15:00,646.2,769.14,-0.0
2025-06-09 16:00,657.0,558.9,98.1
2025-06-09 17:00,575.2,289.09,286.11
2025-06-09 18:00,480.6,24.86,455.74
2025-06-09 19:00,420.4,0.0,420.4
2025-06-09 20:00,386.7,0.0,386.7
2025-06-09 21:00,335.2,0.0,0.0
2025-06-09 22:00,295.9,0.0,0.0
2025-06-09 23:00,267.6,0.0,0.0
2025-06-10 00:00,315.4,0.0,0.0
2025-06-10 01:00,312.9,0.0,0.0
2025-06-10 02:00,297.7,0.0,0.0
2025-06-10 03:00,300.3,0.0,0.0
2025-06-10 04:00,293.8,0.0,0.0
2025-06-10 05:00,330.3,33.51,0.0
2025-06-10 06:00,456.7,296.1,0.0
2025-06-10 07:00,598.2,552.39,0.0
2025-06-10 08:00,625.7,767.08,-141.38
2025-06-10 09:00,593.4,932.11,-338.71
2025-06-10 10:00,687.5,1044.24,-356.74
2025-06-10 11:00,726.8,1157.34,-430.54
2025-06-10 12:00,700.5,1113.35,-412.85
2025-06-10 13:00,647.7,991.52,-191.43
2025-06-10 14:00,706.9,863.99,-0.0
2025-06-10 15:00,661.5,726.97,-0.0
2025-06-10 16:00,661.9,508.27,124.32
2025-06-10 17:00,618.7,278.92,310.47
2025-06-10 18:00,530.4,30.42,470.67
2025-06-10 19:00,512.1,0.0,482.79
2025-06-10 20:00,423.4,0.0,394.09
2025-06-10 21:00,414.0,0.0,0.0
2025-06-10 22:00,355.2,0.0,0.0
2025-06-10 23:00,316.8,0.0,0.0
2025-06-11 00:00,300.8,0.0,0.0
2025-06-11 01:00,291.9,0.0,0.0
2025-06-11 02:00,292.5,0.0,0.0
2025-06-11 03:00,295.8,0.0,0.0
2025-06-11 04:00,307.3,0.0,0.0
2025-06-11 05:00,299.9,29.46,0.0
2025-06-11 06:00,419.9,288.48,0.0
2025-06-11 07:00,628.3,518.45,0.0
2025-06-11 08:00,626.6,754.8,-128.2
2025-06-11 09:00,649.1,884.98,-235.88
2025-06-11 10:00,665.9,1075.01,-409.11
2025-06-11 11:00,666.6,1137.06,-470.46
2025-06-11 12:00,747.2,1133.67,-386.47
2025-06-11 13:00,703.9,1017.13,-313.23
2025-06-11 14:00,725.4,908.58,-82.06
2025-06-11 15:00,714.8,732.11,-0.0
2025-06-11 16:00,704.9,518.13,142.15
2025-06-11 17:00,648.6,268.87,335.11
2025-06-11 18:00,539.9,31.65,463.63
2025-06-11 19:00,482.7,0.0,438.08
2025-06-11 20:00,448.0,0.0,403.38
2025-06-11 21:00,381.8,0.0,0.0
2025-06-11 22:00,337.0,0.0,0.0
2025-06-11 23:00,330.9,0.0,0.0
2025-06-12 00:00,286.4,0.0,0.0
2025-06-12 01:00,278.8,0.0,0.0
2025-06-12 02:00,265.2,0.0,0.0
2025-06-12 03:00,269.4,0.0,0.0
2025-06-12 04:00,267.5,0.0,0.0
2025-06-12 05:00,258.9,31.3,0.0
2025-06-12 06:00,434.5,293.95,0.0
2025-06-12 07:00,548.8,551.85,-3.05
2025-06-12 08:00,572.7,779.87,-207.17
2025-06-12 09:00,655.9,965.93,-310.03
2025-06-12 10:00,659.9,1120.39,-460.49
2025-06-12 11:00,633.8,1165.25,-500.0
2025-06-12 12:00,601.2,1110.16,-500.0
2025-06-12 13:00,630.7,1096.55,-44.67
2025-06-12 14:00,669.4,978.72,-0.0
2025-06-12 15:00,724.0,767.39,-0.0
2025-06-12 16:00,687.5,522.46,161.73
2025-06-12 17:00,604.2,278.69,322.2
2025-06-12 18:00,505.6,27.06,475.23
2025-06-12 19:00,429.1,0.0,425.79
2025-06-12 20:00,400.7,0.0,397.39
2025-06-12 21:00,364.7,0.0,0.0
2025-06-12 22:00,295.6,0.0,0.0
2025-06-12 23:00,301.9,0.0,0.0
2025-06-13 00:00,281.7,0.0,0.0
2025-06-13 01:00,294.6,0.0,0.0
2025-06-13 02:00,283.0,0.0,0.0
2025-06-13 03:00,286.5,0.0,0.0
2025-06-13 04:00,277.2,0.0,0.0
2025-06-13 05:00,282.6,32.33,0.0
2025-06-13 06:00,471.8,296.25,0.0
2025-06-13 07:00,613.8,570.27,0.0
2025-06-13 08:00,665.7,817.11,-151.41
2025-06-13 09:00,633.1,936.43,-303.33
2025-06-13 10:00,646.3,1023.3,-377.0
2025-06-13 11:00,683.4,1169.21,-485.81
2025-06-13 12:00,669.2,1157.04,-487.84
2025-06-13 13:00,697.3,1053.78,-220.02
2025-06-13 14:00,687.1,965.28,-0.0
2025-06-13 15:00,729.2,767.84,-0.0
2025-06-13 16:00,657.9,548.0,93.36
2025-06-13 17:00,649.6,274.22,358.84
2025-06-13 18:00,507.3,28.04,462.72
2025-06-13 19:00,463.8,0.0,447.26
2025-06-13 20:00,436.7,0.0,420.16
2025-06-13 21:00,390.0,0.0,0.0
2025-06-13 22:00,336.1,0.0,0.0
2025-06-13 23:00,299.8,0.0,0.0
2025-06-14 00:00,263.7,0.0,0.0
2025-06-14 01:00,262.1,0.0,0.0
2025-06-14 02:00,257.8,0.0,0.0
2025-06-14 03:00,267.5,0.0,0.0
2025-06-14 04:00,270.3,0.0,0.0
2025-06-14 05:00,251.3,31.62,0.0
2025-06-14 06:00,382.0,301.19,0.0
2025-06-14 07:00,379.2,570.62,-191.42
2025-06-14 08:00,381.1,831.6,-450.5
2025-06-14 09:00,441.7,1012.21,-500.0
2025-06-14 10:00,425.5,1137.2,-500.0
2025-06-14 11:00,474.7,1157.99,-383.49
2025-06-14 12:00,486.8,1107.92,-0.0
2025-06-14 13:00,466.2,1123.3,-0.0
2025-06-14 14:00,494.3,987.0,-0.0
2025-06-14 15:00,367.8,796.53,-0.0
2025-06-14 16:00,385.0,552.73,-0.0
2025-06-14 17:00,370.3,285.42,84.88
2025-06-14 18:00,386.5,27.36,359.14
2025-06-14 19:00,317.6,0.0,317.6
2025-06-14 20:00,347.8,0.0,347.8
2025-06-14 21:00,326.9,0.0,0.0
2025-06-14 22:00,300.7,0.0,0.0
2025-06-14 23:00,244.8,0.0,0.0
2025-06-15 00:00,277.5,0.0,0.0
2025-06-15 01:00,260.4,0.0,0.0
2025-06-15 02:00,260.2,0.0,0.0
2025-06-15 03:00,265.6,0.0,0.0
2025-06-15 04:00,254.3,0.0,0.0
2025-06-15 05:00,272.2,28.66,0.0
2025-06-15 06:00,271.5,293.78,-22.28
2025-06-15 07:00,289.5,556.78,-267.28
2025-06-15 08:00,291.4,812.44,-500.0
2025-06-15 09:00,310.2,974.63,-471.14
2025-06-15 10:00,343.2,1020.37,-0.0
2025-06-15 11:00,361.4,1138.74,-0.0
2025-06-15 12:00,351.1,1135.4,-0.0
2025-06-15 13:00,373.9,1051.36,-0.0
2025-06-15 14:00,372.0,958.67,-0.0
2025-06-15 15:00,387.2,771.11,-0.0
2025-06-15 16:00,417.4,534.97,-0.0
2025-06-15 17:00,385.8,279.01,106.79
2025-06-15 18:00,369.2,29.71,339.49
2025-06-15 19:00,349.9,0.0,349.9
2025-06-15 20:00,340.3,0.0,340.3
2025-06-15 21:00,340.5,0.0,0.0
2025-06-15 22:00,310.7,0.0,0.0
2025-06-15 23:00,291.7,0.0,0.0
2025-06-16 00:00,321.3,0.0,0.0
2025-06-16 01:00,318.7,0.0,0.0
2025-06-16 02:00,304.3,0.0,0.0
2025-06-16 03:00,307.6,0.0,0.0
2025-06-16 04:00,296.3,0.0,0.0
2025-06-16 05:00,301.5,29.46,0.0
2025-06-16 06:00,478.4,292.16,0.0
2025-06-16 07:00,583.0,549.86,0.0
2025-06-16 08:00,635.9,768.54,-132.64
2025-06-16 09:00,644.6,939.92,-295.32
2025-06-16 10:00,632.4,1070.42,-438.02
2025-06-16 11:00,699.9,1100.54,-400.64
2025-06-16 12:00,678.8,1105.37,-24.83
2025-06-16 13:00,779.6,1071.83,-0.0
2025-06-16 14:00,724.3,887.39,-0.0
2025-06-16 15:00,723.3,732.94,-0.0
2025-06-16 16:00,721.3,504.01,164.38
2025-06-16 17:00,634.4,275.09,306.4
2025-06-16 18:00,550.6,32.91,464.78
2025-06-16 19:00,461.6,0.0,408.69
2025-06-16 20:00,491.0,0.0,438.09
2025-06-16 21:00,387.0,0.0,0.0
2025-06-16 22:00,345.3,0.0,0.0
2025-06-16 23:00,349.2,0.0,0.0
2025-06-17 00:00,278.2,0.0,0.0
2025-06-17 01:00,276.6,0.0,0.0
2025-06-17 02:00,309.4,0.0,0.0
2025-06-17 03:00,264.1,0.0,0.0
2025-06-17 04:00,276.6,0.0,0.0
2025-06-17 05:00,264.1,29.76,0.0
2025-06-17 06:00,442.8,301.08,0.0
2025-06-17 07:00,584.2,560.99,0.0
2025-06-17 08:00,635.9,809.56,-173.66
2025-06-17 09:00,592.7,986.09,-393.39
2025-06-17 10:00,640.2,1113.88,-473.68
2025-06-17 11:00,634.2,1155.64,-500.0
2025-06-17 12:00,710.7,1130.36,-419.66
2025-06-17 13:00,703.8,1093.08,-65.02
2025-06-17 14:00,700.5,966.61,-0.0
2025-06-17 15:00,657.1,766.18,-0.0
2025-06-17 16:00,685.6,543.49,127.32
2025-06-17 17:00,598.4,285.17,298.44
2025-06-17 18:00,496.8,29.44,452.57
2025-06-17 19:00,493.8,0.0,479.01
2025-06-17 20:00,439.8,0.0,425.01
2025-06-17 21:00,366.8,0.0,0.0
2025-06-17 22:00,317.1,0.0,0.0
2025-06-17 23:00,303.8,0.0,0.0
2025-06-18 00:00,287.8,0.0,0.0
2025-06-18 01:00,283.6,0.0,0.0
2025-06-18 02:00,270.2,0.0,0.0
2025-06-18 03:00,262.9,0.0,0.0
2025-06-18 04:00,257.1,0.0,0.0
2025-06-18 05:00,266.6,36.7,0.0
2025-06-18 06:00,423.6,293.82,0.0
2025-06-18 07:00,596.8,532.39,0.0
2025-06-18 08:00,646.0,782.17,-136.17
2025-06-18 09:00,629.1,899.32,-270.22
2025-06-18 10:00,588.8,1087.07,-498.27
2025-06-18 11:00,688.1,1136.01,-447.91
2025-06-18 12:00,675.7,1098.5,-422.8
2025-06-18 13:00,686.6,1051.09,-250.04
2025-06-18 14:00,709.9,937.97,-0.0
2025-06-18 15:00,622.9,767.23,-0.0
2025-06-18 16:00,662.3,546.09,116.21
2025-06-18 17:00,597.4,270.83,326.57
2025-06-18 18:00,476.3,36.03,440.27
2025-06-18 19:00,428.7,0.0,428.7
2025-06-18 20:00,446.4,0.0,446.4
2025-06-18 21:00,393.1,0.0,0.0
2025-06-18 22:00,303.1,0.0,0.0
2025-06-18 23:00,283.8,0.0,0.0
2025-06-19 00:00,317.4,0.0,0.0
2025-06-19 01:00,316.8,0.0,0.0
2025-06-19 02:00,297.3,0.0,0.0
2025-06-19 03:00,269.4,0.0,0.0
2025-06-19 04:00,308.3,0.0,0.0
2025-06-19 05:00,308.8,29.36,0.0
2025-06-19 06:00,487.1,291.76,0.0
2025-06-19 07:00,619.8,571.58,0.0
2025-06-19 08:00,639.3,762.24,-122.94
2025-06-19 09:00,660.6,955.44,-294.84
2025-06-19 10:00,704.1,1073.77,-369.67
2025-06-19 11:00,687.8,1125.12,-437.32
2025-06-19 12:00,685.0,1123.07,-438.07
2025-06-19 13:00,747.0,1029.43,-282.43
2025-06-19 14:00,760.0,944.29,-52.63
2025-06-19 15:00,749.3,756.65,-0.0
2025-06-19 16:00,741.5,517.17,166.5
2025-06-19 17:00,635.3,273.54,303.93
2025-06-19 18:00,570.7,27.76,485.11
2025-06-19 19:00,495.2,0.0,437.37
2025-06-19 20:00,447.3,0.0,389.47
2025-06-19 21:00,375.2,0.0,0.0
2025-06-19 22:00,325.4,0.0,0.0
2025-06-19 23:00,340.8,0.0,0.0
2025-06-20 00:00,290.9,0.0,0.0
2025-06-20 01:00,265.4,0.0,0.0
2025-06-20 02:00,253.6,0.0,0.0
2025-06-20 03:00,251.6,0.0,0.0
2025-06-20 04:00,263.7,0.0,0.0
2025-06-20 05:00,264.0,29.84,0.0
2025-06-20 06:00,442.4,295.99,0.0
2025-06-20 07:00,623.4,550.83,0.0
2025-06-20 08:00,640.3,795.63,-155.33
2025-06-20 09:00,617.5,961.93,-344.43
2025-06-20 10:00,600.3,1049.54,-449.24
2025-06-20 11:00,635.2,1140.1,-500.0
2025-06-20 12:00,627.2,1101.04,-473.84
2025-06-20 13:00,687.3,1078.0,-102.57
2025-06-20 14:00,747.9,934.28,-0.0
2025-06-20 15:00,725.9,726.24,-0.0
2025-06-20 16:00,703.5,542.2,158.45
2025-06-20 17:00,609.0,276.54,329.61
2025-06-20 18:00,483.7,33.36,447.49
2025-06-20 19:00,439.0,0.0,436.15
2025-06-20 20:00,413.5,0.0,410.65
2025-06-20 21:00,382.7,0.0,0.0
2025-06-20 22:00,296.2,0.0,0.0
2025-06-20 23:00,269.3,0.0,0.0
2025-06-21 00:00,301.8,0.0,0.0
2025-06-21 01:00,295.3,0.0,0.0
2025-06-21 02:00,282.2,0.0,0.0
2025-06-21 03:00,265.1,0.0,0.0
2025-06-21 04:00,310.2,0.0,0.0
2025-06-21 05:00,291.6,28.19,0.0
2025-06-21 06:00,422.7,300.38,0.0
2025-06-21 07:00,440.0,559.36,-119.36
2025-06-21 08:00,471.6,802.88,-331.28
2025-06-21 09:00,474.2,973.26,-499.06
2025-06-21 10:00,485.4,1103.0,-500.0
2025-06-21 11:00,502.5,1111.75,-500.0
2025-06-21 12:00,507.7,1154.07,-75.71
2025-06-21 13:00,554.8,1087.94,-0.0
2025-06-21 14:00,559.9,953.16,-0.0
2025-06-21 15:00,455.7,777.84,-0.0
2025-06-21 16:00,426.6,541.88,-0.0
2025-06-21 17:00,420.2,282.95,137.25
2025-06-21 18:00,387.1,24.14,362.96
2025-06-21 19:00,404.5,0.0,404.5
2025-06-21 20:00,365.9,0.0,365.9
2025-06-21 21:00,357.5,0.0,0.0
2025-06-21 22:00,355.7,0.0,0.0
2025-06-21 23:00,321.0,0.0,0.0
2025-06-22 00:00,277.6,0.0,0.0
2025-06-22 01:00,268.8,0.0,0.0
2025-06-22 02:00,258.1,0.0,0.0
2025-06-22 03:00,272.9,0.0,0.0
2025-06-22 04:00,273.6,0.0,0.0
2025-06-22 05:00,292.0,32.5,0.0
2025-06-22 06:00,275.4,288.67,-13.27
2025-06-22 07:00,293.8,576.29,-282.49
2025-06-22 08:00,326.5,781.75,-455.25
2025-06-22 09:00,334.0,947.05,-500.0
2025-06-22 10:00,363.8,1124.89,-192.86
2025-06-22 11:00,370.3,1172.99,-0.0
2025-06-22 12:00,402.6,1120.72,-0.0
2025-06-22 13:00,401.7,1057.02,-0.0
2025-06-22 14:00,391.1,938.89,-0.0
2025-06-22 15:00,400.7,771.13,-0.0
2025-06-22 16:00,403.4,517.3,-0.0
2025-06-22 17:00,419.6,284.16,135.44
2025-06-22 18:00,414.2,28.19,386.01
2025-06-22 19:00,378.3,0.0,378.3
2025-06-22 20:00,328.0,0.0,328.0
2025-06-22 21:00,345.1,0.0,0.0
2025-06-22 22:00,324.5,0.0,0.0
2025-06-22 23:00,310.1,0.0,0.0
2025-06-23 00:00,286.5,0.0,0.0
2025-06-23 01:00,275.3,0.0,0.0
2025-06-23 02:00,280.6,0.0,0.0
2025-06-23 03:00,266.5,0.0,0.0
2025-06-23 04:00,260.7,0.0,0.0
2025-06-23 05:00,269.9,32.53,0.0
2025-06-23 06:00,453.0,282.77,0.0
2025-06-23 07:00,613.2,572.07,0.0
2025-06-23 08:00,630.9,739.41,-108.51
2025-06-23 09:00,688.3,968.17,-279.87
2025-06-23 10:00,591.1,1049.72,-458.62
2025-06-23 11:00,666.1,1101.62,-435.52
2025-06-23 12:00,666.8,1130.51,-112.65
2025-06-23 13:00,744.9,1063.08,-0.0
2025-06-23 14:00,670.7,928.84,-0.0
2025-06-23 15:00,708.8,741.06,-0.0
2025-06-23 16:00,707.4,519.18,151.67
2025-06-23 17:00,623.9,274.98,312.37
2025-06-23 18:00,496.0,32.05,427.4
2025-06-23 19:00,472.0,0.0,435.45
2025-06-23 20:00,492.0,0.0,455.45
2025-06-23 21:00,404.9,0.0,0.0
2025-06-23 22:00,301.4,0.0,0.0
2025-06-23 23:00,296.5,0.0,0.0
2025-06-24 00:00,287.9,0.0,0.0
2025-06-24 01:00,294.4,0.0,0.0
2025-06-24 02:00,277.3,0.0,0.0
2025-06-24 03:00,302.7,0.0,0.0
2025-06-24 04:00,298.9,0.0,0.0
2025-06-24 05:00,288.3,30.9,0.0
2025-06-24 06:00,462.0,299.16,0.0
2025-06-24 07:00,594.8,558.52,0.0
2025-06-24 08:00,624.1,773.17,-149.07
2025-06-24 09:00,660.1,986.01,-325.91
2025-06-24 10:00,688.9,1114.07,-425.17
2025-06-24 11:00,689.0,1168.12,-479.12
2025-06-24 12:00,685.4,1141.55,-456.15
2025-06-24 13:00,649.9,1092.61,-189.99
2025-06-24 14:00,729.1,890.83,-0.0
2025-06-24 15:00,721.6,775.66,-0.0
2025-06-24 16:00,741.5,548.05,160.95
2025-06-24 17:00,632.3,279.14,320.66
2025-06-24 18:00,528.4,33.03,462.87
2025-06-24 19:00,479.4,0.0,446.9
2025-06-24 20:00,423.5,0.0,391.0
2025-06-24 21:00,398.5,0.0,0.0
2025-06-24 22:00,323.2,0.0,0.0
2025-06-24 23:00,322.2,0.0,0.0
2025-06-25 00:00,256.0,0.0,0.0
2025-06-25 01:00,269.4,0.0,0.0
2025-06-25 02:00,261.4,0.0,0.0
2025-06-25 03:00,249.3,0.0,0.0
2025-06-25 04:00,251.5,0.0,0.0
2025-06-25 05:00,247.7,31.52,0.0
2025-06-25 06:00,430.7,300.17,0.0
2025-06-25 07:00,593.3,545.8,0.0
2025-06-25 08:00,566.4,756.13,-189.73
2025-06-25 09:00,622.0,992.49,-370.49
2025-06-25 10:00,579.1,1037.16,-458.06
2025-06-25 11:00,655.2,1069.47,-414.27
2025-06-25 12:00,629.7,1165.65,-500.0
2025-06-25 13:00,637.1,1039.97,-92.86
2025-06-25 14:00,690.0,919.09,-0.0
2025-06-25 15:00,710.3,761.3,-0.0
2025-06-25 16:00,691.1,537.78,153.32
2025-06-25 17:00,585.7,280.88,304.82
2025-06-25 18:00,486.1,28.55,457.55
2025-06-25 19:00,442.8,0.0,442.8
2025-06-25 20:00,403.5,0.0,403.5
2025-06-25 21:00,332.5,0.0,0.0
2025-06-25 22:00,291.8,0.0,0.0
2025-06-25 23:00,268.3,0.0,0.0
2025-06-26 00:00,294.4,0.0,0.0
2025-06-26 01:00,287.1,0.0,0.0
2025-06-26 02:00,272.1,0.0,0.0
2025-06-26 03:00,266.7,0.0,0.0
2025-06-26 04:00,289.4,0.0,0.0
2025-06-26 05:00,286.8,25.7,0.0
2025-06-26 06:00,431.3,292.2,0.0
2025-06-26 07:00,595.4,579.42,0.0
2025-06-26 08:00,619.3,814.87,-195.57
2025-06-26 09:00,627.3,976.66,-349.36
2025-06-26 10:00,673.0,1107.51,-434.51
2025-06-26 11:00,710.2,1153.57,-443.37
2025-06-26 12:00,700.3,1141.44,-441.14
2025-06-26 13:00,699.9,1023.55,-138.31
2025-06-26 14:00,655.3,969.72,-0.0
2025-06-26 15:00,658.9,786.05,-0.0
2025-06-26 16:00,654.1,551.7,87.46
2025-06-26 17:00,687.6,282.42,390.24
2025-06-26 18:00,493.8,24.31,454.55
2025-06-26 19:00,452.0,0.0,437.06
2025-06-26 20:00,428.0,0.0,413.06
2025-06-26 21:00,374.8,0.0,0.0
2025-06-26 22:00,335.0,0.0,0.0
2025-06-26 23:00,277.6,0.0,0.0
2025-06-27 00:00,288.8,0.0,0.0
2025-06-27 01:00,274.9,0.0,0.0
2025-06-27 02:00,271.2,0.0,0.0
2025-06-27 03:00,273.0,0.0,0.0
2025-06-27 04:00,280.2,0.0,0.0
2025-06-27 05:00,284.0,33.84,0.0
2025-06-27 06:00,431.5,300.74,0.0
2025-06-27 07:00,595.9,580.86,0.0
2025-06-27 08:00,593.9,819.79,-225.89
2025-06-27 09:00,653.5,1001.79,-348.29
2025-06-27 10:00,634.4,1106.71,-472.31
2025-06-27 11:00,645.1,1152.24,-500.0
2025-06-27 12:00,652.0,1163.45,-478.92
2025-06-27 13:00,707.2,1094.64,-0.0
2025-06-27 14:00,751.2,963.82,-0.0
2025-06-27 15:00,720.3,780.61,-0.0
2025-06-27 16:00,671.5,533.95,114.7
2025-06-27 17:00,621.8,285.5,313.45
2025-06-27 18:00,498.6,24.35,451.4
2025-06-27 19:00,503.7,0.0,480.85
2025-06-27 20:00,444.8,0.0,421.95
2025-06-27 21:00,377.6,0.0,0.0
2025-06-27 22:00,309.9,0.0,0.0
2025-06-27 23:00,297.2,0.0,0.0
2025-06-28 00:00,278.0,0.0,0.0
2025-06-28 01:00,254.1,0.0,0.0
2025-06-28 02:00,275.7,0.0,0.0
2025-06-28 03:00,266.4,0.0,0.0
2025-06-28 04:00,254.1,0.0,0.0
2025-06-28 05:00,251.0,25.94,0.0
2025-06-28 06:00,383.4,297.52,0.0
2025-06-28 07:00,404.9,572.15,-167.25
2025-06-28 08:00,430.8,815.92,-385.12
2025-06-28 09:00,445.5,1002.62,-500.0
2025-06-28 10:00,497.2,1136.88,-500.0
2025-06-28 11:00,451.6,1174.23,-473.04
2025-06-28 12:00,495.3,1139.72,-0.0
2025-06-28 13:00,500.1,1103.47,-0.0
2025-06-28 14:00,521.2,945.31,-0.0
2025-06-28 15:00,400.3,776.48,-0.0
2025-06-28 16:00,377.3,541.86,-0.0
2025-06-28 17:00,363.8,287.97,75.83
2025-06-28 18:00,359.4,27.13,332.27
2025-06-28 19:00,348.0,0.0,348.0
2025-06-28 20:00,328.7,0.0,328.7
2025-06-28 21:00,312.1,0.0,0.0
2025-06-28 22:00,326.4,0.0,0.0
2025-06-28 23:00,300.6,0.0,0.0
2025-06-29 00:00,281.1,0.0,0.0
2025-06-29 01:00,280.1,0.0,0.0
2025-06-29 02:00,258.7,0.0,0.0
2025-06-29 03:00,269.7,0.0,0.0
2025-06-29 04:00,262.0,0.0,0.0
2025-06-29 05:00,275.7,24.38,0.0
2025-06-29 06:00,285.5,301.37,-15.87
2025-06-29 07:00,322.2,579.87,-257.67
2025-06-29 08:00,339.3,809.17,-469.87
2025-06-29 09:00,357.0,965.7,-489.32
2025-06-29 10:00,356.6,1114.76,-0.0
2025-06-29 11:00,373.4,1143.95,-0.0
2025-06-29 12:00,362.8,1159.68,-0.0
2025-06-29 13:00,413.5,1095.3,-0.0
2025-06-29 14:00,427.8,928.1,-0.0
2025-06-29 15:00,414.2,760.56,-0.0
2025-06-29 16:00,421.9,536.71,-0.0
2025-06-29 17:00,418.8,283.13,135.67
2025-06-29 18:00,407.9,23.07,384.83
2025-06-29 19:00,368.1,0.0,368.1
2025-06-29 20:00,350.5,0.0,350.5
2025-06-29 21:00,344.5,0.0,0.0
2025-06-29 22:00,310.1,0.0,0.0
2025-06-29 23:00,284.9,0.0,0.0
2025-06-30 00:00,278.8,0.0,0.0
2025-06-30 01:00,273.8,0.0,0.0
2025-06-30 02:00,252.4,0.0,0.0
2025-06-30 03:00,262.9,0.0,0.0
2025-06-30 04:00,276.6,0.0,0.0
2025-06-30 05:00,271.4,27.17,0.0
2025-06-30 06:00,446.7,301.36,0.0
2025-06-30 07:00,611.8,573.97,0.0
2025-06-30 08:00,599.3,803.0,-203.7
2025-06-30 09:00,600.6,990.9,-390.3
2025-06-30 10:00,593.0,1120.4,-500.0
2025-06-30 11:00,643.4,1163.38,-314.07
2025-06-30 12:00,599.0,1176.02,-0.0
2025-06-30 13:00,609.3,1052.0,-0.0
2025-06-30 14:00,678.1,971.38,-0.0
2025-06-30 15:00,672.3,789.75,-0.0
2025-06-30 16:00,662.1,541.57,109.58
2025-06-30 17:00,602.6,285.02,306.63
2025-06-30 18:00,497.8,24.42,462.43
2025-06-30 19:00,475.0,0.0,464.05
2025-06-30 20:00,450.6,0.0,439.65
2025-06-30 21:00,383.3,0.0,0.0
2025-06-30 22:00,303.6,0.0,0.0
2025-06-30 23:00,291.9,0.0,0.0
2025-07-01 00:00,310.3,0.0,0.0
2025-07-01 01:00,280.8,0.0,0.0
2025-07-01 02:00,277.4,0.0,0.0
2025-07-01 03:00,266.2,0.0,0.0
2025-07-01 04:00,284.6,0.0,0.0
2025-07-01 05:00,291.7,29.64,0.0
2025-07-01 06:00,467.7,299.12,0.0
2025-07-01 07:00,592.4,560.93,0.0
2025-07-01 08:00,598.6,776.61,-178.01
2025-07-01 09:00,632.1,971.42,-339.32
2025-07-01 10:00,644.0,1056.34,-412.34
2025-07-01 11:00,694.1,1092.76,-398.66
2025-07-01 12:00,690.0,1084.9,-394.9
2025-07-01 13:00,689.7,1075.95,-302.18
2025-07-01 14:00,649.7,964.34,-0.0
2025-07-01 15:00,711.0,768.18,-0.0
2025-07-01 16:00,756.0,509.85,201.91
2025-07-01 17:00,617.0,273.18,299.58
2025-07-01 18:00,515.8,25.49,446.07
2025-07-01 19:00,478.5,0.0,434.26
2025-07-01 20:00,444.8,0.0,400.56
2025-07-01 21:00,386.8,0.0,0.0
2025-07-01 22:00,337.7,0.0,0.0
2025-07-01 23:00,325.7,0.0,0.0
2025-07-02 00:00,331.1,0.0,0.0
2025-07-02 01:00,306.2,0.0,0.0
2025-07-02 02:00,303.6,0.0,0.0
2025-07-02 03:00,309.3,0.0,0.0
2025-07-02 04:00,323.4,0.0,0.0
2025-07-02 05:00,314.0,25.35,0.0
2025-07-02 06:00,462.7,291.47,0.0
2025-07-02 07:00,643.2,570.71,0.0
2025-07-02 08:00,601.7,789.95,-188.25
2025-07-02 09:00,693.4,930.08,-236.68
2025-07-02 10:00,654.4,1089.72,-435.32
2025-07-02 11:00,684.9,1167.0,-482.1
2025-07-02 12:00,665.9,1150.63,-484.73
2025-07-02 13:00,653.6,1083.71,-198.33
2025-07-02 14:00,714.7,897.92,-0.0
2025-07-02 15:00,735.5,772.99,-0.0
2025-07-02 16:00,712.2,530.23,139.09
2025-07-02 17:00,630.3,276.04,311.38
2025-07-02 18:00,536.4,30.25,463.27
2025-07-02 19:00,498.5,0.0,455.62
2025-07-02 20:00,455.9,0.0,413.02
2025-07-02 21:00,404.2,0.0,0.0
2025-07-02 22:00,370.9,0.0,0.0
2025-07-02 23:00,325.6,0.0,0.0
2025-07-03 00:00,299.1,0.0,0.0
2025-07-03 01:00,299.4,0.0,0.0
2025-07-03 02:00,293.7,0.0,0.0
2025-07-03 03:00,286.3,0.0,0.0
2025-07-03 04:00,277.3,0.0,0.0
2025-07-03 05:00,288.9,25.41,0.0
2025-07-03 06:00,475.6,295.67,0.0
2025-07-03 07:00,621.0,545.45,0.0
2025-07-03 08:00,613.9,803.89,-189.99
2025-07-03 09:00,629.9,941.09,-311.19
2025-07-03 10:00,658.1,1025.93,-367.83
2025-07-03 11:00,721.8,1132.77,-410.97
2025-07-03 12:00,693.4,1153.84,-460.44
2025-07-03 13:00,747.2,1086.42,-284.99
2025-07-03 14:00,713.9,918.43,-0.0
2025-07-03 15:00,756.3,704.76,0.0
2025-07-03 16:00,678.8,543.53,111.4
2025-07-03 17:00,592.6,273.41,295.32
2025-07-03 18:00,542.1,22.77,495.46
2025-07-03 19:00,488.0,0.0,464.13
2025-07-03 20:00,439.9,0.0,416.03
2025-07-03 21:00,401.5,0.0,0.0
2025-07-03 22:00,353.2,0.0,0.0
2025-07-03 23:00,315.6,0.0,0.0
2025-07-04 00:00,345.3,0.0,0.0
2025-07-04 01:00,316.2,0.0,0.0
2025-07-04 02:00,323.5,0.0,0.0
2025-07-04 03:00,314.0,0.0,0.0
2025-07-04 04:00,325.8,0.0,0.0
2025-07-04 05:00,315.4,25.24,0.0
2025-07-04 06:00,465.3,285.74,0.0
2025-07-04 07:00,584.4,530.74,0.0
2025-07-04 08:00,692.6,715.77,-23.17
2025-07-04 09:00,650.7,977.69,-326.99
2025-07-04 10:00,678.3,1069.18,-390.88
2025-07-04 11:00,700.7,1110.25,-409.55
2025-07-04 12:00,696.4,1080.79,-384.39
2025-07-04 13:00,711.1,1017.2,-306.1
2025-07-04 14:00,722.9,894.15,-171.25
2025-07-04 15:00,715.8,716.43,-0.63
2025-07-04 16:00,745.8,526.07,154.32
2025-07-04 17:00,666.3,268.63,332.26
2025-07-04 18:00,570.4,28.86,476.13
2025-07-04 19:00,485.3,0.0,419.89
2025-07-04 20:00,454.2,0.0,388.79
2025-07-04 21:00,443.7,0.0,0.0
2025-07-04 22:00,350.2,0.0,0.0
2025-07-04 23:00,331.7,0.0,0.0
2025-07-05 00:00,314.6,0.0,0.0
2025-07-05 01:00,315.9,0.0,0.0
2025-07-05 02:00,295.4,0.0,0.0
2025-07-05 03:00,292.7,0.0,0.0
2025-07-05 04:00,314.4,0.0,0.0
2025-07-05 05:00,287.1,29.35,0.0
2025-07-05 06:00,459.8,285.84,0.0
2025-07-05 07:00,437.5,548.24,-110.74
2025-07-05 08:00,490.5,785.8,-295.3
2025-07-05 09:00,505.1,927.59,-422.49
2025-07-05 10:00,496.9,996.21,-499.31
2025-07-05 11:00,514.3,1080.75,-500.0
2025-07-05 12:00,557.4,1038.24,-197.57
2025-07-05 13:00,529.9,1026.97,-0.0
2025-07-05 14:00,551.1,907.94,-0.0
2025-07-05 15:00,447.9,731.24,-0.0
2025-07-05 16:00,459.7,525.33,-0.0
2025-07-05 17:00,426.1,276.15,149.95
2025-07-05 18:00,445.5,22.71,422.79
2025-07-05 19:00,402.5,0.0,402.5
2025-07-05 20:00,395.7,0.0,395.7
2025-07-05 21:00,372.2,0.0,0.0
2025-07-05 22:00,344.3,0.0,0.0
2025-07-05 23:00,351.7,0.0,0.0
2025-07-06 00:00,316.2,0.0,0.0
2025-07-06 01:00,299.7,0.0,0.0
2025-07-06 02:00,300.6,0.0,0.0
2025-07-06 03:00,291.4,0.0,0.0
2025-07-06 04:00,258.6,0.0,0.0
2025-07-06 05:00,282.6,24.17,0.0
2025-07-06 06:00,299.4,294.02,0.0
2025-07-06 07:00,315.9,561.53,-245.63
2025-07-06 08:00,356.5,808.88,-452.38
2025-07-06 09:00,341.5,946.91,-500.0
2025-07-06 10:00,377.4,1108.1,-359.88
2025-07-06 11:00,394.0,1164.51,-0.0
2025-07-06 12:00,438.3,1161.42,-0.0
2025-07-06 13:00,423.7,1073.3,-0.0
2025-07-06 14:00,402.9,960.09,-0.0
2025-07-06 15:00,456.4,757.92,-0.0
2025-07-06 16:00,458.4,545.11,-0.0
2025-07-06 17:00,408.3,277.81,130.49
2025-07-06 18:00,411.3,25.39,385.91
2025-07-06 19:00,407.4,0.0,407.4
2025-07-06 20:00,386.9,0.0,386.9
2025-07-06 21:00,370.0,0.0,0.0
2025-07-06 22:00,331.0,0.0,0.0
2025-07-06 23:00,329.5,0.0,0.0
2025-07-07 00:00,289.5,0.0,0.0
2025-07-07 01:00,281.2,0.0,0.0
2025-07-07 02:00,298.1,0.0,0.0
2025-07-07 03:00,273.3,0.0,0.0
2025-07-07 04:00,270.0,0.0,0.0
2025-07-07 05:00,267.8,22.95,0.0
2025-07-07 06:00,454.2,294.21,0.0
2025-07-07 07:00,611.3,559.26,0.0
2025-07-07 08:00,603.2,812.31,-209.11
2025-07-07 09:00,648.8,980.75,-331.95
2025-07-07 10:00,657.0,1099.23,-442.23
2025-07-07 11:00,669.5,1178.86,-500.0
2025-07-07 12:00,693.1,1166.09,-6.14
2025-07-07 13:00,677.4,1049.11,-0.0
2025-07-07 14:00,746.9,958.63,-0.0
2025-07-07 15:00,707.3,753.9,-0.0
2025-07-07 16:00,745.9,548.05,153.43
2025-07-07 17:00,637.0,279.69,312.89
2025-07-07 18:00,497.6,21.71,431.47
2025-07-07 19:00,508.8,0.0,464.38
2025-07-07 20:00,464.6,0.0,420.18
2025-07-07 21:00,380.3,0.0,0.0
2025-07-07 22:00,298.0,0.0,0.0
2025-07-07 23:00,313.8,0.0,0.0
2025-07-08 00:00,320.8,0.0,0.0
2025-07-08 01:00,321.6,0.0,0.0
2025-07-08 02:00,310.4,0.0,0.0
2025-07-08 03:00,287.1,0.0,0.0
2025-07-08 04:00,307.9,0.0,0.0
2025-07-08 05:00,298.6,22.79,0.0
2025-07-08 06:00,445.7,286.94,0.0
2025-07-08 07:00,587.7,554.26,0.0
2025-07-08 08:00,612.4,781.01,-168.61
2025-07-08 09:00,642.5,938.67,-296.17
2025-07-08 10:00,677.8,1072.48,-394.68
2025-07-08 11:00,745.1,1106.78,-361.68
2025-07-08 12:00,696.3,1113.27,-416.97
2025-07-08 13:00,700.4,1061.37,-360.97
2025-07-08 14:00,774.8,901.29,-26.33
2025-07-08 15:00,668.3,773.22,-0.0
2025-07-08 16:00,680.8,526.7,114.19
2025-07-08 17:00,663.6,269.0,354.69
2025-07-08 18:00,515.0,24.09,451.0
2025-07-08 19:00,471.6,0.0,431.69
2025-07-08 20:00,470.7,0.0,430.79
2025-07-08 21:00,417.7,0.0,0.0
2025-07-08 22:00,336.4,0.0,0.0
2025-07-08 23:00,324.7,0.0,0.0
2025-07-09 00:00,310.8,0.0,0.0
2025-07-09 01:00,284.8,0.0,0.0
2025-07-09 02:00,277.0,0.0,0.0
2025-07-09 03:00,294.5,0.0,0.0
2025-07-09 04:00,286.3,0.0,0.0
2025-07-09 05:00,300.6,33.62,0.0
2025-07-09 06:00,481.6,280.59,0.0
2025-07-09 07:00,557.0,524.37,0.0
2025-07-09 08:00,655.3,737.81,-82.51
2025-07-09 09:00,669.8,923.71,-253.91
2025-07-09 10:00,656.2,1000.73,-344.53
2025-07-09 11:00,695.8,1019.15,-323.35
2025-07-09 12:00,654.6,1033.53,-378.93
2025-07-09 13:00,699.9,1027.35,-327.45
2025-07-09 14:00,690.5,900.12,-209.62
2025-07-09 15:00,753.4,736.45,0.0
2025-07-09 16:00,672.2,494.41,123.28
2025-07-09 17:00,613.4,263.07,295.82
2025-07-09 18:00,538.5,26.73,457.26
2025-07-09 19:00,465.5,0.0,410.99
2025-07-09 20:00,457.0,0.0,402.49
2025-07-09 21:00,387.8,0.0,0.0
2025-07-09 22:00,316.7,0.0,0.0
2025-07-09 23:00,307.8,0.0,0.0
2025-07-10 00:00,300.2,0.0,0.0
2025-07-10 01:00,292.7,0.0,0.0
2025-07-10 02:00,285.5,0.0,0.0
2025-07-10 03:00,286.7,0.0,0.0
2025-07-10 04:00,294.2,0.0,0.0
2025-07-10 05:00,300.7,22.76,0.0
2025-07-10 06:00,471.7,281.01,0.0
2025-07-10 07:00,601.8,561.22,0.0
2025-07-10 08:00,679.0,799.72,-120.72
2025-07-10 09:00,670.1,980.1,-310.0
2025-07-10 10:00,669.9,1100.43,-430.53
2025-07-10 11:00,686.3,1101.71,-415.41
2025-07-10 12:00,711.4,1162.5,-451.1
2025-07-10 13:00,703.5,1070.39,-297.65
2025-07-10 14:00,757.0,929.32,-0.0
2025-07-10 15:00,767.1,757.42,0.0
2025-07-10 16:00,722.5,539.97,133.93
2025-07-10 17:00,681.0,272.57,359.83
2025-07-10 18:00,526.6,21.52,456.48
2025-07-10 19:00,462.1,0.0,413.5
2025-07-10 20:00,467.2,0.0,418.6
2025-07-10 21:00,416.7,0.0,0.0
2025-07-10 22:00,357.1,0.0,0.0
2025-07-10 23:00,339.9,0.0,0.0
2025-07-11 00:00,353.7,0.0,0.0
2025-07-11 01:00,337.1,0.0,0.0
2025-07-11 02:00,338.0,0.0,0.0
2025-07-11 03:00,355.6,0.0,0.0
2025-07-11 04:00,348.8,0.0,0.0
2025-07-11 05:00,341.6,20.98,0.0
2025-07-11 06:00,492.8,283.16,0.0
2025-07-11 07:00,603.6,553.67,0.0
2025-07-11 08:00,758.3,738.9,0.0
2025-07-11 09:00,703.6,962.54,-258.94
2025-07-11 10:00,718.0,1078.47,-360.47
2025-07-11 11:00,702.2,1076.03,-373.83
2025-07-11 12:00,710.2,1123.29,-413.09
2025-07-11 13:00,745.0,1057.43,-312.43
2025-07-11 14:00,771.4,928.45,-157.05
2025-07-11 15:00,739.7,706.25,0.0
2025-07-11 16:00,749.2,526.78,98.43
2025-07-11 17:00,670.3,267.1,279.21
2025-07-11 18:00,598.8,21.06,453.75
2025-07-11 19:00,549.0,0.0,425.01
2025-07-11 20:00,518.3,0.0,394.31
2025-07-11 21:00,460.5,0.0,0.0
2025-07-11 22:00,395.6,0.0,0.0
2025-07-11 23:00,346.7,0.0,0.0
2025-07-12 00:00,312.6,0.0,0.0
2025-07-12 01:00,303.5,0.0,0.0
2025-07-12 02:00,281.1,0.0,0.0
2025-07-12 03:00,278.8,0.0,0.0
2025-07-12 04:00,307.0,0.0,0.0
2025-07-12 05:00,303.0,24.16,0.0
2025-07-12 06:00,447.9,278.52,0.0
2025-07-12 07:00,458.6,528.4,-69.8
2025-07-12 08:00,472.2,779.99,-307.79
2025-07-12 09:00,466.5,927.95,-461.45
2025-07-12 10:00,471.1,1088.35,-500.0
2025-07-12 11:00,491.0,1127.21,-500.0
2025-07-12 12:00,525.0,1119.19,-186.37
2025-07-12 13:00,564.2,1030.88,-0.0
2025-07-12 14:00,512.2,892.4,-0.0
2025-07-12 15:00,432.9,738.22,-0.0
2025-07-12 16:00,427.6,519.01,-0.0
2025-07-12 17:00,404.7,271.65,133.05
2025-07-12 18:00,406.1,25.39,380.71
2025-07-12 19:00,389.8,0.0,389.8
2025-07-12 20:00,399.6,0.0,399.6
2025-07-12 21:00,358.0,0.0,0.0
2025-07-12 22:00,331.5,0.0,0.0
2025-07-12 23:00,332.4,0.0,0.0
2025-07-13 00:00,330.8,0.0,0.0
2025-07-13 01:00,329.8,0.0,0.0
2025-07-13 02:00,330.2,0.0,0.0
2025-07-13 03:00,339.9,0.0,0.0
2025-07-13 04:00,310.9,0.0,0.0
2025-07-13 05:00,332.9,29.18,0.0
2025-07-13 06:00,348.0,278.8,0.0
2025-07-13 07:00,334.3,544.52,-210.22
2025-07-13 08:00,360.6,763.84,-403.24
2025-07-13 09:00,388.1,922.09,-500.0
2025-07-13 10:00,405.9,1057.27,-367.4
2025-07-13 11:00,414.2,1099.99,-0.0
2025-07-13 12:00,429.8,1086.69,-0.0
2025-07-13 13:00,421.5,1066.22,-0.0
2025-07-13 14:00,457.6,865.98,-0.0
2025-07-13 15:00,423.3,718.92,-0.0
2025-07-13 16:00,434.2,514.38,-0.0
2025-07-13 17:00,424.7,257.67,167.03
2025-07-13 18:00,424.8,27.6,397.2
2025-07-13 19:00,399.8,0.0,399.8
2025-07-13 20:00,400.0,0.0,400.0
2025-07-13 21:00,385.7,0.0,0.0
2025-07-13 22:00,366.0,0.0,0.0
2025-07-13 23:00,360.9,0.0,0.0
2025-07-14 00:00,322.3,0.0,0.0
2025-07-14 01:00,311.3,0.0,0.0
2025-07-14 02:00,305.4,0.0,0.0
2025-07-14 03:00,308.8,0.0,0.0
2025-07-14 04:00,303.3,0.0,0.0
2025-07-14 05:00,300.0,26.77,0.0
2025-07-14 06:00,418.2,276.69,0.0
2025-07-14 07:00,601.5,535.11,0.0
2025-07-14 08:00,652.7,772.57,-119.87
2025-07-14 09:00,659.7,914.98,-255.28
2025-07-14 10:00,698.4,1047.75,-349.35
2025-07-14 11:00,666.2,1120.55,-454.35
2025-07-14 12:00,641.2,1116.55,-371.18
2025-07-14 13:00,760.4,980.48,-0.0
2025-07-14 14:00,734.8,875.8,-0.0
2025-07-14 15:00,692.3,732.91,-0.0
2025-07-14 16:00,711.4,508.7,146.04
2025-07-14 17:00,628.7,262.83,309.21
2025-07-14 18:00,537.3,25.32,455.32
2025-07-14 19:00,501.3,0.0,444.64
2025-07-14 20:00,483.8,0.0,427.14
2025-07-14 21:00,393.3,0.0,0.0
2025-07-14 22:00,338.3,0.0,0.0
2025-07-14 23:00,324.2,0.0,0.0
2025-07-15 00:00,297.7,0.0,0.0
2025-07-15 01:00,289.5,0.0,0.0
2025-07-15 02:00,275.8,0.0,0.0
2025-07-15 03:00,287.6,0.0,0.0
2025-07-15 04:00,302.7,0.0,0.0
2025-07-15 05:00,272.3,26.87,0.0
2025-07-15 06:00,444.9,282.69,0.0
2025-07-15 07:00,623.9,565.73,0.0
2025-07-15 08:00,632.5,782.25,-149.75
2025-07-15 09:00,622.4,957.03,-334.63
2025-07-15 10:00,686.2,1064.36,-378.16
2025-07-15 11:00,678.8,1155.39,-476.59
2025-07-15 12:00,645.1,1111.31,-466.21
2025-07-15 13:00,727.3,1058.69,-220.07
2025-07-15 14:00,676.9,951.92,-0.0
2025-07-15 15:00,700.8,744.45,-0.0
2025-07-15 16:00,740.5,520.63,161.46
2025-07-15 17:00,655.6,270.78,326.41
2025-07-15 18:00,536.0,19.07,458.52
2025-07-15 19:00,491.1,0.0,432.69
2025-07-15 20:00,461.7,0.0,403.29
2025-07-15 21:00,390.5,0.0,0.0
2025-07-15 22:00,360.3,0.0,0.0
2025-07-15 23:00,309.9,0.0,0.0
2025-07-16 00:00,331.5,0.0,0.0
2025-07-16 01:00,302.7,0.0,0.0
2025-07-16 02:00,296.3,0.0,0.0
2025-07-16 03:00,292.7,0.0,0.0
2025-07-16 04:00,294.4,0.0,0.0
2025-07-16 05:00,305.4,20.05,0.0
2025-07-16 06:00,438.1,283.84,0.0
2025-07-16 07:00,629.7,550.95,0.0
2025-07-16 08:00,625.6,779.79,-154.19
2025-07-16 09:00,613.6,977.7,-364.1
2025-07-16 10:00,635.6,1056.92,-421.32
2025-07-16 11:00,655.7,1138.75,-483.05
2025-07-16 12:00,695.3,1128.06,-432.76
2025-07-16 13:00,707.8,1082.83,-169.99
2025-07-16 14:00,699.2,946.88,-0.0
2025-07-16 15:00,738.7,739.88,-0.0
2025-07-16 16:00,751.4,534.37,166.9
2025-07-16 17:00,655.9,267.06,338.71
2025-07-16 18:00,514.1,18.96,445.01
2025-07-16 19:00,466.8,0.0,416.67
2025-07-16 20:00,465.2,0.0,415.07
2025-07-16 21:00,431.7,0.0,0.0
2025-07-16 22:00,342.0,0.0,0.0
2025-07-16 23:00,335.8,0.0,0.0
2025-07-17 00:00,334.7,0.0,0.0
2025-07-17 01:00,323.3,0.0,0.0
2025-07-17 02:00,330.2,0.0,0.0
2025-07-17 03:00,311.3,0.0,0.0
2025-07-17 04:00,318.5,0.0,0.0
2025-07-17 05:00,309.5,25.13,0.0
2025-07-17 06:00,486.3,265.75,0.0
2025-07-17 07:00,630.7,526.44,0.0
2025-07-17 08:00,701.7,769.48,-67.78
2025-07-17 09:00,686.0,940.2,-254.2
2025-07-17 10:00,699.3,1011.33,-312.03
2025-07-17 11:00,702.5,1084.47,-381.97
2025-07-17 12:00,740.2,1079.34,-339.14
2025-07-17 13:00,745.4,1003.02,-257.62
2025-07-17 14:00,755.5,894.37,-138.87
2025-07-17 15:00,726.9,706.95,0.0
2025-07-17 16:00,741.9,523.42,102.64
2025-07-17 17:00,658.5,253.37,289.29
2025-07-17 18:00,547.2,22.51,408.85
2025-07-17 19:00,482.9,0.0,367.06
2025-07-17 20:00,489.4,0.0,373.56
2025-07-17 21:00,436.2,0.0,0.0
2025-07-17 22:00,348.4,0.0,0.0
2025-07-17 23:00,342.2,0.0,0.0
2025-07-18 00:00,308.0,0.0,0.0
2025-07-18 01:00,304.6,0.0,0.0
2025-07-18 02:00,312.3,0.0,0.0
2025-07-18 03:00,300.2,0.0,0.0
2025-07-18 04:00,297.4,0.0,0.0
2025-07-18 05:00,311.2,18.7,0.0
2025-07-18 06:00,517.3,280.53,0.0
2025-07-18 07:00,628.8,561.26,0.0
2025-07-18 08:00,646.3,793.5,-147.2
2025-07-18 09:00,674.6,967.54,-292.94
2025-07-18 10:00,657.7,1100.0,-442.3
2025-07-18 11:00,676.7,1133.58,-456.88
2025-07-18 12:00,685.8,1150.28,-464.48
2025-07-18 13:00,716.6,1071.01,-221.61
2025-07-18 14:00,748.7,945.47,-0.0
2025-07-18 15:00,695.2,765.54,-0.0
2025-07-18 16:00,700.3,532.34,123.38
2025-07-18 17:00,616.1,256.8,314.72
2025-07-18 18:00,520.7,17.68,458.44
2025-07-18 19:00,500.1,0.0,455.52
2025-07-18 20:00,474.9,0.0,430.32
2025-07-18 21:00,433.3,0.0,0.0
2025-07-18 22:00,344.0,0.0,0.0
2025-07-18 23:00,332.3,0.0,0.0
2025-07-19 00:00,316.2,0.0,0.0
2025-07-19 01:00,304.1,0.0,0.0
2025-07-19 02:00,310.6,0.0,0.0
2025-07-19 03:00,284.2,0.0,0.0
2025-07-19 04:00,294.1,0.0,0.0
2025-07-19 05:00,299.5,23.98,0.0
2025-07-19 06:00,466.2,277.45,0.0
2025-07-19 07:00,456.6,537.02,-80.42
2025-07-19 08:00,446.8,796.37,-349.57
2025-07-19 09:00,530.7,982.09,-451.39
2025-07-19 10:00,489.2,1091.11,-500.0
2025-07-19 11:00,508.8,1095.45,-500.0
2025-07-19 12:00,549.0,1073.04,-144.03
2025-07-19 13:00,553.0,1063.28,-0.0
2025-07-19 14:00,576.4,945.27,-0.0
2025-07-19 15:00,435.3,738.59,-0.0
2025-07-19 16:00,439.3,531.24,-0.0
2025-07-19 17:00,428.2,263.46,164.74
2025-07-19 18:00,454.9,17.64,437.26
2025-07-19 19:00,412.6,0.0,412.6
2025-07-19 20:00,375.5,0.0,375.5
2025-07-19 21:00,358.4,0.0,0.0
2025-07-19 22:00,335.3,0.0,0.0
2025-07-19 23:00,340.1,0.0,0.0
2025-07-20 00:00,329.4,0.0,0.0
2025-07-20 01:00,325.4,0.0,0.0
2025-07-20 02:00,315.9,0.0,0.0
2025-07-20 03:00,337.9,0.0,0.0
2025-07-20 04:00,321.6,0.0,0.0
2025-07-20 05:00,323.7,18.57,0.0
2025-07-20 06:00,328.2,275.14,0.0
2025-07-20 07:00,347.8,555.09,-207.29
2025-07-20 08:00,364.9,757.33,-392.43
2025-07-20 09:00,361.3,935.07,-500.0
2025-07-20 10:00,427.1,1080.15,-479.94
2025-07-20 11:00,426.8,1104.95,-0.0
2025-07-20 12:00,438.2,1126.5,-0.0
2025-07-20 13:00,450.7,1048.59,-0.0
2025-07-20 14:00,503.1,932.66,-0.0
2025-07-20 15:00,438.1,752.74,-0.0
2025-07-20 16:00,461.0,525.32,-0.0
2025-07-20 17:00,427.1,259.92,167.18
2025-07-20 18:00,395.1,16.3,378.8
2025-07-20 19:00,420.9,0.0,420.9
2025-07-20 20:00,398.3,0.0,398.3
2025-07-20 21:00,384.8,0.0,0.0
2025-07-20 22:00,360.6,0.0,0.0
2025-07-20 23:00,372.9,0.0,0.0
2025-07-21 00:00,305.6,0.0,0.0
2025-07-21 01:00,287.9,0.0,0.0
2025-07-21 02:00,288.8,0.0,0.0
2025-07-21 03:00,291.3,0.0,0.0
2025-07-21 04:00,277.3,0.0,0.0
2025-07-21 05:00,290.5,17.48,0.0
2025-07-21 06:00,484.3,278.78,0.0
2025-07-21 07:00,630.6,545.4,0.0
2025-07-21 08:00,658.9,783.22,-124.32
2025-07-21 09:00,631.2,977.64,-346.44
2025-07-21 10:00,655.9,1090.11,-434.21
2025-07-21 11:00,654.2,1165.91,-500.0
2025-07-21 12:00,702.8,1161.88,-146.37
2025-07-21 13:00,755.6,1071.65,-0.0
2025-07-21 14:00,721.9,931.41,-0.0
2025-07-21 15:00,717.1,770.24,-0.0
2025-07-21 16:00,650.9,532.08,79.07
2025-07-21 17:00,649.7,260.01,349.94
2025-07-21 18:00,528.1,17.81,470.54
2025-07-21 19:00,505.3,0.0,465.55
2025-07-21 20:00,457.0,0.0,417.25
2025-07-21 21:00,390.7,0.0,0.0
2025-07-21 22:00,341.4,0.0,0.0
2025-07-21 23:00,310.0,0.0,0.0
2025-07-22 00:00,327.7,0.0,0.0
2025-07-22 01:00,299.3,0.0,0.0
2025-07-22 02:00,296.3,0.0,0.0
2025-07-22 03:00,304.8,0.0,0.0
2025-07-22 04:00,313.8,0.0,0.0
2025-07-22 05:00,327.3,24.04,0.0
2025-07-22 06:00,451.8,259.28,0.0
2025-07-22 07:00,543.8,538.62,0.0
2025-07-22 08:00,614.6,795.95,-181.35
2025-07-22 09:00,645.5,963.65,-318.15
2025-07-22 10:00,652.3,1054.67,-402.37
2025-07-22 11:00,689.3,1089.62,-400.32
2025-07-22 12:00,681.9,1131.86,-449.96
2025-07-22 13:00,687.6,1014.2,-273.26
2025-07-22 14:00,729.3,904.03,-0.0
2025-07-22 15:00,763.1,732.51,0.0
2025-07-22 16:00,759.1,522.32,156.6
2025-07-22 17:00,670.5,249.77,340.55
2025-07-22 18:00,558.6,21.47,456.95
2025-07-22 19:00,508.4,0.0,428.22
2025-07-22 20:00,480.2,0.0,400.02
2025-07-22 21:00,420.5,0.0,0.0
2025-07-22 22:00,344.7,0.0,0.0
2025-07-22 23:00,328.6,0.0,0.0
2025-07-23 00:00,303.4,0.0,0.0
2025-07-23 01:00,324.5,0.0,0.0
2025-07-23 02:00,303.7,0.0,0.0
2025-07-23 03:00,300.7,0.0,0.0
2025-07-23 04:00,285.0,0.0,0.0
2025-07-23 05:00,301.5,16.03,0.0
2025-07-23 06:00,480.0,274.47,0.0
2025-07-23 07:00,630.0,555.33,0.0
2025-07-23 08:00,661.7,796.92,-135.22
2025-07-23 09:00,639.0,973.73,-334.73
2025-07-23 10:00,703.6,1038.09,-334.49
2025-07-23 11:00,706.8,1153.14,-446.34
2025-07-23 12:00,741.1,1149.76,-408.66
2025-07-23 13:00,678.0,1080.94,-365.97
2025-07-23 14:00,714.5,945.41,-0.0
2025-07-23 15:00,764.0,731.41,0.0
2025-07-23 16:00,720.1,502.32,155.04
2025-07-23 17:00,641.5,257.02,321.74
2025-07-23 18:00,547.8,20.21,464.85
2025-07-23 19:00,488.8,0.0,426.06
2025-07-23 20:00,477.4,0.0,414.66
2025-07-23 21:00,402.4,0.0,0.0
2025-07-23 22:00,362.1,0.0,0.0
2025-07-23 23:00,341.6,0.0,0.0
2025-07-24 00:00,324.0,0.0,0.0
2025-07-24 01:00,301.1,0.0,0.0
2025-07-24 02:00,298.4,0.0,0.0
2025-07-24 03:00,291.0,0.0,0.0
2025-07-24 04:00,298.3,0.0,0.0
2025-07-24 05:00,312.2,20.08,0.0
2025-07-24 06:00,476.2,263.49,0.0
2025-07-24 07:00,629.7,530.93,0.0
2025-07-24 08:00,680.7,737.8,-57.1
2025-07-24 09:00,658.6,970.88,-312.28
2025-07-24 10:00,687.5,1068.5,-381.0
2025-07-24 11:00,694.2,1052.76,-358.56
2025-07-24 12:00,722.9,1050.79,-327.89
2025-07-24 13:00,735.7,1044.07,-308.37
2025-07-24 14:00,718.4,920.98,-202.58
2025-07-24 15:00,709.5,750.89,-41.39
2025-07-24 16:00,686.8,487.03,140.13
2025-07-24 17:00,658.3,246.92,351.74
2025-07-24 18:00,515.6,16.46,439.5
2025-07-24 19:00,491.8,0.0,432.16
2025-07-24 20:00,446.6,0.0,386.96
2025-07-24 21:00,369.7,0.0,0.0
2025-07-24 22:00,367.7,0.0,0.0
2025-07-24 23:00,329.6,0.0,0.0
2025-07-25 00:00,297.7,0.0,0.0
2025-07-25 01:00,321.7,0.0,0.0
2025-07-25 02:00,282.5,0.0,0.0
2025-07-25 03:00,297.5,0.0,0.0
2025-07-25 04:00,286.9,0.0,0.0
2025-07-25 05:00,303.9,16.12,0.0
2025-07-25 06:00,475.4,268.35,0.0
2025-07-25 07:00,574.4,544.66,0.0
2025-07-25 08:00,631.6,796.89,-165.29
2025-07-25 09:00,631.6,987.01,-355.41
2025-07-25 10:00,682.9,1096.49,-413.59
2025-07-25 11:00,645.9,1145.24,-499.34
2025-07-25 12:00,693.2,1152.9,-459.7
2025-07-25 13:00,695.6,1041.03,-132.08
2025-07-25 14:00,713.1,958.31,-0.0
2025-07-25 15:00,714.7,733.83,-0.0
2025-07-25 16:00,715.6,527.43,162.7
2025-07-25 17:00,599.5,257.23,316.8
2025-07-25 18:00,517.5,15.24,476.79
2025-07-25 19:00,440.0,0.0,414.53
2025-07-25 20:00,437.0,0.0,411.53
2025-07-25 21:00,375.0,0.0,0.0
2025-07-25 22:00,326.4,0.0,0.0
2025-07-25 23:00,337.6,0.0,0.0
2025-07-26 00:00,301.8,0.0,0.0
2025-07-26 01:00,308.5,0.0,0.0
2025-07-26 02:00,291.9,0.0,0.0
2025-07-26 03:00,298.3,0.0,0.0
2025-07-26 04:00,287.4,0.0,0.0
2025-07-26 05:00,288.3,16.15,0.0
2025-07-26 06:00,401.9,271.49,0.0
2025-07-26 07:00,433.2,554.94,-121.74
2025-07-26 08:00,435.5,803.85,-368.35
2025-07-26 09:00,487.0,987.61,-500.0
2025-07-26 10:00,500.8,1086.81,-500.0
2025-07-26 11:00,508.1,1165.84,-500.0
2025-07-26 12:00,523.9,1149.81,-35.32
2025-07-26 13:00,579.3,1091.45,-0.0
2025-07-26 14:00,575.2,950.93,-0.0
2025-07-26 15:00,413.2,767.87,-0.0
2025-07-26 16:00,432.4,507.65,-0.0
2025-07-26 17:00,409.1,255.45,153.65
2025-07-26 18:00,403.5,14.01,389.49
2025-07-26 19:00,366.9,0.0,366.9
2025-07-26 20:00,369.4,0.0,369.4
2025-07-26 21:00,360.0,0.0,0.0
2025-07-26 22:00,325.3,0.0,0.0
2025-07-26 23:00,330.6,0.0,0.0
2025-07-27 00:00,307.4,0.0,0.0
2025-07-27 01:00,280.2,0.0,0.0
2025-07-27 02:00,257.8,0.0,0.0
2025-07-27 03:00,269.5,0.0,0.0
2025-07-27 04:00,249.8,0.0,0.0
2025-07-27 05:00,277.5,14.88,0.0
2025-07-27 06:00,296.2,267.55,0.0
2025-07-27 07:00,299.5,558.26,-258.76
2025-07-27 08:00,299.0,800.67,-500.0
2025-07-27 09:00,340.5,981.28,-500.0
2025-07-27 10:00,367.1,1095.63,-195.15
2025-07-27 11:00,365.9,1167.53,-0.0
2025-07-27 12:00,397.6,1133.15,-0.0
2025-07-27 13:00,411.8,1094.3,-0.0
2025-07-27 14:00,418.9,961.22,-0.0
2025-07-27 15:00,397.6,762.04,-0.0
2025-07-27 16:00,428.2,520.24,-0.0
2025-07-27 17:00,410.2,248.53,161.67
2025-07-27 18:00,379.1,14.08,365.02
2025-07-27 19:00,352.1,0.0,352.1
2025-07-27 20:00,356.3,0.0,356.3
2025-07-27 21:00,361.3,0.0,0.0
2025-07-27 22:00,331.5,0.0,0.0
2025-07-27 23:00,317.4,0.0,0.0
2025-07-28 00:00,309.1,0.0,0.0
2025-07-28 01:00,291.0,0.0,0.0
2025-07-28 02:00,277.8,0.0,0.0
2025-07-28 03:00,295.3,0.0,0.0
2025-07-28 04:00,299.5,0.0,0.0
2025-07-28 05:00,289.2,16.13,0.0
2025-07-28 06:00,463.7,266.91,0.0
2025-07-28 07:00,601.3,547.6,0.0
2025-07-28 08:00,632.4,771.45,-139.05
2025-07-28 09:00,630.4,980.8,-350.4
2025-07-28 10:00,692.6,1085.49,-392.89
2025-07-28 11:00,694.8,1164.43,-469.63
2025-07-28 12:00,712.3,1156.03,-51.54
2025-07-28 13:00,710.0,1056.84,-0.0
2025-07-28 14:00,725.2,954.59,-0.0
2025-07-28 15:00,717.8,723.12,-0.0
2025-07-28 16:00,701.7,507.86,157.25
2025-07-28 17:00,610.8,250.17,324.04
2025-07-28 18:00,506.0,15.26,454.15
2025-07-28 19:00,464.2,0.0,427.61
2025-07-28 20:00,455.9,0.0,419.31
2025-07-28 21:00,400.0,0.0,0.0
2025-07-28 22:00,357.5,0.0,0.0
2025-07-28 23:00,318.3,0.0,0.0
2025-07-29 00:00,343.4,0.0,0.0
2025-07-29 01:00,317.5,0.0,0.0
2025-07-29 02:00,294.0,0.0,0.0
2025-07-29 03:00,315.8,0.0,0.0
2025-07-29 04:00,299.2,0.0,0.0
2025-07-29 05:00,300.3,15.88,0.0
2025-07-29 06:00,464.4,257.0,0.0
2025-07-29 07:00,650.8,541.32,0.0
2025-07-29 08:00,618.4,784.92,-166.52
2025-07-29 09:00,673.2,968.27,-295.07
2025-07-29 10:00,681.7,1064.82,-383.12
2025-07-29 11:00,716.6,1139.73,-423.13
2025-07-29 12:00,726.4,1125.11,-398.71
2025-07-29 13:00,714.8,1062.27,-347.47
2025-07-29 14:00,767.7,905.85,-11.39
2025-07-29 15:00,738.3,737.51,0.0
2025-07-29 16:00,743.1,513.75,152.67
2025-07-29 17:00,633.7,247.52,309.5
2025-07-29 18:00,566.9,13.76,476.46
2025-07-29 19:00,505.0,0.0,428.32
2025-07-29 20:00,492.1,0.0,415.42
2025-07-29 21:00,435.4,0.0,0.0
2025-07-29 22:00,390.5,0.0,0.0
2025-07-29 23:00,344.0,0.0,0.0
2025-07-30 00:00,316.4,0.0,0.0
2025-07-30 01:00,289.9,0.0,0.0
2025-07-30 02:00,301.1,0.0,0.0
2025-07-30 03:00,292.9,0.0,0.0
2025-07-30 04:00,272.4,0.0,0.0
2025-07-30 05:00,293.1,14.78,0.0
2025-07-30 06:00,444.6,260.46,0.0
2025-07-30 07:00,612.9,515.95,0.0
2025-07-30 08:00,626.0,777.13,-151.13
2025-07-30 09:00,603.6,891.84,-288.24
2025-07-30 10:00,637.5,1057.63,-420.13
2025-07-30 11:00,716.8,1106.7,-389.9
2025-07-30 12:00,690.4,1044.19,-353.79
2025-07-30 13:00,686.5,1035.06,-348.56
2025-07-30 14:00,722.7,929.02,-73.66
2025-07-30 15:00,727.8,711.45,0.0
2025-07-30 16:00,702.1,497.14,144.1
2025-07-30 17:00,629.2,233.32,335.02
2025-07-30 18:00,540.8,12.7,467.24
2025-07-30 19:00,478.6,0.0,417.74
2025-07-30 20:00,479.1,0.0,418.24
2025-07-30 21:00,421.1,0.0,0.0
2025-07-30 22:00,327.4,0.0,0.0
2025-07-30 23:00,298.8,0.0,0.0
2025-07-31 00:00,285.8,0.0,0.0
2025-07-31 01:00,297.8,0.0,0.0
2025-07-31 02:00,272.1,0.0,0.0
2025-07-31 03:00,261.3,0.0,0.0
2025-07-31 04:00,286.3,0.0,0.0
2025-07-31 05:00,308.0,14.83,0.0
2025-07-31 06:00,453.1,254.8,0.0
2025-07-31 07:00,571.1,552.03,0.0
2025-07-31 08:00,619.6,763.39,-143.79
2025-07-31 09:00,682.1,962.07,-279.97
2025-07-31 10:00,667.3,1101.29,-433.99
2025-07-31 11:00,620.1,1096.8,-476.7
2025-07-31 12:00,660.3,1115.71,-455.41
2025-07-31 13:00,652.5,1067.94,-235.55
2025-07-31 14:00,697.9,925.12,-0.0
2025-07-31 15:00,688.8,736.71,-0.0
2025-07-31 16:00,703.1,510.56,166.01
2025-07-31 17:00,595.7,248.68,320.49
2025-07-31 18:00,498.5,14.03,457.94
2025-07-31 19:00,465.7,0.0,439.17
2025-07-31 20:00,425.3,0.0,398.77
2025-07-31 21:00,388.7,0.0,0.0
2025-07-31 22:00,339.3,0.0,0.0
2025-07-31 23:00,331.7,0.0,0.0
2025-08-01 00:00,322.2,0.0,0.0
2025-08-01 01:00,300.9,0.0,0.0
2025-08-01 02:00,276.1,0.0,0.0
2025-08-01 03:00,273.4,0.0,0.0
2025-08-01 04:00,274.7,0.0,0.0
2025-08-01 05:00,271.9,16.15,0.0
2025-08-01 06:00,438.9,237.04,0.0
2025-08-01 07:00,572.0,534.1,0.0
2025-08-01 08:00,621.0,759.12,-138.12
2025-08-01 09:00,680.0,907.26,-227.26
2025-08-01 10:00,657.9,1045.41,-387.51
2025-08-01 11:00,688.6,1130.13,-441.53
2025-08-01 12:00,674.5,1077.52,-403.02
2025-08-01 13:00,673.6,1045.51,-371.91
2025-08-01 14:00,735.8,816.89,-56.06
2025-08-01 15:00,718.5,723.91,-0.0
2025-08-01 16:00,694.2,510.56,136.24
2025-08-01 17:00,637.8,232.8,357.6
2025-08-01 18:00,521.9,15.29,459.21
2025-08-01 19:00,470.9,0.0,423.5
2025-08-01 20:00,453.2,0.0,405.8
2025-08-01 21:00,394.4,0.0,0.0
2025-08-01 22:00,374.7,0.0,0.0
2025-08-01 23:00,319.1,0.0,0.0
2025-08-02 00:00,333.5,0.0,0.0
2025-08-02 01:00,309.2,0.0,0.0
2025-08-02 02:00,316.6,0.0,0.0
2025-08-02 03:00,285.0,0.0,0.0
2025-08-02 04:00,308.0,0.0,0.0
2025-08-02 05:00,312.1,10.71,0.0
2025-08-02 06:00,418.3,256.98,0.0
2025-08-02 07:00,476.5,545.01,-68.51
2025-08-02 08:00,438.5,758.86,-320.36
2025-08-02 09:00,500.1,976.99,-476.89
2025-08-02 10:00,507.9,1074.7,-500.0
2025-08-02 11:00,562.4,1127.32,-500.0
2025-08-02 12:00,547.2,1136.91,-159.65
2025-08-02 13:00,564.4,1075.14,-0.0
2025-08-02 14:00,585.9,948.07,-0.0
2025-08-02 15:00,444.5,755.64,-0.0
2025-08-02 16:00,438.6,517.7,-0.0
2025-08-02 17:00,417.8,243.08,174.72
2025-08-02 18:00,426.6,13.92,412.68
2025-08-02 19:00,403.7,0.0,403.7
2025-08-02 20:00,383.5,0.0,383.5
2025-08-02 21:00,356.7,0.0,0.0
2025-08-02 22:00,342.9,0.0,0.0
2025-08-02 23:00,315.6,0.0,0.0
2025-08-03 00:00,323.3,0.0,0.0
2025-08-03 01:00,312.6,0.0,0.0
2025-08-03 02:00,299.8,0.0,0.0
2025-08-03 03:00,299.9,0.0,0.0
2025-08-03 04:00,286.1,0.0,0.0
2025-08-03 05:00,320.5,13.35,0.0
2025-08-03 06:00,322.1,234.71,0.0
2025-08-03 07:00,349.4,500.74,-151.34
2025-08-03 08:00,395.3,751.4,-356.1
2025-08-03 09:00,354.0,899.37,-500.0
2025-08-03 10:00,403.5,1028.1,-500.0
2025-08-03 11:00,421.8,1037.56,-54.61
2025-08-03 12:00,438.3,1080.39,-0.0
2025-08-03 13:00,426.0,1008.72,-0.0
2025-08-03 14:00,428.1,882.73,-0.0
2025-08-03 15:00,435.5,710.76,-0.0
2025-08-03 16:00,433.0,495.28,-0.0
2025-08-03 17:00,436.7,226.57,210.13
2025-08-03 18:00,412.6,12.63,399.97
2025-08-03 19:00,386.5,0.0,386.5
2025-08-03 20:00,387.7,0.0,387.7
2025-08-03 21:00,374.0,0.0,0.0
2025-08-03 22:00,352.8,0.0,0.0
2025-08-03 23:00,305.2,0.0,0.0
2025-08-04 00:00,334.9,0.0,0.0
2025-08-04 01:00,302.4,0.0,0.0
2025-08-04 02:00,305.4,0.0,0.0
2025-08-04 03:00,324.4,0.0,0.0
2025-08-04 04:00,301.5,0.0,0.0
2025-08-04 05:00,301.2,13.39,0.0
2025-08-04 06:00,479.0,248.34,0.0
2025-08-04 07:00,604.6,541.24,0.0
2025-08-04 08:00,639.9,759.82,-119.92
2025-08-04 09:00,661.4,914.08,-252.68
2025-08-04 10:00,699.8,1019.8,-320.0
2025-08-04 11:00,706.9,1097.79,-390.89
2025-08-04 12:00,659.4,1120.71,-461.31
2025-08-04 13:00,708.4,1071.33,-28.27
2025-08-04 14:00,724.9,879.17,-0.0
2025-08-04 15:00,701.9,738.06,-0.0
2025-08-04 16:00,713.0,515.34,131.24
2025-08-04 17:00,664.7,233.52,364.76
2025-08-04 18:00,521.3,12.66,442.22
2025-08-04 19:00,494.7,0.0,428.28
2025-08-04 20:00,482.3,0.0,415.88
2025-08-04 21:00,444.7,0.0,0.0
2025-08-04 22:00,352.4,0.0,0.0
2025-08-04 23:00,319.0,0.0,0.0
2025-08-05 00:00,278.3,0.0,0.0
2025-08-05 01:00,274.7,0.0,0.0
2025-08-05 02:00,290.2,0.0,0.0
2025-08-05 03:00,274.8,0.0,0.0
2025-08-05 04:00,267.4,0.0,0.0
2025-08-05 05:00,284.3,13.54,0.0
2025-08-05 06:00,460.1,236.79,0.0
2025-08-05 07:00,528.5,509.62,0.0
2025-08-05 08:00,629.3,688.87,-59.57
2025-08-05 09:00,592.2,892.07,-299.87
2025-08-05 10:00,623.9,982.35,-358.45
2025-08-05 11:00,693.9,963.16,-269.26
2025-08-05 12:00,631.7,1074.75,-443.05
2025-08-05 13:00,693.4,932.88,-239.48
2025-08-05 14:00,668.5,819.46,-150.96
2025-08-05 15:00,735.1,703.29,0.0
2025-08-05 16:00,704.2,455.67,162.46
2025-08-05 17:00,621.7,220.14,315.49
2025-08-05 18:00,499.9,14.08,399.75
2025-08-05 19:00,460.3,0.0,374.23
2025-08-05 20:00,436.3,0.0,350.23
2025-08-05 21:00,363.0,0.0,0.0
2025-08-05 22:00,302.1,0.0,0.0
2025-08-05 23:00,302.9,0.0,0.0
2025-08-06 00:00,299.2,0.0,0.0
2025-08-06 01:00,325.3,0.0,0.0
2025-08-06 02:00,289.1,0.0,0.0
2025-08-06 03:00,282.8,0.0,0.0
2025-08-06 04:00,301.9,0.0,0.0
2025-08-06 05:00,292.4,8.02,0.0
2025-08-06 06:00,490.3,247.46,0.0
2025-08-06 07:00,592.9,536.95,0.0
2025-08-06 08:00,644.8,784.97,-140.17
2025-08-06 09:00,689.5,976.3,-286.8
2025-08-06 10:00,679.8,1084.36,-404.56
2025-08-06 11:00,691.2,1147.47,-456.27
2025-08-06 12:00,686.2,1137.3,-451.1
2025-08-06 13:00,750.8,1076.45,-286.51
2025-08-06 14:00,725.1,918.57,-0.0
2025-08-06 15:00,733.6,747.94,-0.0
2025-08-06 16:00,700.0,509.34,119.85
2025-08-06 17:00,674.5,233.06,370.63
2025-08-06 18:00,559.5,10.11,478.58
2025-08-06 19:00,488.7,0.0,417.89
2025-08-06 20:00,466.2,0.0,395.39
2025-08-06 21:00,393.0,0.0,0.0
2025-08-06 22:00,347.4,0.0,0.0
2025-08-06 23:00,331.9,0.0,0.0
2025-08-07 00:00,318.2,0.0,0.0
2025-08-07 01:00,317.3,0.0,0.0
2025-08-07 02:00,288.9,0.0,0.0
2025-08-07 03:00,289.6,0.0,0.0
2025-08-07 04:00,278.5,0.0,0.0
2025-08-07 05:00,311.2,12.1,0.0
2025-08-07 06:00,449.9,236.14,0.0
2025-08-07 07:00,600.4,492.09,0.0
2025-08-07 08:00,603.6,724.55,-120.95
2025-08-07 09:00,649.4,865.65,-216.25
2025-08-07 10:00,700.2,974.92,-274.72
2025-08-07 11:00,690.3,1087.14,-396.84
2025-08-07 12:00,604.6,1095.13,-490.53
2025-08-07 13:00,682.4,1009.26,-326.86
2025-08-07 14:00,707.9,870.61,-162.71
2025-08-07 15:00,735.0,705.44,0.0
2025-08-07 16:00,676.0,482.52,125.45
2025-08-07 17:00,627.6,229.63,329.94
2025-08-07 18:00,555.3,10.18,477.09
2025-08-07 19:00,507.6,0.0,439.57
2025-08-07 20:00,446.2,0.0,378.17
2025-08-07 21:00,399.5,0.0,0.0
2025-08-07 22:00,354.9,0.0,0.0
2025-08-07 23:00,321.7,0.0,0.0
2025-08-08 00:00,313.2,0.0,0.0
2025-08-08 01:00,269.0,0.0,0.0
2025-08-08 02:00,286.1,0.0,0.0
2025-08-08 03:00,261.4,0.0,0.0
2025-08-08 04:00,299.3,0.0,0.0
2025-08-08 05:00,285.6,8.09,0.0
2025-08-08 06:00,417.0,236.76,0.0
2025-08-08 07:00,637.2,526.07,0.0
2025-08-08 08:00,620.3,722.53,-102.23
2025-08-08 09:00,694.2,918.06,-223.86
2025-08-08 10:00,640.2,1030.18,-389.98
2025-08-08 11:00,687.4,1085.51,-398.11
2025-08-08 12:00,623.8,1115.94,-492.14
2025-08-08 13:00,725.5,965.0,-239.5
2025-08-08 14:00,719.3,900.41,-179.59
2025-08-08 15:00,735.0,708.43,0.0
2025-08-08 16:00,705.4,503.1,152.45
2025-08-08 17:00,642.5,224.27,368.38
2025-08-08 18:00,514.8,10.2,454.75
2025-08-08 19:00,471.4,0.0,421.55
2025-08-08 20:00,435.1,0.0,385.25
2025-08-08 21:00,396.0,0.0,0.0
2025-08-08 22:00,373.4,0.0,0.0
2025-08-08 23:00,309.5,0.0,0.0
2025-08-09 00:00,300.3,0.0,0.0
2025-08-09 01:00,299.0,0.0,0.0
2025-08-09 02:00,288.9,0.0,0.0
2025-08-09 03:00,287.6,0.0,0.0
2025-08-09 04:00,290.9,0.0,0.0
2025-08-09 05:00,302.8,6.72,0.0
2025-08-09 06:00,405.8,232.31,0.0
2025-08-09 07:00,425.9,521.56,-95.66
2025-08-09 08:00,475.0,769.17,-294.17
2025-08-09 09:00,509.3,976.99,-467.69
2025-08-09 10:00,492.1,1061.17,-500.0
2025-08-09 11:00,498.3,1118.63,-500.0
2025-08-09 12:00,542.7,1158.23,-167.89
2025-08-09 13:00,549.4,1046.61,-0.0
2025-08-09 14:00,545.3,917.36,-0.0
2025-08-09 15:00,425.3,754.15,-0.0
2025-08-09 16:00,410.4,504.16,-0.0
2025-08-09 17:00,423.8,226.35,197.45
2025-08-09 18:00,413.0,6.36,406.64
2025-08-09 19:00,414.5,0.0,414.5
2025-08-09 20:00,377.6,0.0,377.6
2025-08-09 21:00,359.2,0.0,0.0
2025-08-09 22:00,357.7,0.0,0.0
2025-08-09 23:00,324.4,0.0,0.0
2025-08-10 00:00,263.5,0.0,0.0
2025-08-10 01:00,303.7,0.0,0.0
2025-08-10 02:00,268.2,0.0,0.0
2025-08-10 03:00,262.4,0.0,0.0
2025-08-10 04:00,275.8,0.0,0.0
2025-08-10 05:00,280.1,6.77,0.0
2025-08-10 06:00,282.6,240.84,0.0
2025-08-10 07:00,305.8,506.74,-200.94
2025-08-10 08:00,319.9,780.66,-460.76
2025-08-10 09:00,341.0,982.46,-500.0
2025-08-10 10:00,364.2,1100.97,-424.88
2025-08-10 11:00,382.2,1169.77,-0.0
2025-08-10 12:00,366.0,1098.6,-0.0
2025-08-10 13:00,390.5,1088.62,-0.0
2025-08-10 14:00,413.4,950.59,-0.0
2025-08-10 15:00,431.7,723.3,-0.0
2025-08-10 16:00,392.2,511.43,-0.0
2025-08-10 17:00,433.7,228.96,204.74
2025-08-10 18:00,398.7,6.41,392.29
2025-08-10 19:00,345.4,0.0,345.4
2025-08-10 20:00,346.6,0.0,346.6
2025-08-10 21:00,350.2,0.0,0.0
2025-08-10 22:00,306.5,0.0,0.0
2025-08-10 23:00,273.3,0.0,0.0
2025-08-11 00:00,288.2,0.0,0.0
2025-08-11 01:00,270.8,0.0,0.0
2025-08-11 02:00,281.1,0.0,0.0
2025-08-11 03:00,280.3,0.0,0.0
2025-08-11 04:00,260.2,0.0,0.0
2025-08-11 05:00,269.7,5.43,0.0
2025-08-11 06:00,448.7,239.98,0.0
2025-08-11 07:00,584.6,536.24,0.0
2025-08-11 08:00,589.0,785.62,-196.62
2025-08-11 09:00,580.0,977.88,-397.88
2025-08-11 10:00,647.4,1108.25,-460.85
2025-08-11 11:00,657.2,1162.92,-409.46
2025-08-11 12:00,626.4,1166.98,-0.0
2025-08-11 13:00,647.4,1083.89,-0.0
2025-08-11 14:00,650.8,929.58,-0.0
2025-08-11 15:00,689.9,759.12,-0.0
2025-08-11 16:00,688.1,510.78,139.14
2025-08-11 17:00,624.8,225.81,360.81
2025-08-11 18:00,505.2,5.14,461.88
2025-08-11 19:00,464.5,0.0,426.32
2025-08-11 20:00,432.4,0.0,394.22
2025-08-11 21:00,376.5,0.0,0.0
2025-08-11 22:00,321.7,0.0,0.0
2025-08-11 23:00,308.4,0.0,0.0
2025-08-12 00:00,316.3,0.0,0.0
2025-08-12 01:00,297.5,0.0,0.0
2025-08-12 02:00,302.3,0.0,0.0
2025-08-12 03:00,290.7,0.0,0.0
2025-08-12 04:00,290.8,0.0,0.0
2025-08-12 05:00,313.0,5.36,0.0
2025-08-12 06:00,474.2,229.97,0.0
2025-08-12 07:00,624.9,505.38,0.0
2025-08-12 08:00,616.5,756.53,-140.03
2025-08-12 09:00,622.7,926.79,-304.09
2025-08-12 10:00,606.3,1023.1,-416.8
2025-08-12 11:00,721.9,1122.66,-400.76
2025-08-12 12:00,703.3,1124.84,-421.54
2025-08-12 13:00,721.8,986.06,-264.26
2025-08-12 14:00,725.1,876.76,-77.93
2025-08-12 15:00,669.9,697.88,-0.0
2025-08-12 16:00,727.8,486.96,170.82
2025-08-12 17:00,672.0,212.91,389.07
2025-08-12 18:00,522.4,5.07,447.31
2025-08-12 19:00,480.1,0.0,410.08
2025-08-12 20:00,435.1,0.0,365.08
2025-08-12 21:00,412.1,0.0,0.0
2025-08-12 22:00,337.0,0.0,0.0
2025-08-12 23:00,324.4,0.0,0.0
2025-08-13 00:00,305.4,0.0,0.0
2025-08-13 01:00,289.6,0.0,0.0
2025-08-13 02:00,265.1,0.0,0.0
2025-08-13 03:00,269.7,0.0,0.0
2025-08-13 04:00,262.8,0.0,0.0
2025-08-13 05:00,270.0,20.33,0.0
2025-08-13 06:00,440.3,235.81,0.0
2025-08-13 07:00,550.9,533.27,0.0
2025-08-13 08:00,662.6,786.72,-124.12
2025-08-13 09:00,621.3,983.08,-361.78
2025-08-13 10:00,653.0,1107.25,-454.25
2025-08-13 11:00,655.4,1140.64,-485.24
2025-08-13 12:00,647.4,1164.56,-500.0
2025-08-13 13:00,681.3,1083.23,-100.02
2025-08-13 14:00,695.2,952.58,-0.0
2025-08-13 15:00,700.6,757.88,-0.0
2025-08-13 16:00,699.9,506.47,152.54
2025-08-13 17:00,629.4,214.48,374.03
2025-08-13 18:00,514.8,19.24,454.67
2025-08-13 19:00,453.3,0.0,412.41
2025-08-13 20:00,429.6,0.0,388.71
2025-08-13 21:00,391.7,0.0,0.0
2025-08-13 22:00,321.1,0.0,0.0
2025-08-13 23:00,311.2,0.0,0.0
2025-08-14 00:00,316.1,0.0,0.0
2025-08-14 01:00,311.0,0.0,0.0
2025-08-14 02:00,300.2,0.0,0.0
2025-08-14 03:00,310.6,0.0,0.0
2025-08-14 04:00,317.9,0.0,0.0
2025-08-14 05:00,293.3,15.99,0.0
2025-08-14 06:00,442.4,212.42,0.0
2025-08-14 07:00,636.1,483.88,0.0
2025-08-14 08:00,629.0,721.09,-92.09
2025-08-14 09:00,648.9,910.45,-261.55
2025-08-14 10:00,693.1,1083.94,-390.84
2025-08-14 11:00,651.6,1069.65,-418.05
2025-08-14 12:00,701.9,1086.82,-384.92
2025-08-14 13:00,719.1,1028.1,-309.0
2025-08-14 14:00,725.8,929.28,-168.96
2025-08-14 15:00,760.6,690.07,0.0
2025-08-14 16:00,750.4,467.16,191.55
2025-08-14 17:00,686.9,209.42,385.79
2025-08-14 18:00,554.8,15.11,448.0
2025-08-14 19:00,471.3,0.0,379.61
2025-08-14 20:00,469.1,0.0,377.41
2025-08-14 21:00,409.3,0.0,0.0
2025-08-14 22:00,350.7,0.0,0.0
2025-08-14 23:00,341.0,0.0,0.0
2025-08-15 00:00,309.8,0.0,0.0
2025-08-15 01:00,290.6,0.0,0.0
2025-08-15 02:00,297.2,0.0,0.0
2025-08-15 03:00,271.3,0.0,0.0
2025-08-15 04:00,285.1,0.0,0.0
2025-08-15 05:00,316.3,13.45,0.0
2025-08-15 06:00,423.6,219.78,0.0
2025-08-15 07:00,598.0,520.28,0.0
2025-08-15 08:00,631.8,756.86,-125.06
2025-08-15 09:00,610.9,938.66,-327.76
2025-08-15 10:00,657.9,1030.97,-373.07
2025-08-15 11:00,707.5,1064.64,-357.14
2025-08-15 12:00,662.9,1109.19,-446.29
2025-08-15 13:00,716.3,1075.2,-358.9
2025-08-15 14:00,759.4,882.34,-37.19
2025-08-15 15:00,742.9,706.79,0.0
2025-08-15 16:00,692.2,489.35,132.9
2025-08-15 17:00,689.2,205.33,413.92
2025-08-15 18:00,536.8,12.73,454.12
2025-08-15 19:00,450.5,0.0,380.55
2025-08-15 20:00,470.8,0.0,400.85
2025-08-15 21:00,421.4,0.0,0.0
2025-08-15 22:00,367.6,0.0,0.0
2025-08-15 23:00,338.2,0.0,0.0
2025-08-16 00:00,288.9,0.0,0.0
2025-08-16 01:00,293.7,0.0,0.0
2025-08-16 02:00,284.7,0.0,0.0
2025-08-16 03:00,264.3,0.0,0.0
2025-08-16 04:00,271.8,0.0,0.0
2025-08-16 05:00,279.9,12.15,0.0
2025-08-16 06:00,406.3,215.4,0.0
2025-08-16 07:00,424.7,524.42,-99.72
2025-08-16 08:00,444.3,776.49,-332.19
2025-08-16 09:00,455.5,918.48,-462.98
2025-08-16 10:00,516.2,1090.65,-500.0
2025-08-16 11:00,476.9,1153.69,-500.0
2025-08-16 12:00,486.5,1151.43,-130.52
2025-08-16 13:00,534.1,1021.15,-0.0
2025-08-16 14:00,512.1,942.03,-0.0
2025-08-16 15:00,429.4,743.4,-0.0
2025-08-16 16:00,428.4,476.42,-0.0
2025-08-16 17:00,401.3,213.45,187.85
2025-08-16 18:00,390.5,10.22,380.28
2025-08-16 19:00,373.4,0.0,373.4
2025-08-16 20:00,362.5,0.0,362.5
2025-08-16 21:00,334.0,0.0,0.0
2025-08-16 22:00,334.1,0.0,0.0
2025-08-16 23:00,314.9,0.0,0.0
2025-08-17 00:00,296.7,0.0,0.0
2025-08-17 01:00,271.7,0.0,0.0
2025-08-17 02:00,269.6,0.0,0.0
2025-08-17 03:00,253.3,0.0,0.0
2025-08-17 04:00,281.6,0.0,0.0
2025-08-17 05:00,296.4,9.51,0.0
2025-08-17 06:00,281.3,223.25,0.0
2025-08-17 07:00,309.1,516.25,-207.15
2025-08-17 08:00,311.7,741.42,-429.72
2025-08-17 09:00,356.8,940.7,-500.0
2025-08-17 10:00,362.6,1048.13,-344.98
2025-08-17 11:00,342.3,1098.21,-0.0
2025-08-17 12:00,418.8,1164.28,-0.0
2025-08-17 13:00,385.5,1062.01,-0.0
2025-08-17 14:00,408.1,828.7,-0.0
2025-08-17 15:00,379.3,724.03,-0.0
2025-08-17 16:00,400.3,485.07,-0.0
2025-08-17 17:00,362.3,212.31,149.99
2025-08-17 18:00,362.9,9.0,353.9
2025-08-17 19:00,361.7,0.0,361.7
2025-08-17 20:00,354.0,0.0,354.0
2025-08-17 21:00,346.5,0.0,0.0
2025-08-17 22:00,317.2,0.0,0.0
2025-08-17 23:00,321.5,0.0,0.0
2025-08-18 00:00,316.5,0.0,0.0
2025-08-18 01:00,310.0,0.0,0.0
2025-08-18 02:00,300.2,0.0,0.0
2025-08-18 03:00,286.5,0.0,0.0
2025-08-18 04:00,312.0,0.0,0.0
2025-08-18 05:00,331.4,6.68,0.0
2025-08-18 06:00,434.0,202.68,0.0
2025-08-18 07:00,634.6,483.85,0.0
2025-08-18 08:00,646.1,678.66,-32.56
2025-08-18 09:00,643.0,912.5,-269.5
2025-08-18 10:00,737.8,995.65,-257.85
2025-08-18 11:00,673.9,1068.84,-394.94
2025-08-18 12:00,673.0,1043.32,-370.32
2025-08-18 13:00,722.7,969.56,-60.73
2025-08-18 14:00,747.6,799.95,-0.0
2025-08-18 15:00,723.8,686.31,0.0
2025-08-18 16:00,691.1,430.5,165.96
2025-08-18 17:00,646.7,194.19,357.87
2025-08-18 18:00,527.2,5.05,427.51
2025-08-18 19:00,542.0,0.0,447.36
2025-08-18 20:00,478.3,0.0,383.66
2025-08-18 21:00,402.4,0.0,0.0
2025-08-18 22:00,330.4,0.0,0.0
2025-08-18 23:00,340.1,0.0,0.0
2025-08-19 00:00,316.0,0.0,0.0
2025-08-19 01:00,307.4,0.0,0.0
2025-08-19 02:00,309.2,0.0,0.0
2025-08-19 03:00,317.1,0.0,0.0
2025-08-19 04:00,308.6,0.0,0.0
2025-08-19 05:00,324.2,4.0,0.0
2025-08-19 06:00,470.5,208.64,0.0
2025-08-19 07:00,609.6,486.13,0.0
2025-08-19 08:00,638.3,727.37,-89.07
2025-08-19 09:00,670.2,904.17,-233.97
2025-08-19 10:00,647.0,1040.28,-393.28
2025-08-19 11:00,658.5,1083.99,-425.49
2025-08-19 12:00,715.1,1075.55,-360.45
2025-08-19 13:00,728.4,1038.43,-310.03
2025-08-19 14:00,738.1,892.17,-154.07
2025-08-19 15:00,733.3,728.48,0.0
2025-08-19 16:00,728.4,479.59,149.33
2025-08-19 17:00,629.3,200.94,328.88
2025-08-19 18:00,537.9,3.78,434.64
2025-08-19 19:00,527.8,0.0,428.32
2025-08-19 20:00,488.7,0.0,389.22
2025-08-19 21:00,411.2,0.0,0.0
2025-08-19 22:00,330.6,0.0,0.0
2025-08-19 23:00,334.5,0.0,0.0
2025-08-20 00:00,290.5,0.0,0.0
2025-08-20 01:00,297.7,0.0,0.0
2025-08-20 02:00,285.9,0.0,0.0
2025-08-20 03:00,279.1,0.0,0.0
2025-08-20 04:00,289.2,0.0,0.0
2025-08-20 05:00,299.3,2.7,0.0
2025-08-20 06:00,431.6,213.89,0.0
2025-08-20 07:00,579.0,495.87,0.0
2025-08-20 08:00,548.7,751.65,-202.95
2025-08-20 09:00,649.0,971.39,-322.39
2025-08-20 10:00,631.1,1034.31,-403.21
2025-08-20 11:00,698.7,1153.29,-454.59
2025-08-20 12:00,683.3,1114.7,-431.4
2025-08-20 13:00,673.0,1078.24,-210.87
2025-08-20 14:00,683.9,933.34,-0.0
2025-08-20 15:00,711.7,739.52,-0.0
2025-08-20 16:00,726.4,488.54,157.84
2025-08-20 17:00,654.1,203.47,370.61
2025-08-20 18:00,539.4,2.55,456.83
2025-08-20 19:00,493.3,0.0,413.28
2025-08-20 20:00,463.8,0.0,383.78
2025-08-20 21:00,382.6,0.0,0.0
2025-08-20 22:00,370.2,0.0,0.0
2025-08-20 23:00,318.2,0.0,0.0
2025-08-21 00:00,294.8,0.0,0.0
2025-08-21 01:00,290.5,0.0,0.0
2025-08-21 02:00,270.6,0.0,0.0
2025-08-21 03:00,287.8,0.0,0.0
2025-08-21 04:00,278.4,0.0,0.0
2025-08-21 05:00,293.7,0.0,0.0
2025-08-21 06:00,434.8,207.01,0.0
2025-08-21 07:00,575.5,493.52,0.0
2025-08-21 08:00,668.8,757.2,-88.4
2025-08-21 09:00,652.0,914.46,-262.46
2025-08-21 10:00,647.6,1042.66,-395.06
2025-08-21 11:00,665.5,1025.81,-360.31
2025-08-21 12:00,661.5,1087.25,-425.75
2025-08-21 13:00,663.9,1006.95,-343.05
2025-08-21 14:00,726.5,903.11,-150.38
2025-08-21 15:00,739.9,687.2,0.0
2025-08-21 16:00,718.1,468.22,173.31
2025-08-21 17:00,675.2,185.95,412.68
2025-08-21 18:00,497.6,0.0,421.03
2025-08-21 19:00,474.8,0.0,398.23
2025-08-21 20:00,453.7,0.0,377.13
2025-08-21 21:00,401.3,0.0,0.0
2025-08-21 22:00,349.3,0.0,0.0
2025-08-21 23:00,307.6,0.0,0.0
2025-08-22 00:00,304.2,0.0,0.0
2025-08-22 01:00,276.9,0.0,0.0
2025-08-22 02:00,275.8,0.0,0.0
2025-08-22 03:00,295.8,0.0,0.0
2025-08-22 04:00,287.7,0.0,0.0
2025-08-22 05:00,300.2,0.0,0.0
2025-08-22 06:00,456.0,190.49,0.0
2025-08-22 07:00,621.1,502.6,0.0
2025-08-22 08:00,612.5,756.04,-143.54
2025-08-22 09:00,619.0,909.39,-290.39
2025-08-22 10:00,666.2,1075.91,-409.71
2025-08-22 11:00,671.3,1093.34,-422.04
2025-08-22 12:00,631.9,1097.14,-465.24
2025-08-22 13:00,699.0,994.76,-294.49
2025-08-22 14:00,685.6,929.59,-0.0
2025-08-22 15:00,715.2,674.1,0.0
2025-08-22 16:00,736.5,460.2,201.25
2025-08-22 17:00,668.6,187.38,406.17
2025-08-22 18:00,498.9,0.0,423.85
2025-08-22 19:00,448.6,0.0,373.55
2025-08-22 20:00,452.6,0.0,377.55
2025-08-22 21:00,403.4,0.0,0.0
2025-08-22 22:00,316.8,0.0,0.0
2025-08-22 23:00,302.8,0.0,0.0
2025-08-23 00:00,302.1,0.0,0.0
2025-08-23 01:00,287.1,0.0,0.0
2025-08-23 02:00,294.9,0.0,0.0
2025-08-23 03:00,293.1,0.0,0.0
2025-08-23 04:00,305.5,0.0,0.0
2025-08-23 05:00,289.0,0.0,0.0
2025-08-23 06:00,423.9,195.77,0.0
2025-08-23 07:00,432.0,485.08,-53.08
2025-08-23 08:00,444.9,731.66,-286.76
2025-08-23 09:00,482.7,913.73,-431.03
2025-08-23 10:00,480.8,1033.43,-500.0
2025-08-23 11:00,548.1,1056.53,-500.0
2025-08-23 12:00,519.5,999.53,-254.54
2025-08-23 13:00,536.8,1010.91,-0.0
2025-08-23 14:00,577.0,874.72,-0.0
2025-08-23 15:00,437.1,675.09,-0.0
2025-08-23 16:00,460.5,418.88,41.62
2025-08-23 17:00,443.5,186.49,257.01
2025-08-23 18:00,438.4,0.0,438.4
2025-08-23 19:00,407.7,0.0,407.7
2025-08-23 20:00,376.6,0.0,376.6
2025-08-23 21:00,357.8,0.0,0.0
2025-08-23 22:00,341.1,0.0,0.0
2025-08-23 23:00,331.3,0.0,0.0
2025-08-24 00:00,298.7,0.0,0.0
2025-08-24 01:00,311.9,0.0,0.0
2025-08-24 02:00,256.5,0.0,0.0
2025-08-24 03:00,281.7,0.0,0.0
2025-08-24 04:00,288.3,0.0,0.0
2025-08-24 05:00,296.7,0.0,0.0
2025-08-24 06:00,283.0,196.84,0.0
2025-08-24 07:00,330.0,460.27,-130.27
2025-08-24 08:00,321.9,708.62,-386.72
2025-08-24 09:00,367.8,864.76,-496.96
2025-08-24 10:00,374.9,961.36,-500.0
2025-08-24 11:00,372.6,1024.06,-214.83
2025-08-24 12:00,412.6,1110.82,-0.0
2025-08-24 13:00,394.5,991.1,-0.0
2025-08-24 14:00,418.5,894.91,-0.0
2025-08-24 15:00,407.5,696.95,-0.0
2025-08-24 16:00,432.1,438.4,-0.0
2025-08-24 17:00,400.0,182.51,217.49
2025-08-24 18:00,406.9,0.0,406.9
2025-08-24 19:00,388.0,0.0,388.0
2025-08-24 20:00,343.2,0.0,343.2
2025-08-24 21:00,321.9,0.0,0.0
2025-08-24 22:00,327.6,0.0,0.0
2025-08-24 23:00,320.1,0.0,0.0
2025-08-25 00:00,293.3,0.0,0.0
2025-08-25 01:00,290.2,0.0,0.0
2025-08-25 02:00,276.7,0.0,0.0
2025-08-25 03:00,288.8,0.0,0.0
2025-08-25 04:00,281.8,0.0,0.0
2025-08-25 05:00,301.0,0.0,0.0
2025-08-25 06:00,438.1,191.59,0.0
2025-08-25 07:00,564.5,482.69,0.0
2025-08-25 08:00,622.1,676.91,-54.81
2025-08-25 09:00,642.7,890.46,-247.76
2025-08-25 10:00,657.2,1019.31,-362.11
2025-08-25 11:00,723.0,1034.57,-311.57
2025-08-25 12:00,703.7,1083.02,-379.32
2025-08-25 13:00,696.1,949.45,-184.87
2025-08-25 14:00,696.1,850.19,-0.0
2025-08-25 15:00,754.8,674.91,0.0
2025-08-25 16:00,698.4,448.24,193.87
2025-08-25 17:00,599.2,183.54,359.37
2025-08-25 18:00,520.4,0.0,464.11
2025-08-25 19:00,437.2,0.0,380.91
2025-08-25 20:00,440.4,0.0,384.11
2025-08-25 21:00,392.6,0.0,0.0
2025-08-25 22:00,337.9,0.0,0.0
2025-08-25 23:00,317.1,0.0,0.0
2025-08-26 00:00,297.0,0.0,0.0
2025-08-26 01:00,293.9,0.0,0.0
2025-08-26 02:00,278.2,0.0,0.0
2025-08-26 03:00,271.0,0.0,0.0
2025-08-26 04:00,301.1,0.0,0.0
2025-08-26 05:00,308.7,0.0,0.0
2025-08-26 06:00,468.5,182.56,0.0
2025-08-26 07:00,601.9,493.68,0.0
2025-08-26 08:00,631.9,739.32,-107.42
2025-08-26 09:00,658.3,942.07,-283.77
2025-08-26 10:00,711.6,1052.49,-340.89
2025-08-26 11:00,681.8,1146.0,-464.2
2025-08-26 12:00,711.1,1073.28,-362.18
2025-08-26 13:00,714.4,1019.9,-305.5
2025-08-26 14:00,695.7,876.04,-161.45
2025-08-26 15:00,711.3,713.86,-0.0
2025-08-26 16:00,672.7,474.28,137.68
2025-08-26 17:00,617.4,186.07,370.59
2025-08-26 18:00,517.8,0.0,457.06
2025-08-26 19:00,474.2,0.0,413.46
2025-08-26 20:00,464.3,0.0,403.56
2025-08-26 21:00,353.5,0.0,0.0
2025-08-26 22:00,340.1,0.0,0.0
2025-08-26 23:00,322.6,0.0,0.0
2025-08-27 00:00,323.1,0.0,0.0
2025-08-27 01:00,314.9,0.0,0.0
2025-08-27 02:00,312.7,0.0,0.0
2025-08-27 03:00,299.3,0.0,0.0
2025-08-27 04:00,292.5,0.0,0.0
2025-08-27 05:00,300.5,0.0,0.0
2025-08-27 06:00,409.3,180.46,0.0
2025-08-27 07:00,618.6,476.19,0.0
2025-08-27 08:00,609.8,698.04,-88.24
2025-08-27 09:00,647.2,926.13,-278.93
2025-08-27 10:00,720.7,1036.87,-316.17
2025-08-27 11:00,748.3,1084.62,-336.32
2025-08-27 12:00,688.9,1038.57,-349.67
2025-08-27 13:00,692.8,1051.73,-358.93
2025-08-27 14:00,760.3,860.6,-100.3
2025-08-27 15:00,724.9,687.57,0.0
2025-08-27 16:00,707.3,465.98,109.3
2025-08-27 17:00,669.2,175.31,361.87
2025-08-27 18:00,530.3,0.0,398.28
2025-08-27 19:00,526.8,0.0,394.78
2025-08-27 20:00,476.9,0.0,344.88
2025-08-27 21:00,415.7,0.0,0.0
2025-08-27 22:00,344.6,0.0,0.0
2025-08-27 23:00,323.0,0.0,0.0
2025-08-28 00:00,350.6,0.0,0.0
2025-08-28 01:00,355.8,0.0,0.0
2025-08-28 02:00,340.2,0.0,0.0
2025-08-28 03:00,351.4,0.0,0.0
2025-08-28 04:00,313.7,0.0,0.0
2025-08-28 05:00,318.8,0.0,0.0
2025-08-28 06:00,492.1,185.56,0.0
2025-08-28 07:00,665.8,481.98,0.0
2025-08-28 08:00,671.4,733.89,-62.49
2025-08-28 09:00,690.2,925.21,-235.01
2025-08-28 10:00,709.9,1015.65,-305.75
2025-08-28 11:00,716.3,1086.84,-370.54
2025-08-28 12:00,716.1,1088.75,-372.65
2025-08-28 13:00,708.5,980.62,-272.12
2025-08-28 14:00,777.8,857.73,-79.93
2025-08-28 15:00,732.5,703.69,0.0
2025-08-28 16:00,756.5,443.25,149.69
2025-08-28 17:00,623.8,175.36,284.88
2025-08-28 18:00,536.3,0.0,372.74
2025-08-28 19:00,519.3,0.0,355.74
2025-08-28 20:00,495.2,0.0,331.64
2025-08-28 21:00,414.7,0.0,0.0
2025-08-28 22:00,393.4,0.0,0.0
2025-08-28 23:00,340.6,0.0,0.0
2025-08-29 00:00,331.2,0.0,0.0
2025-08-29 01:00,274.3,0.0,0.0
2025-08-29 02:00,284.6,0.0,0.0
2025-08-29 03:00,287.0,0.0,0.0
2025-08-29 04:00,274.0,0.0,0.0
2025-08-29 05:00,305.9,0.0,0.0
2025-08-29 06:00,464.1,187.61,0.0
2025-08-29 07:00,610.3,479.97,0.0
2025-08-29 08:00,612.4,752.53,-140.13
2025-08-29 09:00,649.6,941.91,-292.31
2025-08-29 10:00,657.7,1070.27,-412.57
2025-08-29 11:00,735.0,1110.96,-375.96
2025-08-29 12:00,682.9,1129.86,-446.96
2025-08-29 13:00,695.2,1000.38,-305.18
2025-08-29 14:00,694.6,905.9,-52.3
2025-08-29 15:00,726.6,719.44,0.0
2025-08-29 16:00,757.2,454.07,230.59
2025-08-29 17:00,604.5,172.68,359.28
2025-08-29 18:00,472.3,0.0,399.76
2025-08-29 19:00,477.7,0.0,405.16
2025-08-29 20:00,460.1,0.0,387.56
2025-08-29 21:00,415.5,0.0,0.0
2025-08-29 22:00,326.9,0.0,0.0
2025-08-29 23:00,277.1,0.0,0.0
2025-08-30 00:00,312.3,0.0,0.0
2025-08-30 01:00,296.2,0.0,0.0
2025-08-30 02:00,316.3,0.0,0.0
2025-08-30 03:00,308.4,0.0,0.0
2025-08-30 04:00,318.1,0.0,0.0
2025-08-30 05:00,321.6,0.0,0.0
2025-08-30 06:00,429.2,179.39,0.0
2025-08-30 07:00,423.2,455.34,-32.14
2025-08-30 08:00,445.1,739.68,-294.58
2025-08-30 09:00,476.3,932.66,-456.36
2025-08-30 10:00,521.2,1052.24,-500.0
2025-08-30 11:00,536.0,1124.45,-500.0
2025-08-30 12:00,566.9,1065.14,-242.33
2025-08-30 13:00,531.0,1045.21,-0.0
2025-08-30 14:00,563.5,891.41,-0.0
2025-08-30 15:00,432.4,694.35,-0.0
2025-08-30 16:00,431.7,448.78,-0.0
2025-08-30 17:00,409.9,172.09,237.81
2025-08-30 18:00,436.2,0.0,436.2
2025-08-30 19:00,401.3,0.0,401.3
2025-08-30 20:00,412.6,0.0,412.6
2025-08-30 21:00,383.6,0.0,0.0
2025-08-30 22:00,341.9,0.0,0.0
2025-08-30 23:00,334.2,0.0,0.0
2025-08-31 00:00,307.5,0.0,0.0
2025-08-31 01:00,292.8,0.0,0.0
2025-08-31 02:00,289.7,0.0,0.0
2025-08-31 03:00,277.2,0.0,0.0
2025-08-31 04:00,259.4,0.0,0.0
2025-08-31 05:00,281.4,0.0,0.0
2025-08-31 06:00,290.7,181.66,0.0
2025-08-31 07:00,311.9,454.8,-142.9
2025-08-31 08:00,337.2,716.18,-378.98
2025-08-31 09:00,354.0,877.07,-500.0
2025-08-31 10:00,372.7,1080.87,-500.0
2025-08-31 11:00,371.6,1096.78,-168.93
2025-08-31 12:00,417.3,1094.68,-0.0
2025-08-31 13:00,416.8,1024.13,-0.0
2025-08-31 14:00,407.3,886.14,-0.0
2025-08-31 15:00,397.0,678.19,-0.0
2025-08-31 16:00,398.2,457.82,-0.0
2025-08-31 17:00,417.4,155.73,261.67
2025-08-31 18:00,378.5,0.0,378.5
2025-08-31 19:00,368.6,0.0,368.6
2025-08-31 20:00,353.5,0.0,353.5
2025-08-31 21:00,336.2,0.0,0.0
2025-08-31 22:00,293.6,0.0,0.0
2025-08-31 23:00,317.8,0.0,0.0
2025-09-01 00:00,281.0,0.0,0.0
2025-09-01 01:00,291.3,0.0,0.0
2025-09-01 02:00,268.0,0.0,0.0
2025-09-01 03:00,258.8,0.0,0.0
2025-09-01 04:00,261.8,0.0,0.0
2025-09-01 05:00,259.0,0.0,0.0
2025-09-01 06:00,386.5,152.67,0.0
2025-09-01 07:00,604.0,458.03,0.0
2025-09-01 08:00,626.3,725.34,-99.04
2025-09-01 09:00,599.9,925.58,-325.68
2025-09-01 10:00,630.1,1016.87,-386.77
2025-09-01 11:00,667.8,1064.89,-397.09
2025-09-01 12:00,656.3,1119.5,-339.45
2025-09-01 13:00,646.6,951.55,-0.0
2025-09-01 14:00,719.9,878.85,-0.0
2025-09-01 15:00,718.1,696.67,0.0
2025-09-01 16:00,647.6,416.18,175.59
2025-09-01 17:00,594.8,158.0,380.97
2025-09-01 18:00,509.5,0.0,453.67
2025-09-01 19:00,473.1,0.0,417.27
2025-09-01 20:00,410.7,0.0,354.87
2025-09-01 21:00,369.3,0.0,0.0
2025-09-01 22:00,310.6,0.0,0.0
2025-09-01 23:00,318.4,0.0,0.0
2025-09-02 00:00,267.1,0.0,0.0
2025-09-02 01:00,281.4,0.0,0.0
2025-09-02 02:00,262.4,0.0,0.0
2025-09-02 03:00,277.7,0.0,0.0
2025-09-02 04:00,267.1,0.0,0.0
2025-09-02 05:00,271.0,0.0,0.0
2025-09-02 06:00,430.6,161.73,0.0
2025-09-02 07:00,555.4,461.09,0.0
2025-09-02 08:00,622.8,681.95,-59.15
2025-09-02 09:00,621.5,904.17,-282.67
2025-09-02 10:00,604.3,993.6,-389.3
2025-09-02 11:00,684.2,1070.42,-386.22
2025-09-02 12:00,619.1,1107.66,-488.56
2025-09-02 13:00,695.8,971.4,-275.6
2025-09-02 14:00,677.7,862.79,-143.91
2025-09-02 15:00,718.4,697.47,0.0
2025-09-02 16:00,697.7,418.26,213.02
2025-09-02 17:00,623.1,158.98,397.7
2025-09-02 18:00,493.6,0.0,427.18
2025-09-02 19:00,444.5,0.0,378.08
2025-09-02 20:00,432.8,0.0,366.38
2025-09-02 21:00,381.5,0.0,0.0
2025-09-02 22:00,315.9,0.0,0.0
2025-09-02 23:00,310.4,0.0,0.0
2025-09-03 00:00,292.9,0.0,0.0
2025-09-03 01:00,281.7,0.0,0.0
2025-09-03 02:00,290.4,0.0,0.0
2025-09-03 03:00,286.1,0.0,0.0
2025-09-03 04:00,269.2,0.0,0.0
2025-09-03 05:00,284.6,0.0,0.0
2025-09-03 06:00,430.7,165.9,0.0
2025-09-03 07:00,572.1,408.3,0.0
2025-09-03 08:00,593.9,646.13,-52.23
2025-09-03 09:00,657.9,863.74,-205.84
2025-09-03 10:00,669.1,965.45,-296.35
2025-09-03 11:00,664.9,1057.62,-392.72
2025-09-03 12:00,616.3,1037.1,-420.8
2025-09-03 13:00,684.5,963.94,-279.44
2025-09-03 14:00,676.4,835.9,-159.5
2025-09-03 15:00,698.5,680.4,0.0
2025-09-03 16:00,705.4,394.61,189.05
2025-09-03 17:00,591.5,149.03,320.73
2025-09-03 18:00,510.4,0.0,388.66
2025-09-03 19:00,501.5,0.0,379.76
2025-09-03 20:00,433.6,0.0,311.86
2025-09-03 21:00,375.2,0.0,0.0
2025-09-03 22:00,333.2,0.0,0.0
2025-09-03 23:00,297.5,0.0,0.0
2025-09-04 00:00,296.4,0.0,0.0
2025-09-04 01:00,294.0,0.0,0.0
2025-09-04 02:00,257.9,0.0,0.0
2025-09-04 03:00,283.2,0.0,0.0
2025-09-04 04:00,268.9,0.0,0.0
2025-09-04 05:00,278.7,0.0,0.0
2025-09-04 06:00,452.5,161.16,0.0
2025-09-04 07:00,594.9,432.03,0.0
2025-09-04 08:00,614.5,716.5,-102.0
2025-09-04 09:00,619.3,947.24,-327.94
2025-09-04 10:00,609.4,1075.26,-465.86
2025-09-04 11:00,675.7,1100.02,-424.32
2025-09-04 12:00,691.0,1118.76,-427.76
2025-09-04 13:00,615.2,988.02,-277.53
2025-09-04 14:00,735.4,885.65,-0.0
2025-09-04 15:00,676.7,678.24,-0.0
2025-09-04 16:00,696.4,428.13,203.84
2025-09-04 17:00,628.9,157.25,407.22
2025-09-04 18:00,480.8,0.0,416.37
2025-09-04 19:00,463.8,0.0,399.37
2025-09-04 20:00,420.0,0.0,355.57
2025-09-04 21:00,359.5,0.0,0.0
2025-09-04 22:00,294.3,0.0,0.0
2025-09-04 23:00,314.7,0.0,0.0
2025-09-05 00:00,285.0,0.0,0.0
2025-09-05 01:00,286.9,0.0,0.0
2025-09-05 02:00,268.9,0.0,0.0
2025-09-05 03:00,274.8,0.0,0.0
2025-09-05 04:00,264.7,0.0,0.0
2025-09-05 05:00,287.1,0.0,0.0
2025-09-05 06:00,451.2,163.47,0.0
2025-09-05 07:00,604.7,454.18,0.0
2025-09-05 08:00,606.6,735.86,-129.26
2025-09-05 09:00,621.8,938.24,-316.44
2025-09-05 10:00,656.7,1005.93,-349.23
2025-09-05 11:00,723.0,1091.12,-368.12
2025-09-05 12:00,706.7,1136.52,-429.82
2025-09-05 13:00,671.5,1057.07,-385.57
2025-09-05 14:00,756.3,892.42,-46.97
2025-09-05 15:00,686.0,686.81,-0.0
2025-09-05 16:00,683.4,433.39,179.46
2025-09-05 17:00,635.8,155.52,409.73
2025-09-05 18:00,514.1,0.0,443.55
2025-09-05 19:00,460.0,0.0,389.45
2025-09-05 20:00,430.7,0.0,360.15
2025-09-05 21:00,361.7,0.0,0.0
2025-09-05 22:00,317.6,0.0,0.0
2025-09-05 23:00,346.6,0.0,0.0
2025-09-06 00:00,267.6,0.0,0.0
2025-09-06 01:00,270.0,0.0,0.0
2025-09-06 02:00,252.7,0.0,0.0
2025-09-06 03:00,279.1,0.0,0.0
2025-09-06 04:00,244.6,0.0,0.0
2025-09-06 05:00,269.3,0.0,0.0
2025-09-06 06:00,382.0,159.88,0.0
2025-09-06 07:00,398.8,464.04,-65.24
2025-09-06 08:00,402.0,714.54,-312.54
2025-09-06 09:00,462.2,927.15,-464.95
2025-09-06 10:00,471.9,1034.47,-500.0
2025-09-06 11:00,491.1,1096.13,-500.0
2025-09-06 12:00,479.8,1138.36,-182.68
2025-09-06 13:00,494.0,1068.32,-0.0
2025-09-06 14:00,485.1,912.22,-0.0
2025-09-06 15:00,365.0,716.55,-0.0
2025-09-06 16:00,367.2,453.64,-0.0
2025-09-06 17:00,379.2,153.49,225.71
2025-09-06 18:00,373.2,0.0,373.2
2025-09-06 19:00,360.3,0.0,360.3
2025-09-06 20:00,307.5,0.0,307.5
2025-09-06 21:00,334.6,0.0,0.0
2025-09-06 22:00,306.9,0.0,0.0
2025-09-06 23:00,285.2,0.0,0.0
2025-09-07 00:00,295.2,0.0,0.0
2025-09-07 01:00,280.7,0.0,0.0
2025-09-07 02:00,264.6,0.0,0.0
2025-09-07 03:00,276.3,0.0,0.0
2025-09-07 04:00,269.3,0.0,0.0
2025-09-07 05:00,270.5,0.0,0.0
2025-09-07 06:00,301.2,145.74,0.0
2025-09-07 07:00,299.0,440.28,-141.28
2025-09-07 08:00,304.8,672.99,-368.19
2025-09-07 09:00,315.6,888.89,-500.0
2025-09-07 10:00,339.1,1040.44,-429.97
2025-09-07 11:00,365.1,1120.52,-0.0
2025-09-07 12:00,362.8,1046.92,-0.0
2025-09-07 13:00,385.5,1016.87,-0.0
2025-09-07 14:00,370.2,856.66,-0.0
2025-09-07 15:00,397.6,628.85,-0.0
2025-09-07 16:00,437.0,433.77,3.23
2025-09-07 17:00,380.4,146.18,234.22
2025-09-07 18:00,396.9,0.0,396.9
2025-09-07 19:00,357.6,0.0,357.6
2025-09-07 20:00,348.3,0.0,348.3
2025-09-07 21:00,324.6,0.0,0.0
2025-09-07 22:00,311.9,0.0,0.0
2025-09-07 23:00,311.5,0.0,0.0
2025-09-08 00:00,327.0,0.0,0.0
2025-09-08 01:00,315.6,0.0,0.0
2025-09-08 02:00,295.7,0.0,0.0
2025-09-08 03:00,290.4,0.0,0.0
2025-09-08 04:00,306.2,0.0,0.0
2025-09-08 05:00,297.0,0.0,0.0
2025-09-08 06:00,483.9,150.6,0.0
2025-09-08 07:00,570.1,453.79,0.0
2025-09-08 08:00,588.8,690.02,-101.22
2025-09-08 09:00,648.7,916.33,-267.63
2025-09-08 10:00,648.0,1012.84,-364.84
2025-09-08 11:00,655.6,1093.52,-437.92
2025-09-08 12:00,662.0,1112.69,-351.4
2025-09-08 13:00,677.5,957.24,-0.0
2025-09-08 14:00,664.3,841.83,-0.0
2025-09-08 15:00,650.4,685.47,-0.0
2025-09-08 16:00,680.1,427.9,170.69
2025-09-08 17:00,610.6,136.9,392.19
2025-09-08 18:00,538.4,0.0,456.89
2025-09-08 19:00,494.3,0.0,412.79
2025-09-08 20:00,431.3,0.0,349.79
2025-09-08 21:00,417.0,0.0,0.0
2025-09-08 22:00,345.3,0.0,0.0
2025-09-08 23:00,322.1,0.0,0.0
2025-09-09 00:00,307.0,0.0,0.0
2025-09-09 01:00,272.5,0.0,0.0
2025-09-09 02:00,277.3,0.0,0.0
2025-09-09 03:00,288.9,0.0,0.0
2025-09-09 04:00,276.1,0.0,0.0
2025-09-09 05:00,271.3,0.0,0.0
2025-09-09 06:00,475.7,126.35,0.0
2025-09-09 07:00,584.2,359.88,0.0
2025-09-09 08:00,605.2,596.45,0.0
2025-09-09 09:00,650.6,753.97,-103.37
2025-09-09 10:00,665.7,848.12,-182.42
2025-09-09 11:00,645.8,964.61,-318.81
2025-09-09 12:00,685.3,924.12,-238.82
2025-09-09 13:00,716.0,845.82,-129.82
2025-09-09 14:00,657.1,728.77,-71.67
2025-09-09 15:00,689.4,560.11,0.0
2025-09-09 16:00,689.2,339.73,82.68
2025-09-09 17:00,624.6,119.02,238.79
2025-09-09 18:00,504.5,0.0,237.71
2025-09-09 19:00,452.1,0.0,185.31
2025-09-09 20:00,441.8,0.0,175.01
2025-09-09 21:00,397.9,0.0,0.0
2025-09-09 22:00,339.3,0.0,0.0
2025-09-09 23:00,289.0,0.0,0.0
2025-09-10 00:00,286.5,0.0,0.0
2025-09-10 01:00,271.2,0.0,0.0
2025-09-10 02:00,279.6,0.0,0.0
2025-09-10 03:00,254.9,0.0,0.0
2025-09-10 04:00,263.1,0.0,0.0
2025-09-10 05:00,312.2,0.0,0.0
2025-09-10 06:00,467.1,135.0,0.0
2025-09-10 07:00,545.7,444.3,0.0
2025-09-10 08:00,624.6,681.4,-56.8
2025-09-10 09:00,632.0,910.89,-278.89
2025-09-10 10:00,647.9,1064.99,-417.09
2025-09-10 11:00,614.8,1089.28,-474.48
2025-09-10 12:00,650.7,1023.16,-372.46
2025-09-10 13:00,683.7,960.38,-276.68
2025-09-10 14:00,711.9,881.21,-149.01
2025-09-10 15:00,695.4,676.34,0.0
2025-09-10 16:00,648.3,426.22,153.07
2025-09-10 17:00,665.4,130.99,465.4
2025-09-10 18:00,498.2,0.0,429.19
2025-09-10 19:00,460.2,0.0,391.19
2025-09-10 20:00,412.5,0.0,343.49
2025-09-10 21:00,342.3,0.0,0.0
2025-09-10 22:00,301.3,0.0,0.0
2025-09-10 23:00,278.0,0.0,0.0
2025-09-11 00:00,295.4,0.0,0.0
2025-09-11 01:00,296.8,0.0,0.0
2025-09-11 02:00,281.5,0.0,0.0
2025-09-11 03:00,287.9,0.0,0.0
2025-09-11 04:00,279.0,0.0,0.0
2025-09-11 05:00,283.3,0.0,0.0
2025-09-11 06:00,447.1,126.19,0.0
2025-09-11 07:00,558.0,447.41,0.0
2025-09-11 08:00,615.8,656.96,-41.16
2025-09-11 09:00,609.2,861.81,-252.61
2025-09-11 10:00,662.2,959.71,-297.51
2025-09-11 11:00,656.7,1063.54,-406.84
2025-09-11 12:00,601.2,1105.26,-500.0
2025-09-11 13:00,652.2,988.0,-335.8
2025-09-11 14:00,742.6,808.59,-65.99
2025-09-11 15:00,710.3,638.59,0.0
2025-09-11 16:00,728.3,410.57,212.79
2025-09-11 17:00,615.1,125.12,385.04
2025-09-11 18:00,501.8,0.0,396.86
2025-09-11 19:00,441.0,0.0,336.06
2025-09-11 20:00,446.1,0.0,341.16
2025-09-11 21:00,393.9,0.0,0.0
2025-09-11 22:00,332.8,0.0,0.0
2025-09-11 23:00,296.9,0.0,0.0
2025-09-12 00:00,281.1,0.0,0.0
2025-09-12 01:00,295.5,0.0,0.0
2025-09-12 02:00,292.5,0.0,0.0
2025-09-12 03:00,294.7,0.0,0.0
2025-09-12 04:00,274.1,0.0,0.0
2025-09-12 05:00,311.2,0.0,0.0
2025-09-12 06:00,444.4,133.23,0.0
2025-09-12 07:00,600.7,407.96,0.0
2025-09-12 08:00,639.1,683.87,-44.77
2025-09-12 09:00,700.8,826.36,-125.56
2025-09-12 10:00,659.0,1037.52,-378.52
2025-09-12 11:00,641.5,1051.01,-409.51
2025-09-12 12:00,685.4,1083.83,-398.43
2025-09-12 13:00,692.7,955.98,-263.28
2025-09-12 14:00,657.5,797.88,-140.38
2025-09-12 15:00,698.5,609.56,0.0
2025-09-12 16:00,701.8,381.05,182.48
2025-09-12 17:00,635.7,126.78,370.65
2025-09-12 18:00,552.3,0.0,414.03
2025-09-12 19:00,450.0,0.0,311.73
2025-09-12 20:00,408.6,0.0,270.33
2025-09-12 21:00,382.1,0.0,0.0
2025-09-12 22:00,348.0,0.0,0.0
2025-09-12 23:00,341.7,0.0,0.0
2025-09-13 00:00,268.4,0.0,0.0
2025-09-13 01:00,260.4,0.0,0.0
2025-09-13 02:00,255.4,0.0,0.0
2025-09-13 03:00,267.1,0.0,0.0
2025-09-13 04:00,275.3,0.0,0.0
2025-09-13 05:00,270.0,0.0,0.0
2025-09-13 06:00,394.6,136.13,0.0
2025-09-13 07:00,415.8,448.93,-33.13
2025-09-13 08:00,445.0,724.61,-279.61
2025-09-13 09:00,423.2,934.66,-500.0
2025-09-13 10:00,454.3,1063.82,-500.0
2025-09-13 11:00,471.3,1086.26,-500.0
2025-09-13 12:00,472.3,1127.13,-212.67
2025-09-13 13:00,473.5,1027.16,-0.0
2025-09-13 14:00,478.0,904.53,-0.0
2025-09-13 15:00,385.8,668.8,-0.0
2025-09-13 16:00,394.1,432.96,-0.0
2025-09-13 17:00,391.7,129.6,262.1
2025-09-13 18:00,364.7,0.0,364.7
2025-09-13 19:00,346.5,0.0,346.5
2025-09-13 20:00,334.3,0.0,334.3
2025-09-13 21:00,307.7,0.0,0.0
2025-09-13 22:00,309.6,0.0,0.0
2025-09-13 23:00,290.4,0.0,0.0
2025-09-14 00:00,272.5,0.0,0.0
2025-09-14 01:00,276.2,0.0,0.0
2025-09-14 02:00,258.2,0.0,0.0
2025-09-14 03:00,268.8,0.0,0.0
2025-09-14 04:00,270.2,0.0,0.0
2025-09-14 05:00,302.8,0.0,0.0
2025-09-14 06:00,279.5,118.86,0.0
2025-09-14 07:00,310.2,390.66,-80.46
2025-09-14 08:00,318.4,690.66,-372.26
2025-09-14 09:00,336.5,825.03,-488.53
2025-09-14 10:00,348.3,974.68,-500.0
2025-09-14 11:00,383.3,1042.56,-44.66
2025-09-14 12:00,380.6,1046.42,-0.0
2025-09-14 13:00,366.6,986.28,-0.0
2025-09-14 14:00,396.6,808.55,-0.0
2025-09-14 15:00,420.1,606.11,-0.0
2025-09-14 16:00,408.5,402.67,5.83
2025-09-14 17:00,403.6,119.39,284.21
2025-09-14 18:00,371.2,0.0,371.2
2025-09-14 19:00,351.4,0.0,351.4
2025-09-14 20:00,344.8,0.0,344.8
2025-09-14 21:00,358.9,0.0,0.0
2025-09-14 22:00,346.9,0.0,0.0
2025-09-14 23:00,316.6,0.0,0.0
2025-09-15 00:00,304.0,0.0,0.0
2025-09-15 01:00,297.3,0.0,0.0
2025-09-15 02:00,314.3,0.0,0.0
2025-09-15 03:00,306.8,0.0,0.0
2025-09-15 04:00,296.5,0.0,0.0
2025-09-15 05:00,308.6,0.0,0.0
2025-09-15 06:00,445.1,113.29,0.0
2025-09-15 07:00,607.3,409.55,0.0
2025-09-15 08:00,589.4,646.63,-57.23
2025-09-15 09:00,630.9,871.05,-240.15
2025-09-15 10:00,669.2,986.36,-317.16
2025-09-15 11:00,695.4,1024.04,-328.64
2025-09-15 12:00,669.1,1036.19,-367.09
2025-09-15 13:00,741.1,959.27,-218.17
2025-09-15 14:00,731.9,836.82,-14.11
2025-09-15 15:00,687.0,627.32,0.0
2025-09-15 16:00,697.2,383.92,197.11
2025-09-15 17:00,641.5,112.67,412.66
2025-09-15 18:00,547.2,0.0,431.03
2025-09-15 19:00,501.2,0.0,385.03
2025-09-15 20:00,472.7,0.0,356.53
2025-09-15 21:00,398.6,0.0,0.0
2025-09-15 22:00,340.8,0.0,0.0
2025-09-15 23:00,341.1,0.0,0.0
2025-09-16 00:00,287.8,0.0,0.0
2025-09-16 01:00,268.1,0.0,0.0
2025-09-16 02:00,295.7,0.0,0.0
2025-09-16 03:00,269.4,0.0,0.0
2025-09-16 04:00,278.6,0.0,0.0
2025-09-16 05:00,288.9,0.0,0.0
2025-09-16 06:00,431.5,120.08,0.0
2025-09-16 07:00,540.8,407.41,0.0
2025-09-16 08:00,641.0,639.89,0.0
2025-09-16 09:00,596.4,909.42,-313.02
2025-09-16 10:00,597.9,1029.7,-431.8
2025-09-16 11:00,682.9,1114.97,-432.07
2025-09-16 12:00,676.8,1102.71,-425.91
2025-09-16 13:00,681.1,1009.69,-328.59
2025-09-16 14:00,696.8,857.47,-94.02
2025-09-16 15:00,691.0,651.37,0.0
2025-09-16 16:00,647.9,398.09,183.68
2025-09-16 17:00,609.1,109.22,433.75
2025-09-16 18:00,506.1,0.0,439.97
2025-09-16 19:00,432.8,0.0,366.67
2025-09-16 20:00,424.4,0.0,358.27
2025-09-16 21:00,394.5,0.0,0.0
2025-09-16 22:00,326.2,0.0,0.0
2025-09-16 23:00,317.7,0.0,0.0
2025-09-17 00:00,301.5,0.0,0.0
2025-09-17 01:00,291.8,0.0,0.0
2025-09-17 02:00,270.3,0.0,0.0
2025-09-17 03:00,305.5,0.0,0.0
2025-09-17 04:00,280.9,0.0,0.0
2025-09-17 05:00,304.9,0.0,0.0
2025-09-17 06:00,440.8,92.7,0.0
2025-09-17 07:00,625.0,351.13,0.0
2025-09-17 08:00,634.6,567.89,0.0
2025-09-17 09:00,693.5,754.49,-60.99
2025-09-17 10:00,629.6,866.84,-237.24
2025-09-17 11:00,665.2,934.75,-269.55
2025-09-17 12:00,686.1,895.01,-208.91
2025-09-17 13:00,700.4,819.34,-118.94
2025-09-17 14:00,743.8,746.39,-2.59
2025-09-17 15:00,673.8,551.76,0.0
2025-09-17 16:00,701.2,310.33,65.43
2025-09-17 17:00,639.4,88.15,225.81
2025-09-17 18:00,515.6,0.0,190.16
2025-09-17 19:00,486.0,0.0,160.56
2025-09-17 20:00,473.9,0.0,148.46
2025-09-17 21:00,393.2,0.0,0.0
2025-09-17 22:00,330.6,0.0,0.0
2025-09-17 23:00,334.3,0.0,0.0
2025-09-18 00:00,289.9,0.0,0.0
2025-09-18 01:00,284.9,0.0,0.0
2025-09-18 02:00,282.6,0.0,0.0
2025-09-18 03:00,280.1,0.0,0.0
2025-09-18 04:00,276.7,0.0,0.0
2025-09-18 05:00,291.3,0.0,0.0
2025-09-18 06:00,447.4,100.14,0.0
2025-09-18 07:00,597.4,413.35,0.0
2025-09-18 08:00,600.1,631.91,-31.81
2025-09-18 09:00,633.3,800.6,-167.3
2025-09-18 10:00,629.6,960.77,-331.17
2025-09-18 11:00,635.5,1011.1,-375.6
2025-09-18 12:00,676.1,1016.65,-340.55
2025-09-18 13:00,689.1,941.92,-252.82
2025-09-18 14:00,718.3,814.39,-96.09
2025-09-18 15:00,722.9,611.55,0.0
2025-09-18 16:00,692.9,388.95,144.48
2025-09-18 17:00,647.3,97.8,390.03
2025-09-18 18:00,504.0,0.0,344.53
2025-09-18 19:00,429.1,0.0,269.63
2025-09-18 20:00,414.7,0.0,255.23
2025-09-18 21:00,355.5,0.0,0.0
2025-09-18 22:00,320.3,0.0,0.0
2025-09-18 23:00,301.7,0.0,0.0
2025-09-19 00:00,276.4,0.0,0.0
2025-09-19 01:00,279.4,0.0,0.0
2025-09-19 02:00,259.8,0.0,0.0
2025-09-19 03:00,277.0,0.0,0.0
2025-09-19 04:00,279.8,0.0,0.0
2025-09-19 05:00,279.5,0.0,0.0
2025-09-19 06:00,431.0,99.29,0.0
2025-09-19 07:00,555.5,394.99,0.0
2025-09-19 08:00,540.4,589.08,-48.68
2025-09-19 09:00,600.9,804.25,-203.35
2025-09-19 10:00,625.4,925.41,-300.01
2025-09-19 11:00,652.3,992.66,-340.36
2025-09-19 12:00,588.3,1014.97,-426.67
2025-09-19 13:00,679.2,968.13,-288.93
2025-09-19 14:00,721.6,822.47,-100.87
2025-09-19 15:00,703.4,590.32,0.0
2025-09-19 16:00,671.0,393.0,138.67
2025-09-19 17:00,622.4,93.24,389.83
2025-09-19 18:00,505.6,0.0,366.27
2025-09-19 19:00,486.4,0.0,347.07
2025-09-19 20:00,401.3,0.0,261.97
2025-09-19 21:00,365.7,0.0,0.0
2025-09-19 22:00,316.2,0.0,0.0
2025-09-19 23:00,288.6,0.0,0.0
2025-09-20 00:00,282.7,0.0,0.0
2025-09-20 01:00,261.0,0.0,0.0
2025-09-20 02:00,279.7,0.0,0.0
2025-09-20 03:00,259.6,0.0,0.0
2025-09-20 04:00,266.9,0.0,0.0
2025-09-20 05:00,300.1,0.0,0.0
2025-09-20 06:00,411.4,101.59,0.0
2025-09-20 07:00,440.0,356.34,0.0
2025-09-20 08:00,447.3,625.67,-178.37
2025-09-20 09:00,449.9,852.56,-402.66
2025-09-20 10:00,455.7,917.27,-461.57
2025-09-20 11:00,523.6,1021.81,-498.21
2025-09-20 12:00,497.9,1035.28,-484.6
2025-09-20 13:00,566.9,886.91,-0.0
2025-09-20 14:00,556.0,802.7,-0.0
2025-09-20 15:00,385.9,601.48,-0.0
2025-09-20 16:00,398.7,355.54,43.16
2025-09-20 17:00,405.2,85.27,319.93
2025-09-20 18:00,379.7,0.0,379.7
2025-09-20 19:00,337.1,0.0,337.1
2025-09-20 20:00,362.1,0.0,362.1
2025-09-20 21:00,330.2,0.0,0.0
2025-09-20 22:00,327.4,0.0,0.0
2025-09-20 23:00,295.8,0.0,0.0
2025-09-21 00:00,292.6,0.0,0.0
2025-09-21 01:00,271.5,0.0,0.0
2025-09-21 02:00,260.2,0.0,0.0
2025-09-21 03:00,267.4,0.0,0.0
2025-09-21 04:00,289.6,0.0,0.0
2025-09-21 05:00,281.4,0.0,0.0
2025-09-21 06:00,284.8,85.88,0.0
2025-09-21 07:00,293.0,330.39,-37.39
2025-09-21 08:00,311.5,563.32,-251.82
2025-09-21 09:00,336.8,714.42,-377.62
2025-09-21 10:00,348.0,879.08,-500.0
2025-09-21 11:00,369.2,933.19,-471.79
2025-09-21 12:00,389.7,909.06,-0.0
2025-09-21 13:00,375.7,809.88,-0.0
2025-09-21 14:00,399.0,742.15,-0.0
2025-09-21 15:00,402.7,555.63,-0.0
2025-09-21 16:00,370.1,315.41,54.69
2025-09-21 17:00,374.9,80.45,294.45
2025-09-21 18:00,376.0,0.0,376.0
2025-09-21 19:00,352.3,0.0,352.3
2025-09-21 20:00,338.0,0.0,338.0
2025-09-21 21:00,308.6,0.0,0.0
2025-09-21 22:00,325.0,0.0,0.0
2025-09-21 23:00,307.9,0.0,0.0
2025-09-22 00:00,313.5,0.0,0.0
2025-09-22 01:00,287.0,0.0,0.0
2025-09-22 02:00,265.6,0.0,0.0
2025-09-22 03:00,267.4,0.0,0.0
2025-09-22 04:00,265.8,0.0,0.0
2025-09-22 05:00,264.2,0.0,0.0
2025-09-22 06:00,414.7,88.53,0.0
2025-09-22 07:00,539.9,371.83,0.0
2025-09-22 08:00,601.3,664.31,-63.01
2025-09-22 09:00,645.1,827.81,-182.71
2025-09-22 10:00,635.0,931.71,-296.71
2025-09-22 11:00,647.4,1006.88,-359.48
2025-09-22 12:00,632.0,1025.85,-393.85
2025-09-22 13:00,690.7,909.03,-218.33
2025-09-22 14:00,653.1,827.28,-94.36
2025-09-22 15:00,703.4,595.56,0.0
2025-09-22 16:00,678.6,376.47,218.18
2025-09-22 17:00,605.1,86.83,434.32
2025-09-22 18:00,503.1,0.0,419.15
2025-09-22 19:00,448.0,0.0,364.05
2025-09-22 20:00,430.6,0.0,346.65
2025-09-22 21:00,391.4,0.0,0.0
2025-09-22 22:00,319.0,0.0,0.0
2025-09-22 23:00,291.6,0.0,0.0
2025-09-23 00:00,285.4,0.0,0.0
2025-09-23 01:00,256.8,0.0,0.0
2025-09-23 02:00,273.3,0.0,0.0
2025-09-23 03:00,265.3,0.0,0.0
2025-09-23 04:00,264.3,0.0,0.0
2025-09-23 05:00,261.3,0.0,0.0
2025-09-23 06:00,439.4,87.26,0.0
2025-09-23 07:00,598.3,353.58,0.0
2025-09-23 08:00,577.0,644.84,-67.84
2025-09-23 09:00,652.5,814.83,-162.33
2025-09-23 10:00,653.1,887.09,-233.99
2025-09-23 11:00,642.3,991.75,-349.45
2025-09-23 12:00,644.1,1015.65,-371.55
2025-09-23 13:00,680.4,909.66,-229.26
2025-09-23 14:00,699.4,812.95,-113.55
2025-09-23 15:00,700.0,566.58,0.0
2025-09-23 16:00,678.8,346.35,162.04
2025-09-23 17:00,616.4,76.7,369.29
2025-09-23 18:00,469.3,0.0,298.89
2025-09-23 19:00,426.7,0.0,256.29
2025-09-23 20:00,428.5,0.0,258.09
2025-09-23 21:00,345.9,0.0,0.0
2025-09-23 22:00,316.1,0.0,0.0
2025-09-23 23:00,307.8,0.0,0.0
2025-09-24 00:00,280.9,0.0,0.0
2025-09-24 01:00,297.4,0.0,0.0
2025-09-24 02:00,289.2,0.0,0.0
2025-09-24 03:00,283.5,0.0,0.0
2025-09-24 04:00,305.7,0.0,0.0
2025-09-24 05:00,291.1,0.0,0.0
2025-09-24 06:00,446.0,87.68,0.0
2025-09-24 07:00,582.5,393.95,0.0
2025-09-24 08:00,652.2,662.02,-9.82
2025-09-24 09:00,630.9,859.14,-228.24
2025-09-24 10:00,672.2,987.83,-315.63
2025-09-24 11:00,706.7,1049.27,-342.57
2025-09-24 12:00,674.1,1077.09,-402.99
2025-09-24 13:00,698.4,908.28,-209.88
2025-09-24 14:00,661.0,837.82,-176.82
2025-09-24 15:00,738.1,636.18,0.0
2025-09-24 16:00,734.2,381.24,189.19
2025-09-24 17:00,636.7,83.35,389.58
2025-09-24 18:00,514.4,0.0,350.63
2025-09-24 19:00,447.5,0.0,283.73
2025-09-24 20:00,434.3,0.0,270.53
2025-09-24 21:00,415.8,0.0,0.0
2025-09-24 22:00,329.8,0.0,0.0
2025-09-24 23:00,318.1,0.0,0.0
2025-09-25 00:00,292.2,0.0,0.0
2025-09-25 01:00,267.2,0.0,0.0
2025-09-25 02:00,260.2,0.0,0.0
2025-09-25 03:00,269.4,0.0,0.0
2025-09-25 04:00,264.1,0.0,0.0
2025-09-25 05:00,270.5,0.0,0.0
2025-09-25 06:00,426.8,79.5,0.0
2025-09-25 07:00,573.3,404.71,0.0
2025-09-25 08:00,591.8,680.78,-88.98
2025-09-25 09:00,619.9,889.59,-269.69
2025-09-25 10:00,645.7,998.17,-352.47
2025-09-25 11:00,625.0,1097.47,-472.47
2025-09-25 12:00,696.1,1096.24,-400.14
2025-09-25 13:00,673.9,982.58,-308.68
2025-09-25 14:00,642.8,868.97,-132.98
2025-09-25 15:00,732.1,656.63,0.0
2025-09-25 16:00,679.8,382.04,221.4
2025-09-25 17:00,570.5,76.88,417.26
2025-09-25 18:00,497.2,0.0,420.84
2025-09-25 19:00,457.1,0.0,380.74
2025-09-25 20:00,418.5,0.0,342.14
2025-09-25 21:00,352.3,0.0,0.0
2025-09-25 22:00,299.6,0.0,0.0
2025-09-25 23:00,308.7,0.0,0.0
2025-09-26 00:00,298.2,0.0,0.0
2025-09-26 01:00,296.3,0.0,0.0
2025-09-26 02:00,298.3,0.0,0.0
2025-09-26 03:00,279.1,0.0,0.0
2025-09-26 04:00,268.3,0.0,0.0
2025-09-26 05:00,279.0,0.0,0.0
2025-09-26 06:00,462.0,66.96,0.0
2025-09-26 07:00,589.3,364.23,0.0
2025-09-26 08:00,608.3,602.86,0.0
2025-09-26 09:00,605.2,841.62,-236.42
2025-09-26 10:00,654.4,924.85,-270.45
2025-09-26 11:00,684.9,958.35,-273.45
2025-09-26 12:00,620.6,999.75,-379.15
2025-09-26 13:00,635.4,902.88,-267.48
2025-09-26 14:00,684.3,763.16,-78.86
2025-09-26 15:00,681.3,584.22,0.0
2025-09-26 16:00,673.8,347.45,154.01
2025-09-26 17:00,610.6,66.22,372.04
2025-09-26 18:00,479.9,0.0,307.56
2025-09-26 19:00,412.6,0.0,240.26
2025-09-26 20:00,423.6,0.0,251.26
2025-09-26 21:00,386.3,0.0,0.0
2025-09-26 22:00,312.2,0.0,0.0
2025-09-26 23:00,312.8,0.0,0.0
2025-09-27 00:00,294.8,0.0,0.0
2025-09-27 01:00,304.5,0.0,0.0
2025-09-27 02:00,269.7,0.0,0.0
2025-09-27 03:00,294.3,0.0,0.0
2025-09-27 04:00,299.9,0.0,0.0
2025-09-27 05:00,304.5,0.0,0.0
2025-09-27 06:00,430.1,70.47,0.0
2025-09-27 07:00,450.2,333.07,0.0
2025-09-27 08:00,451.7,606.58,-154.88
2025-09-27 09:00,515.0,799.42,-284.42
2025-09-27 10:00,482.3,975.8,-493.5
2025-09-27 11:00,517.0,1053.78,-500.0
2025-09-27 12:00,485.7,1029.05,-500.0
2025-09-27 13:00,516.4,992.95,-92.61
2025-09-27 14:00,505.4,841.07,-0.0
2025-09-27 15:00,428.6,609.48,-0.0
2025-09-27 16:00,400.1,344.83,55.27
2025-09-27 17:00,407.7,64.51,343.19
2025-09-27 18:00,396.4,0.0,396.4
2025-09-27 19:00,354.0,0.0,354.0
2025-09-27 20:00,358.0,0.0,358.0
2025-09-27 21:00,376.9,0.0,0.0
2025-09-27 22:00,320.9,0.0,0.0
2025-09-27 23:00,336.0,0.0,0.0
2025-09-28 00:00,279.1,0.0,0.0
2025-09-28 01:00,248.7,0.0,0.0
2025-09-28 02:00,262.0,0.0,0.0
2025-09-28 03:00,247.9,0.0,0.0
2025-09-28 04:00,238.2,0.0,0.0
2025-09-28 05:00,242.5,0.0,0.0
2025-09-28 06:00,257.0,66.35,0.0
2025-09-28 07:00,283.5,354.82,-71.32
2025-09-28 08:00,307.4,642.37,-334.97
2025-09-28 09:00,352.4,783.5,-431.1
2025-09-28 10:00,313.7,1006.05,-500.0
2025-09-28 11:00,341.4,949.75,-374.95
2025-09-28 12:00,346.8,1028.87,-0.0
2025-09-28 13:00,405.1,1006.65,-0.0
2025-09-28 14:00,370.0,803.5,-0.0
2025-09-28 15:00,353.7,616.15,-0.0
2025-09-28 16:00,341.4,362.19,-0.0
2025-09-28 17:00,378.6,56.74,321.86
2025-09-28 18:00,373.5,0.0,373.5
2025-09-28 19:00,346.8,0.0,346.8
2025-09-28 20:00,335.7,0.0,335.7
2025-09-28 21:00,319.7,0.0,0.0
2025-09-28 22:00,291.7,0.0,0.0
2025-09-28 23:00,270.3,0.0,0.0
2025-09-29 00:00,301.8,0.0,0.0
2025-09-29 01:00,280.6,0.0,0.0
2025-09-29 02:00,304.1,0.0,0.0
2025-09-29 03:00,312.4,0.0,0.0
2025-09-29 04:00,310.6,0.0,0.0
2025-09-29 05:00,277.6,0.0,0.0
2025-09-29 06:00,468.0,62.53,0.0
2025-09-29 07:00,609.5,382.68,0.0
2025-09-29 08:00,637.0,657.88,-20.88
2025-09-29 09:00,685.7,820.72,-135.02
2025-09-29 10:00,629.4,984.92,-355.52
2025-09-29 11:00,661.6,982.25,-320.65
2025-09-29 12:00,661.0,1039.24,-378.24
2025-09-29 13:00,729.6,984.56,-254.96
2025-09-29 14:00,688.0,821.95,-100.48
2025-09-29 15:00,705.5,630.11,0.0
2025-09-29 16:00,696.0,366.21,218.55
2025-09-29 17:00,652.3,60.75,480.31
2025-09-29 18:00,506.6,0.0,395.36
2025-09-29 19:00,471.4,0.0,360.16
2025-09-29 20:00,439.2,0.0,327.96
2025-09-29 21:00,390.5,0.0,0.0
2025-09-29 22:00,322.1,0.0,0.0
2025-09-29 23:00,320.5,0.0,0.0
2025-09-30 00:00,284.4,0.0,0.0
2025-09-30 01:00,270.4,0.0,0.0
2025-09-30 02:00,279.1,0.0,0.0
2025-09-30 03:00,249.0,0.0,0.0
2025-09-30 04:00,255.9,0.0,0.0
2025-09-30 05:00,275.7,0.0,0.0
2025-09-30 06:00,415.7,52.61,0.0
2025-09-30 07:00,560.6,335.25,0.0
2025-09-30 08:00,621.5,598.92,0.0
2025-09-30 09:00,652.5,807.9,-155.4
2025-09-30 10:00,630.9,952.3,-321.4
2025-09-30 11:00,630.8,991.5,-360.7
2025-09-30 12:00,626.1,986.8,-360.7
2025-09-30 13:00,676.1,892.78,-216.68
2025-09-30 14:00,698.5,744.71,-46.21
2025-09-30 15:00,713.4,573.16,0.0
2025-09-30 16:00,661.3,331.41,132.55
2025-09-30 17:00,621.0,51.34,372.32
2025-09-30 18:00,492.4,0.0,295.06
2025-09-30 19:00,450.6,0.0,253.26
2025-09-30 20:00,429.9,0.0,232.56
2025-09-30 21:00,350.8,0.0,0.0
2025-09-30 22:00,288.2,0.0,0.0
2025-09-30 23:00,290.7,0.0,0.0
2025-10-01 00:00,261.5,0.0,0.0
2025-10-01 01:00,270.7,0.0,0.0
2025-10-01 02:00,261.7,0.0,0.0
2025-10-01 03:00,264.5,0.0,0.0
2025-10-01 04:00,260.9,0.0,0.0
2025-10-01 05:00,257.8,0.0,0.0
2025-10-01 06:00,419.0,42.89,0.0
2025-10-01 07:00,521.5,345.7,0.0
2025-10-01 08:00,538.7,558.65,-19.95
2025-10-01 09:00,539.3,768.53,-229.23
2025-10-01 10:00,587.1,863.29,-276.19
2025-10-01 11:00,624.9,981.87,-356.97
2025-10-01 12:00,617.5,963.7,-346.2
2025-10-01 13:00,603.4,885.62,-282.22
2025-10-01 14:00,608.8,720.67,-111.87
2025-10-01 15:00,598.6,568.6,0.0
2025-10-01 16:00,605.4,311.62,175.09
2025-10-01 17:00,520.2,43.73,357.78
2025-10-01 18:00,492.0,0.0,373.31
2025-10-01 19:00,387.1,0.0,268.41
2025-10-01 20:00,372.0,0.0,253.31
2025-10-01 21:00,281.3,0.0,0.0
2025-10-01 22:00,257.9,0.0,0.0
2025-10-01 23:00,278.9,0.0,0.0
2025-10-02 00:00,255.6,0.0,0.0
2025-10-02 01:00,261.0,0.0,0.0
2025-10-02 02:00,255.4,0.0,0.0
2025-10-02 03:00,247.0,0.0,0.0
2025-10-02 04:00,261.2,0.0,0.0
2025-10-02 05:00,271.7,0.0,0.0
2025-10-02 06:00,430.5,46.37,0.0
2025-10-02 07:00,537.7,364.22,0.0
2025-10-02 08:00,597.0,653.26,-56.26
2025-10-02 09:00,560.1,828.88,-268.78
2025-10-02 10:00,539.1,970.19,-431.09
2025-10-02 11:00,599.8,1003.25,-403.45
2025-10-02 12:00,592.0,1015.6,-423.6
2025-10-02 13:00,625.9,999.44,-373.54
2025-10-02 14:00,627.2,784.97,-68.69
2025-10-02 15:00,696.2,562.46,0.0
2025-10-02 16:00,624.2,343.75,214.55
2025-10-02 17:00,577.4,40.48,471.02
2025-10-02 18:00,452.1,0.0,386.2
2025-10-02 19:00,426.7,0.0,360.8
2025-10-02 20:00,415.7,0.0,349.8
2025-10-02 21:00,345.4,0.0,0.0
2025-10-02 22:00,306.6,0.0,0.0
2025-10-02 23:00,252.7,0.0,0.0
2025-10-03 00:00,266.1,0.0,0.0
2025-10-03 01:00,267.9,0.0,0.0
2025-10-03 02:00,268.0,0.0,0.0
2025-10-03 03:00,253.7,0.0,0.0
2025-10-03 04:00,250.1,0.0,0.0
2025-10-03 05:00,261.5,0.0,0.0
2025-10-03 06:00,437.8,37.04,0.0
2025-10-03 07:00,508.9,329.2,0.0
2025-10-03 08:00,539.8,531.9,0.0
2025-10-03 09:00,602.4,753.22,-150.82
2025-10-03 10:00,606.6,906.59,-299.99
2025-10-03 11:00,627.8,915.74,-287.94
2025-10-03 12:00,554.1,942.66,-388.56
2025-10-03 13:00,598.6,854.49,-255.89
2025-10-03 14:00,636.0,731.16,-95.16
2025-10-03 15:00,636.4,556.02,0.0
2025-10-03 16:00,627.5,318.01,161.92
2025-10-03 17:00,574.6,38.1,388.93
2025-10-03 18:00,424.7,0.0,277.13
2025-10-03 19:00,381.6,0.0,234.03
2025-10-03 20:00,386.5,0.0,238.93
2025-10-03 21:00,328.8,0.0,0.0
2025-10-03 22:00,284.8,0.0,0.0
2025-10-03 23:00,283.1,0.0,0.0
2025-10-04 00:00,265.1,0.0,0.0
2025-10-04 01:00,263.6,0.0,0.0
2025-10-04 02:00,275.3,0.0,0.0
2025-10-04 03:00,238.1,0.0,0.0
2025-10-04 04:00,241.3,0.0,0.0
2025-10-04 05:00,272.8,0.0,0.0
2025-10-04 06:00,376.9,17.8,0.0
2025-10-04 07:00,392.0,296.73,0.0
2025-10-04 08:00,393.1,531.62,-138.52
2025-10-04 09:00,414.0,753.8,-339.8
2025-10-04 10:00,422.3,905.45,-483.15
2025-10-04 11:00,439.9,977.79,-500.0
2025-10-04 12:00,448.7,949.17,-500.0
2025-10-04 13:00,449.4,876.52,-63.94
2025-10-04 14:00,479.1,738.89,-0.0
2025-10-04 15:00,359.7,565.95,-0.0
2025-10-04 16:00,368.2,285.28,82.92
2025-10-04 17:00,367.9,17.04,350.86
2025-10-04 18:00,344.2,0.0,344.2
2025-10-04 19:00,321.1,0.0,321.1
2025-10-04 20:00,314.7,0.0,314.7
2025-10-04 21:00,284.7,0.0,0.0
2025-10-04 22:00,284.9,0.0,0.0
2025-10-04 23:00,286.8,0.0,0.0
2025-10-05 00:00,263.5,0.0,0.0
2025-10-05 01:00,259.6,0.0,0.0
2025-10-05 02:00,264.9,0.0,0.0
2025-10-05 03:00,255.5,0.0,0.0
2025-10-05 04:00,257.0,0.0,0.0
2025-10-05 05:00,243.5,0.0,0.0
2025-10-05 06:00,259.8,16.43,0.0
2025-10-05 07:00,256.4,330.44,-74.04
2025-10-05 08:00,288.6,573.37,-284.77
2025-10-05 09:00,296.2,794.73,-498.53
2025-10-05 10:00,324.0,936.64,-500.0
2025-10-05 11:00,342.2,909.3,-249.23
2025-10-05 12:00,338.8,977.04,-0.0
2025-10-05 13:00,325.3,866.19,-0.0
2025-10-05 14:00,326.7,741.78,-0.0
2025-10-05 15:00,345.4,554.61,-0.0
2025-10-05 16:00,359.5,314.03,45.47
2025-10-05 17:00,346.6,14.42,332.18
2025-10-05 18:00,317.8,0.0,317.8
2025-10-05 19:00,320.4,0.0,320.4
2025-10-05 20:00,328.4,0.0,328.4
2025-10-05 21:00,294.7,0.0,0.0
2025-10-05 22:00,273.7,0.0,0.0
2025-10-05 23:00,263.1,0.0,0.0
2025-10-06 00:00,267.6,0.0,0.0
2025-10-06 01:00,280.1,0.0,0.0
2025-10-06 02:00,256.4,0.0,0.0
2025-10-06 03:00,267.4,0.0,0.0
2025-10-06 04:00,266.5,0.0,0.0
2025-10-06 05:00,251.1,0.0,0.0
2025-10-06 06:00,393.5,10.96,0.0
2025-10-06 07:00,542.1,290.22,0.0
2025-10-06 08:00,555.6,508.87,0.0
2025-10-06 09:00,550.3,731.74,-181.44
2025-10-06 10:00,620.0,838.12,-218.12
2025-10-06 11:00,617.9,890.05,-272.15
2025-10-06 12:00,632.2,913.6,-281.4
2025-10-06 13:00,678.3,793.45,-115.15
2025-10-06 14:00,626.5,683.73,-57.23
2025-10-06 15:00,657.0,520.43,0.0
2025-10-06 16:00,608.1,289.43,176.91
2025-10-06 17:00,581.0,11.81,427.43
2025-10-06 18:00,463.7,0.0,321.94
2025-10-06 19:00,413.6,0.0,271.84
2025-10-06 20:00,372.2,0.0,230.44
2025-10-06 21:00,343.2,0.0,0.0
2025-10-06 22:00,277.6,0.0,0.0
2025-10-06 23:00,293.8,0.0,0.0
2025-10-07 00:00,252.8,0.0,0.0
2025-10-07 01:00,263.8,0.0,0.0
2025-10-07 02:00,267.2,0.0,0.0
2025-10-07 03:00,268.1,0.0,0.0
2025-10-07 04:00,241.3,0.0,0.0
2025-10-07 05:00,260.4,0.0,0.0
2025-10-07 06:00,400.5,8.17,0.0
2025-10-07 07:00,584.8,284.64,0.0
2025-10-07 08:00,611.0,515.78,0.0
2025-10-07 09:00,580.6,646.19,-65.59
2025-10-07 10:00,589.5,795.97,-206.47
2025-10-07 11:00,608.1,828.64,-220.54
2025-10-07 12:00,615.1,807.89,-192.79
2025-10-07 13:00,640.3,797.19,-156.89
2025-10-07 14:00,644.8,597.73,0.0
2025-10-07 15:00,628.0,470.83,0.0
2025-10-07 16:00,657.7,271.0,78.83
2025-10-07 17:00,571.3,7.82,255.61
2025-10-07 18:00,500.3,0.0,192.43
2025-10-07 19:00,432.4,0.0,124.53
2025-10-07 20:00,397.7,0.0,89.83
2025-10-07 21:00,356.6,0.0,0.0
2025-10-07 22:00,278.8,0.0,0.0
2025-10-07 23:00,278.0,0.0,0.0
2025-10-08 00:00,265.7,0.0,0.0
2025-10-08 01:00,262.2,0.0,0.0
2025-10-08 02:00,250.4,0.0,0.0
2025-10-08 03:00,257.3,0.0,0.0
2025-10-08 04:00,272.9,0.0,0.0
2025-10-08 05:00,254.0,0.0,0.0
2025-10-08 06:00,433.3,5.45,0.0
2025-10-08 07:00,490.6,262.89,0.0
2025-10-08 08:00,597.9,469.89,0.0
2025-10-08 09:00,638.5,645.62,-7.12
2025-10-08 10:00,624.0,738.54,-114.54
2025-10-08 11:00,624.1,786.36,-162.26
2025-10-08 12:00,625.6,756.77,-131.17
2025-10-08 13:00,635.2,730.99,-95.79
2025-10-08 14:00,647.5,600.02,0.0
2025-10-08 15:00,650.4,422.87,0.0
2025-10-08 16:00,618.2,252.62,7.56
2025-10-08 17:00,573.3,5.21,210.07
2025-10-08 18:00,497.5,0.0,139.48
2025-10-08 19:00,428.9,0.0,70.88
2025-10-08 20:00,379.6,0.0,21.58
2025-10-08 21:00,358.2,0.0,0.0
2025-10-08 22:00,286.4,0.0,0.0
2025-10-08 23:00,264.3,0.0,0.0
2025-10-09 00:00,254.7,0.0,0.0
2025-10-09 01:00,278.8,0.0,0.0
2025-10-09 02:00,262.2,0.0,0.0
2025-10-09 03:00,280.3,0.0,0.0
2025-10-09 04:00,256.4,0.0,0.0
2025-10-09 05:00,265.4,0.0,0.0
2025-10-09 06:00,418.1,4.12,0.0
2025-10-09 07:00,535.1,255.6,0.0
2025-10-09 08:00,557.4,509.55,0.0
2025-10-09 09:00,560.1,624.66,-64.56
2025-10-09 10:00,593.1,822.5,-229.4
2025-10-09 11:00,619.5,816.18,-196.68
2025-10-09 12:00,601.0,871.81,-270.81
2025-10-09 13:00,590.2,775.71,-185.51
2025-10-09 14:00,608.0,637.61,-29.61
2025-10-09 15:00,653.1,460.05,0.0
2025-10-09 16:00,661.8,246.9,139.42
2025-10-09 17:00,556.6,3.94,277.18
2025-10-09 18:00,442.9,0.0,167.42
2025-10-09 19:00,420.2,0.0,144.72
2025-10-09 20:00,406.1,0.0,130.62
2025-10-09 21:00,347.5,0.0,0.0
2025-10-09 22:00,291.7,0.0,0.0
2025-10-09 23:00,255.9,0.0,0.0
2025-10-10 00:00,262.3,0.0,0.0
2025-10-10 01:00,277.4,0.0,0.0
2025-10-10 02:00,262.2,0.0,0.0
2025-10-10 03:00,257.3,0.0,0.0
2025-10-10 04:00,243.3,0.0,0.0
2025-10-10 05:00,243.0,0.0,0.0
2025-10-10 06:00,394.4,2.76,0.0
2025-10-10 07:00,525.6,334.02,0.0
2025-10-10 08:00,583.3,603.23,-19.93
2025-10-10 09:00,579.7,768.23,-188.53
2025-10-10 10:00,569.0,886.1,-317.1
2025-10-10 11:00,610.9,1020.54,-409.64
2025-10-10 12:00,582.0,1043.14,-461.14
2025-10-10 13:00,676.7,944.7,-268.0
2025-10-10 14:00,608.9,734.97,-126.07
2025-10-10 15:00,644.6,582.07,0.0
2025-10-10 16:00,622.0,301.0,213.38
2025-10-10 17:00,540.1,2.64,429.84
2025-10-10 18:00,461.3,0.0,353.68
2025-10-10 19:00,419.7,0.0,312.08
2025-10-10 20:00,374.2,0.0,266.58
2025-10-10 21:00,332.6,0.0,0.0
2025-10-10 22:00,274.1,0.0,0.0
2025-10-10 23:00,244.2,0.0,0.0
2025-10-11 00:00,260.8,0.0,0.0
2025-10-11 01:00,256.7,0.0,0.0
2025-10-11 02:00,229.3,0.0,0.0
2025-10-11 03:00,268.4,0.0,0.0
2025-10-11 04:00,259.6,0.0,0.0
2025-10-11 05:00,263.7,0.0,0.0
2025-10-11 06:00,384.1,0.0,0.0
2025-10-11 07:00,399.3,333.39,0.0
2025-10-11 08:00,428.3,625.47,-197.17
2025-10-11 09:00,416.3,810.72,-394.42
2025-10-11 10:00,408.9,988.95,-500.0
2025-10-11 11:00,463.7,1057.79,-500.0
2025-10-11 12:00,421.1,1051.45,-433.82
2025-10-11 13:00,458.2,890.13,-0.0
2025-10-11 14:00,474.5,823.37,-0.0
2025-10-11 15:00,339.0,570.9,-0.0
2025-10-11 16:00,358.0,318.16,39.84
2025-10-11 17:00,336.4,0.0,336.4
2025-10-11 18:00,332.8,0.0,332.8
2025-10-11 19:00,345.7,0.0,345.7
2025-10-11 20:00,295.1,0.0,295.1
2025-10-11 21:00,282.9,0.0,0.0
2025-10-11 22:00,284.8,0.0,0.0
2025-10-11 23:00,269.3,0.0,0.0
2025-10-12 00:00,266.9,0.0,0.0
2025-10-12 01:00,245.3,0.0,0.0
2025-10-12 02:00,257.8,0.0,0.0
2025-10-12 03:00,274.5,0.0,0.0
2025-10-12 04:00,251.4,0.0,0.0
2025-10-12 05:00,246.9,0.0,0.0
2025-10-12 06:00,260.0,0.0,0.0
2025-10-12 07:00,263.4,339.69,-76.29
2025-10-12 08:00,280.6,618.8,-338.2
2025-10-12 09:00,285.4,847.67,-500.0
2025-10-12 10:00,291.9,992.12,-500.0
2025-10-12 11:00,319.7,1059.96,-119.42
2025-10-12 12:00,334.6,1002.07,-0.0
2025-10-12 13:00,341.8,978.46,-0.0
2025-10-12 14:00,349.8,801.88,-0.0
2025-10-12 15:00,331.2,592.19,-0.0
2025-10-12 16:00,346.2,320.18,26.02
2025-10-12 17:00,336.4,0.0,336.4
2025-10-12 18:00,311.2,0.0,311.2
2025-10-12 19:00,295.5,0.0,295.5
2025-10-12 20:00,295.0,0.0,295.0
2025-10-12 21:00,289.4,0.0,0.0
2025-10-12 22:00,259.7,0.0,0.0
2025-10-12 23:00,260.3,0.0,0.0
2025-10-13 00:00,250.0,0.0,0.0
2025-10-13 01:00,279.9,0.0,0.0
2025-10-13 02:00,249.7,0.0,0.0
2025-10-13 03:00,234.7,0.0,0.0
2025-10-13 04:00,270.8,0.0,0.0
2025-10-13 05:00,247.3,0.0,0.0
2025-10-13 06:00,416.9,0.0,0.0
2025-10-13 07:00,525.8,255.2,0.0
2025-10-13 08:00,581.4,475.94,0.0
2025-10-13 09:00,588.8,647.29,-58.49
2025-10-13 10:00,586.1,749.72,-163.62
2025-10-13 11:00,614.5,848.54,-234.04
2025-10-13 12:00,576.9,866.15,-289.25
2025-10-13 13:00,626.2,757.78,-131.58
2025-10-13 14:00,570.6,650.55,-79.95
2025-10-13 15:00,639.3,453.86,0.0
2025-10-13 16:00,621.4,237.71,220.26
2025-10-13 17:00,555.7,0.0,392.27
2025-10-13 18:00,473.2,0.0,309.77
2025-10-13 19:00,397.5,0.0,234.07
2025-10-13 20:00,367.4,0.0,203.97
2025-10-13 21:00,349.3,0.0,0.0
2025-10-13 22:00,284.6,0.0,0.0
2025-10-13 23:00,262.3,0.0,0.0
2025-10-14 00:00,264.1,0.0,0.0
2025-10-14 01:00,261.8,0.0,0.0
2025-10-14 02:00,271.3,0.0,0.0
2025-10-14 03:00,246.5,0.0,0.0
2025-10-14 04:00,273.7,0.0,0.0
2025-10-14 05:00,247.1,0.0,0.0
2025-10-14 06:00,418.9,0.0,0.0
2025-10-14 07:00,519.5,330.5,0.0
2025-10-14 08:00,504.5,618.75,-114.25
2025-10-14 09:00,550.1,836.54,-286.44
2025-10-14 10:00,550.3,979.1,-428.8
2025-10-14 11:00,633.5,1054.03,-420.53
2025-10-14 12:00,566.1,1029.11,-463.01
2025-10-14 13:00,657.2,967.63,-310.43
2025-10-14 14:00,627.9,784.05,-1.95
2025-10-14 15:00,652.1,597.28,0.0
2025-10-14 16:00,621.7,317.78,246.45
2025-10-14 17:00,532.8,0.0,475.33
2025-10-14 18:00,451.9,0.0,394.43
2025-10-14 19:00,403.5,0.0,346.03
2025-10-14 20:00,377.6,0.0,320.13
2025-10-14 21:00,321.3,0.0,0.0
2025-10-14 22:00,277.9,0.0,0.0
2025-10-14 23:00,250.0,0.0,0.0
2025-10-15 00:00,277.8,0.0,0.0
2025-10-15 01:00,272.9,0.0,0.0
2025-10-15 02:00,271.0,0.0,0.0
2025-10-15 03:00,277.5,0.0,0.0
2025-10-15 04:00,259.9,0.0,0.0
2025-10-15 05:00,266.8,0.0,0.0
2025-10-15 06:00,400.8,0.0,0.0
2025-10-15 07:00,575.3,280.42,0.0
2025-10-15 08:00,555.8,528.85,0.0
2025-10-15 09:00,592.4,735.29,-142.89
2025-10-15 10:00,622.7,839.25,-216.55
2025-10-15 11:00,616.1,951.97,-335.87
2025-10-15 12:00,617.1,849.65,-232.55
2025-10-15 13:00,624.0,855.35,-231.35
2025-10-15 14:00,665.2,710.32,-45.12
2025-10-15 15:00,661.4,491.93,0.0
2025-10-15 16:00,649.0,274.77,157.43
2025-10-15 17:00,551.2,0.0,334.4
2025-10-15 18:00,443.1,0.0,226.3
2025-10-15 19:00,399.0,0.0,182.2
2025-10-15 20:00,376.3,0.0,159.5
2025-10-15 21:00,343.8,0.0,0.0
2025-10-15 22:00,281.0,0.0,0.0
2025-10-15 23:00,268.3,0.0,0.0
2025-10-16 00:00,248.5,0.0,0.0
2025-10-16 01:00,254.5,0.0,0.0
2025-10-16 02:00,263.7,0.0,0.0
2025-10-16 03:00,245.3,0.0,0.0
2025-10-16 04:00,252.3,0.0,0.0
2025-10-16 05:00,253.2,0.0,0.0
2025-10-16 06:00,409.4,0.0,0.0
2025-10-16 07:00,558.5,252.32,0.0
2025-10-16 08:00,499.2,537.83,-38.63
2025-10-16 09:00,523.3,734.95,-211.65
2025-10-16 10:00,562.3,856.45,-294.15
2025-10-16 11:00,566.8,892.94,-326.14
2025-10-16 12:00,593.1,873.97,-280.87
2025-10-16 13:00,626.8,861.68,-234.88
2025-10-16 14:00,639.8,676.36,-36.56
2025-10-16 15:00,594.6,527.76,0.0
2025-10-16 16:00,634.9,245.27,221.79
2025-10-16 17:00,526.5,0.0,358.66
2025-10-16 18:00,424.6,0.0,256.76
2025-10-16 19:00,368.4,0.0,200.56
2025-10-16 20:00,382.2,0.0,214.36
2025-10-16 21:00,309.8,0.0,0.0
2025-10-16 22:00,258.7,0.0,0.0
2025-10-16 23:00,253.8,0.0,0.0
2025-10-17 00:00,239.4,0.0,0.0
2025-10-17 01:00,259.7,0.0,0.0
2025-10-17 02:00,272.6,0.0,0.0
2025-10-17 03:00,261.6,0.0,0.0
2025-10-17 04:00,266.4,0.0,0.0
2025-10-17 05:00,276.9,0.0,0.0
2025-10-17 06:00,423.1,0.0,0.0
2025-10-17 07:00,544.6,225.95,0.0
2025-10-17 08:00,545.3,426.93,0.0
2025-10-17 09:00,630.7,589.18,0.0
2025-10-17 10:00,595.7,717.22,-121.52
2025-10-17 11:00,623.1,723.46,-100.36
2025-10-17 12:00,638.0,738.52,-100.52
2025-10-17 13:00,635.2,681.28,-46.08
2025-10-17 14:00,648.5,594.45,0.0
2025-10-17 15:00,649.5,418.91,0.0
2025-10-17 16:00,648.3,211.94,56.46
2025-10-17 17:00,527.4,0.0,147.5
2025-10-17 18:00,465.7,0.0,85.8
2025-10-17 19:00,405.6,0.0,25.7
2025-10-17 20:00,388.7,0.0,8.8
2025-10-17 21:00,338.0,0.0,0.0
2025-10-17 22:00,287.9,0.0,0.0
2025-10-17 23:00,265.1,0.0,0.0
2025-10-18 00:00,256.5,0.0,0.0
2025-10-18 01:00,268.7,0.0,0.0
2025-10-18 02:00,253.6,0.0,0.0
2025-10-18 03:00,256.4,0.0,0.0
2025-10-18 04:00,262.0,0.0,0.0
2025-10-18 05:00,247.0,0.0,0.0
2025-10-18 06:00,391.1,0.0,0.0
2025-10-18 07:00,414.0,207.56,0.0
2025-10-18 08:00,385.2,438.05,-52.85
2025-10-18 09:00,421.9,621.34,-199.44
2025-10-18 10:00,426.1,685.63,-259.53
2025-10-18 11:00,437.7,771.18,-333.48
2025-10-18 12:00,434.6,748.06,-313.46
2025-10-18 13:00,488.4,727.51,-239.11
2025-10-18 14:00,485.0,568.19,-83.19
2025-10-18 15:00,366.3,411.14,-44.84
2025-10-18 16:00,357.1,190.49,136.37
2025-10-18 17:00,356.8,0.0,326.56
2025-10-18 18:00,331.9,0.0,301.66
2025-10-18 19:00,326.1,0.0,295.86
2025-10-18 20:00,312.6,0.0,282.36
2025-10-18 21:00,281.0,0.0,0.0
2025-10-18 22:00,279.1,0.0,0.0
2025-10-18 23:00,275.3,0.0,0.0
2025-10-19 00:00,265.3,0.0,0.0
2025-10-19 01:00,267.1,0.0,0.0
2025-10-19 02:00,259.5,0.0,0.0
2025-10-19 03:00,271.6,0.0,0.0
2025-10-19 04:00,272.9,0.0,0.0
2025-10-19 05:00,250.0,0.0,0.0
2025-10-19 06:00,259.1,0.0,0.0
2025-10-19 07:00,275.6,267.76,0.0
2025-10-19 08:00,289.3,571.84,-282.54
2025-10-19 09:00,299.2,750.49,-451.29
2025-10-19 10:00,302.7,895.4,-500.0
2025-10-19 11:00,334.7,916.26,-500.0
2025-10-19 12:00,347.1,901.54,-291.58
2025-10-19 13:00,366.9,879.53,-0.0
2025-10-19 14:00,339.7,767.62,-0.0
2025-10-19 15:00,352.1,516.03,-0.0
2025-10-19 16:00,360.5,269.62,90.88
2025-10-19 17:00,371.5,0.0,371.5
2025-10-19 18:00,300.7,0.0,300.7
2025-10-19 19:00,348.4,0.0,348.4
2025-10-19 20:00,302.9,0.0,302.9
2025-10-19 21:00,284.0,0.0,0.0
2025-10-19 22:00,305.9,0.0,0.0
2025-10-19 23:00,293.9,0.0,0.0
2025-10-20 00:00,258.4,0.0,0.0
2025-10-20 01:00,259.2,0.0,0.0
2025-10-20 02:00,273.2,0.0,0.0
2025-10-20 03:00,247.0,0.0,0.0
2025-10-20 04:00,276.2,0.0,0.0
2025-10-20 05:00,257.3,0.0,0.0
2025-10-20 06:00,418.0,0.0,0.0
2025-10-20 07:00,557.7,261.63,0.0
2025-10-20 08:00,626.9,527.23,0.0
2025-10-20 09:00,582.9,652.69,-69.79
2025-10-20 10:00,581.9,801.54,-219.64
2025-10-20 11:00,649.0,871.21,-222.21
2025-10-20 12:00,647.0,802.48,-155.48
2025-10-20 13:00,694.1,817.78,-123.68
2025-10-20 14:00,662.8,671.8,-9.0
2025-10-20 15:00,651.0,495.65,0.0
2025-10-20 16:00,630.5,221.34,164.93
2025-10-20 17:00,591.5,0.0,347.27
2025-10-20 18:00,453.4,0.0,209.17
2025-10-20 19:00,432.6,0.0,188.37
2025-10-20 20:00,406.3,0.0,162.07
2025-10-20 21:00,348.5,0.0,0.0
2025-10-20 22:00,277.6,0.0,0.0
2025-10-20 23:00,291.8,0.0,0.0
2025-10-21 00:00,269.4,0.0,0.0
2025-10-21 01:00,261.8,0.0,0.0
2025-10-21 02:00,277.5,0.0,0.0
2025-10-21 03:00,250.6,0.0,0.0
2025-10-21 04:00,259.2,0.0,0.0
2025-10-21 05:00,267.4,0.0,0.0
2025-10-21 06:00,402.1,0.0,0.0
2025-10-21 07:00,542.9,229.2,0.0
2025-10-21 08:00,546.0,485.68,0.0
2025-10-21 09:00,592.5,676.68,-84.18
2025-10-21 10:00,580.0,806.09,-226.09
2025-10-21 11:00,655.4,938.1,-282.7
2025-10-21 12:00,557.1,926.93,-369.83
2025-10-21 13:00,662.7,812.15,-149.45
2025-10-21 14:00,614.5,614.38,0.0
2025-10-21 15:00,625.4,495.14,0.0
2025-10-21 16:00,650.2,228.18,176.27
2025-10-21 17:00,565.9,0.0,320.15
2025-10-21 18:00,469.6,0.0,223.85
2025-10-21 19:00,381.2,0.0,135.45
2025-10-21 20:00,368.8,0.0,123.05
2025-10-21 21:00,330.8,0.0,0.0
2025-10-21 22:00,271.2,0.0,0.0
2025-10-21 23:00,275.2,0.0,0.0
2025-10-22 00:00,246.7,0.0,0.0
2025-10-22 01:00,253.0,0.0,0.0
2025-10-22 02:00,244.8,0.0,0.0
2025-10-22 03:00,252.9,0.0,0.0
2025-10-22 04:00,259.3,0.0,0.0
2025-10-22 05:00,254.2,0.0,0.0
2025-10-22 06:00,400.9,0.0,0.0
2025-10-22 07:00,492.5,294.39,0.0
2025-10-22 08:00,542.4,584.63,-42.23
2025-10-22 09:00,557.7,756.43,-198.73
2025-10-22 10:00,579.8,926.24,-346.44
2025-10-22 11:00,581.5,1019.1,-437.6
2025-10-22 12:00,598.3,988.25,-389.95
2025-10-22 13:00,618.0,906.43,-288.43
2025-10-22 14:00,660.5,789.49,-128.99
2025-10-22 15:00,629.8,550.92,0.0
2025-10-22 16:00,632.3,272.61,258.87
2025-10-22 17:00,568.2,0.0,467.38
2025-10-22 18:00,411.1,0.0,310.28
2025-10-22 19:00,390.9,0.0,290.08
2025-10-22 20:00,386.7,0.0,285.88
2025-10-22 21:00,326.2,0.0,0.0
2025-10-22 22:00,263.5,0.0,0.0
2025-10-22 23:00,259.6,0.0,0.0
2025-10-23 00:00,274.6,0.0,0.0
2025-10-23 01:00,245.7,0.0,0.0
2025-10-23 02:00,270.3,0.0,0.0
2025-10-23 03:00,266.5,0.0,0.0
2025-10-23 04:00,240.5,0.0,0.0
2025-10-23 05:00,247.6,0.0,0.0
2025-10-23 06:00,402.7,0.0,0.0
2025-10-23 07:00,524.3,238.44,0.0
2025-10-23 08:00,586.4,458.99,0.0
2025-10-23 09:00,541.2,710.31,-169.11
2025-10-23 10:00,598.6,792.96,-194.36
2025-10-23 11:00,594.2,871.11,-276.91
2025-10-23 12:00,616.4,853.39,-236.99
2025-10-23 13:00,641.9,772.19,-130.29
2025-10-23 14:00,619.1,661.87,-42.77
2025-10-23 15:00,619.8,468.04,0.0
2025-10-23 16:00,638.3,221.67,148.64
2025-10-23 17:00,571.6,0.0,303.61
2025-10-23 18:00,457.2,0.0,189.21
2025-10-23 19:00,415.6,0.0,147.61
2025-10-23 20:00,403.3,0.0,135.31
2025-10-23 21:00,346.4,0.0,0.0
2025-10-23 22:00,283.6,0.0,0.0
2025-10-23 23:00,263.1,0.0,0.0
2025-10-24 00:00,256.9,0.0,0.0
2025-10-24 01:00,276.6,0.0,0.0
2025-10-24 02:00,271.0,0.0,0.0
2025-10-24 03:00,267.3,0.0,0.0
2025-10-24 04:00,269.8,0.0,0.0
2025-10-24 05:00,276.6,0.0,0.0
2025-10-24 06:00,465.1,0.0,0.0
2025-10-24 07:00,588.6,238.34,0.0
2025-10-24 08:00,606.8,494.1,0.0
2025-10-24 09:00,563.3,661.63,-98.33
2025-10-24 10:00,632.7,818.96,-186.26
2025-10-24 11:00,645.8,854.58,-208.78
2025-10-24 12:00,582.0,821.29,-239.29
2025-10-24 13:00,657.9,755.95,-98.05
2025-10-24 14:00,690.6,672.44,0.0
2025-10-24 15:00,701.3,459.5,0.0
2025-10-24 16:00,649.7,213.88,121.24
2025-10-24 17:00,564.0,0.0,249.42
2025-10-24 18:00,480.9,0.0,166.32
2025-10-24 19:00,436.9,0.0,122.32
2025-10-24 20:00,386.3,0.0,71.72
2025-10-24 21:00,361.3,0.0,0.0
2025-10-24 22:00,306.7,0.0,0.0
2025-10-24 23:00,260.9,0.0,0.0
2025-10-25 00:00,273.7,0.0,0.0
2025-10-25 01:00,252.2,0.0,0.0
2025-10-25 02:00,268.9,0.0,0.0
2025-10-25 03:00,256.1,0.0,0.0
2025-10-25 04:00,255.8,0.0,0.0
2025-10-25 05:00,249.6,0.0,0.0
2025-10-25 06:00,397.9,0.0,0.0
2025-10-25 07:00,394.2,230.55,0.0
2025-10-25 08:00,391.7,495.74,-104.04
2025-10-25 09:00,385.4,718.43,-333.03
2025-10-25 10:00,414.0,787.93,-373.93
2025-10-25 11:00,395.7,867.84,-472.14
2025-10-25 12:00,440.9,945.64,-500.0
2025-10-25 13:00,429.7,785.84,-242.27
2025-10-25 14:00,436.5,675.87,-0.0
2025-10-25 15:00,324.3,503.38,-0.0
2025-10-25 16:00,330.6,222.93,107.67
2025-10-25 17:00,318.8,0.0,318.8
2025-10-25 18:00,310.9,0.0,310.9
2025-10-25 19:00,297.5,0.0,297.5
2025-10-25 20:00,258.0,0.0,258.0
2025-10-25 21:00,273.6,0.0,0.0
2025-10-25 22:00,259.9,0.0,0.0
2025-10-25 23:00,245.2,0.0,0.0
2025-10-26 00:00,248.9,0.0,0.0
2025-10-26 01:00,264.2,0.0,0.0
2025-10-26 02:00,261.9,0.0,0.0
2025-10-26 03:00,246.0,0.0,0.0
2025-10-26 04:00,254.7,0.0,0.0
2025-10-26 05:00,252.6,0.0,0.0
2025-10-26 06:00,268.5,0.0,0.0
2025-10-26 07:00,274.4,266.43,0.0
2025-10-26 08:00,288.9,510.72,-221.82
2025-10-26 09:00,310.8,685.44,-374.64
2025-10-26 10:00,326.1,864.66,-500.0
2025-10-26 11:00,317.8,858.47,-372.71
2025-10-26 12:00,333.2,890.97,-0.0
2025-10-26 13:00,333.8,862.92,-0.0
2025-10-26 14:00,340.4,721.5,-0.0
2025-10-26 15:00,347.1,481.82,-0.0
2025-10-26 16:00,367.7,232.1,135.6
2025-10-26 17:00,344.8,0.0,344.8
2025-10-26 18:00,334.9,0.0,334.9
2025-10-26 19:00,311.6,0.0,311.6
2025-10-26 20:00,309.0,0.0,309.0
2025-10-26 21:00,312.0,0.0,0.0
2025-10-26 22:00,286.2,0.0,0.0
2025-10-26 23:00,272.3,0.0,0.0
2025-10-27 00:00,255.2,0.0,0.0
2025-10-27 01:00,264.2,0.0,0.0
2025-10-27 02:00,259.7,0.0,0.0
2025-10-27 03:00,255.1,0.0,0.0
2025-10-27 04:00,269.3,0.0,0.0
2025-10-27 05:00,252.0,0.0,0.0
2025-10-27 06:00,446.1,0.0,0.0
2025-10-27 07:00,576.7,161.96,0.0
2025-10-27 08:00,560.8,344.79,0.0
2025-10-27 09:00,569.4,516.51,0.0
2025-10-27 10:00,611.0,592.51,0.0
2025-10-27 11:00,624.8,622.88,0.0
2025-10-27 12:00,575.3,644.59,-69.29
2025-10-27 13:00,631.6,612.59,0.0
2025-10-27 14:00,667.4,508.2,0.0
2025-10-27 15:00,668.6,322.0,0.0
2025-10-27 16:00,655.1,150.44,107.73
2025-10-27 17:00,601.5,0.0,204.57
2025-10-27 18:00,466.4,0.0,69.47
2025-10-27 19:00,411.2,0.0,14.27
2025-10-27 20:00,408.3,0.0,11.37
2025-10-27 21:00,326.1,0.0,0.0
2025-10-27 22:00,294.4,0.0,0.0
2025-10-27 23:00,287.0,0.0,0.0
2025-10-28 00:00,243.7,0.0,0.0
2025-10-28 01:00,243.5,0.0,0.0
2025-10-28 02:00,263.3,0.0,0.0
2025-10-28 03:00,254.7,0.0,0.0
2025-10-28 04:00,262.3,0.0,0.0
2025-10-28 05:00,252.1,0.0,0.0
2025-10-28 06:00,420.3,0.0,0.0
2025-10-28 07:00,568.6,177.45,0.0
2025-10-28 08:00,554.8,390.43,0.0
2025-10-28 09:00,568.9,556.57,0.0
2025-10-28 10:00,623.1,671.77,-48.67
2025-10-28 11:00,588.9,688.13,-99.23
2025-10-28 12:00,599.8,673.42,-73.62
2025-10-28 13:00,625.7,636.39,-10.69
2025-10-28 14:00,639.3,551.13,0.0
2025-10-28 15:00,644.0,371.44,0.0
2025-10-28 16:00,591.9,171.87,12.68
2025-10-28 17:00,552.4,0.0,145.05
2025-10-28 18:00,447.7,0.0,40.35
2025-10-28 19:00,413.6,0.0,6.25
2025-10-28 20:00,395.7,0.0,0.0
2025-10-28 21:00,326.8,0.0,0.0
2025-10-28 22:00,275.2,0.0,0.0
2025-10-28 23:00,279.1,0.0,0.0
2025-10-29 00:00,248.2,0.0,0.0
2025-10-29 01:00,258.8,0.0,0.0
2025-10-29 02:00,254.7,0.0,0.0
2025-10-29 03:00,255.9,0.0,0.0
2025-10-29 04:00,249.7,0.0,0.0
2025-10-29 05:00,280.4,0.0,0.0
2025-10-29 06:00,426.0,0.0,0.0
2025-10-29 07:00,562.2,215.68,0.0
2025-10-29 08:00,553.7,469.24,0.0
2025-10-29 09:00,599.8,675.41,-75.61
2025-10-29 10:00,564.1,831.02,-266.92
2025-10-29 11:00,615.6,886.42,-270.82
2025-10-29 12:00,589.3,929.36,-340.06
2025-10-29 13:00,580.3,786.39,-206.09
2025-10-29 14:00,637.8,712.19,-74.39
2025-10-29 15:00,626.6,497.76,0.0
2025-10-29 16:00,622.5,225.09,163.05
2025-10-29 17:00,547.1,0.0,312.74
2025-10-29 18:00,469.2,0.0,234.84
2025-10-29 19:00,421.0,0.0,186.64
2025-10-29 20:00,422.9,0.0,188.54
2025-10-29 21:00,334.4,0.0,0.0
2025-10-29 22:00,297.9,0.0,0.0
2025-10-29 23:00,252.7,0.0,0.0
2025-10-30 00:00,276.9,0.0,0.0
2025-10-30 01:00,248.9,0.0,0.0
2025-10-30 02:00,279.4,0.0,0.0
2025-10-30 03:00,261.7,0.0,0.0
2025-10-30 04:00,253.9,0.0,0.0
2025-10-30 05:00,253.4,0.0,0.0
2025-10-30 06:00,445.5,0.0,0.0
2025-10-30 07:00,584.8,206.28,0.0
2025-10-30 08:00,590.0,456.74,0.0
2025-10-30 09:00,601.4,662.49,-61.09
2025-10-30 10:00,599.0,738.24,-139.24
2025-10-30 11:00,630.7,874.42,-243.72
2025-10-30 12:00,621.3,821.09,-199.79
2025-10-30 13:00,650.7,752.38,-101.68
2025-10-30 14:00,682.0,619.32,0.0
2025-10-30 15:00,651.3,418.09,0.0
2025-10-30 16:00,625.0,197.03,104.77
2025-10-30 17:00,518.1,0.0,194.9
2025-10-30 18:00,487.6,0.0,164.4
2025-10-30 19:00,403.1,0.0,79.9
2025-10-30 20:00,435.3,0.0,112.1
2025-10-30 21:00,364.7,0.0,0.0
2025-10-30 22:00,302.9,0.0,0.0
2025-10-30 23:00,283.5,0.0,0.0
2025-10-31 00:00,243.0,0.0,0.0
2025-10-31 01:00,259.0,0.0,0.0
2025-10-31 02:00,263.0,0.0,0.0
2025-10-31 03:00,255.8,0.0,0.0
2025-10-31 04:00,277.0,0.0,0.0
2025-10-31 05:00,265.5,0.0,0.0
2025-10-31 06:00,415.2,0.0,0.0
2025-10-31 07:00,561.8,245.09,0.0
2025-10-31 08:00,614.0,491.11,0.0
2025-10-31 09:00,618.1,732.17,-114.07
2025-10-31 10:00,603.8,851.79,-247.99
2025-10-31 11:00,639.9,952.82,-312.92
2025-10-31 12:00,631.0,874.3,-243.3
2025-10-31 13:00,654.2,852.13,-197.93
2025-10-31 14:00,672.4,649.54,0.0
2025-10-31 15:00,627.1,522.64,0.0
2025-10-31 16:00,649.6,227.94,154.12
2025-10-31 17:00,623.9,0.0,356.36
2025-10-31 18:00,465.8,0.0,198.26
2025-10-31 19:00,420.8,0.0,153.26
2025-10-31 20:00,387.8,0.0,120.26
2025-10-31 21:00,338.2,0.0,0.0
2025-10-31 22:00,272.2,0.0,0.0
2025-10-31 23:00,270.7,0.0,0.0
2025-11-01 00:00,255.5,0.0,0.0
2025-11-01 01:00,272.4,0.0,0.0
2025-11-01 02:00,269.6,0.0,0.0
2025-11-01 03:00,241.9,0.0,0.0
2025-11-01 04:00,259.9,0.0,0.0
2025-11-01 05:00,241.1,0.0,0.0
2025-11-01 06:00,378.8,0.0,0.0
2025-11-01 07:00,371.1,80.7,0.0
2025-11-01 08:00,385.7,208.55,0.0
2025-11-01 09:00,393.9,314.83,0.0
2025-11-01 10:00,392.7,376.0,0.0
2025-11-01 11:00,358.9,427.11,-68.21
2025-11-01 12:00,366.0,440.23,-74.23
2025-11-01 13:00,399.1,382.1,0.0
2025-11-01 14:00,379.4,323.88,0.0
2025-11-01 15:00,275.5,207.27,0.0
2025-11-01 16:00,258.1,81.06,0.0
2025-11-01 17:00,269.1,0.0,36.01
2025-11-01 18:00,267.5,0.0,34.41
2025-11-01 19:00,256.3,0.0,23.21
2025-11-01 20:00,264.8,0.0,31.71
2025-11-01 21:00,279.4,0.0,0.0
2025-11-01 22:00,275.2,0.0,0.0
2025-11-01 23:00,266.0,0.0,0.0
2025-11-02 00:00,259.0,0.0,0.0
2025-11-02 01:00,266.0,0.0,0.0
2025-11-02 02:00,260.7,0.0,0.0
2025-11-02 03:00,271.7,0.0,0.0
2025-11-02 04:00,257.7,0.0,0.0
2025-11-02 05:00,274.4,0.0,0.0
2025-11-02 06:00,269.1,0.0,0.0
2025-11-02 07:00,241.5,89.65,0.0
2025-11-02 08:00,259.8,239.92,0.0
2025-11-02 09:00,256.1,352.81,-96.71
2025-11-02 10:00,241.2,438.85,-197.65
2025-11-02 11:00,275.1,464.66,-189.56
2025-11-02 12:00,288.4,466.56,-178.16
2025-11-02 13:00,254.2,429.85,-175.65
2025-11-02 14:00,279.8,352.83,-73.03
2025-11-02 15:00,295.8,236.98,0.0
2025-11-02 16:00,297.8,88.39,114.16
2025-11-02 17:00,266.4,0.0,171.15
2025-11-02 18:00,289.7,0.0,194.45
2025-11-02 19:00,270.2,0.0,174.95
2025-11-02 20:00,242.0,0.0,146.75
2025-11-02 21:00,273.6,0.0,0.0
2025-11-02 22:00,263.5,0.0,0.0
2025-11-02 23:00,267.7,0.0,0.0
2025-11-03 00:00,263.6,0.0,0.0
2025-11-03 01:00,261.3,0.0,0.0
2025-11-03 02:00,275.5,0.0,0.0
2025-11-03 03:00,257.8,0.0,0.0
2025-11-03 04:00,265.9,0.0,0.0
2025-11-03 05:00,254.0,0.0,0.0
2025-11-03 06:00,395.4,0.0,0.0
2025-11-03 07:00,557.1,157.97,0.0
2025-11-03 08:00,555.9,369.62,0.0
2025-11-03 09:00,545.3,560.01,-14.71
2025-11-03 10:00,574.5,661.8,-87.3
2025-11-03 11:00,526.2,718.48,-192.28
2025-11-03 12:00,548.7,695.49,-146.79
2025-11-03 13:00,570.9,675.48,-104.58
2025-11-03 14:00,630.5,524.65,0.0
2025-11-03 15:00,594.9,373.36,0.0
2025-11-03 16:00,582.5,163.96,112.89
2025-11-03 17:00,501.7,0.0,196.05
2025-11-03 18:00,406.9,0.0,101.25
2025-11-03 19:00,347.8,0.0,42.15
2025-11-03 20:00,333.5,0.0,27.85
2025-11-03 21:00,270.9,0.0,0.0
2025-11-03 22:00,261.1,0.0,0.0
2025-11-03 23:00,253.6,0.0,0.0
2025-11-04 00:00,251.7,0.0,0.0
2025-11-04 01:00,239.0,0.0,0.0
2025-11-04 02:00,264.1,0.0,0.0
2025-11-04 03:00,258.7,0.0,0.0
2025-11-04 04:00,270.2,0.0,0.0
2025-11-04 05:00,258.8,0.0,0.0
2025-11-04 06:00,428.3,0.0,0.0
2025-11-04 07:00,570.9,152.7,0.0
2025-11-04 08:00,547.2,405.0,0.0
2025-11-04 09:00,539.1,586.34,-47.24
2025-11-04 10:00,543.6,661.71,-118.11
2025-11-04 11:00,545.5,723.33,-177.83
2025-11-04 12:00,546.4,689.74,-143.34
2025-11-04 13:00,591.6,614.28,-22.68
2025-11-04 14:00,580.9,517.06,0.0
2025-11-04 15:00,587.5,378.48,0.0
2025-11-04 16:00,556.7,153.67,91.3
2025-11-04 17:00,484.1,0.0,172.37
2025-11-04 18:00,397.9,0.0,86.17
2025-11-04 19:00,365.8,0.0,54.07
2025-11-04 20:00,355.9,0.0,44.17
2025-11-04 21:00,280.3,0.0,0.0
2025-11-04 22:00,252.5,0.0,0.0
2025-11-04 23:00,251.3,0.0,0.0
2025-11-05 00:00,250.6,0.0,0.0
2025-11-05 01:00,245.9,0.0,0.0
2025-11-05 02:00,259.0,0.0,0.0
2025-11-05 03:00,271.6,0.0,0.0
2025-11-05 04:00,251.0,0.0,0.0
2025-11-05 05:00,262.7,0.0,0.0
2025-11-05 06:00,405.3,0.0,0.0
2025-11-05 07:00,557.3,85.74,0.0
2025-11-05 08:00,613.5,246.09,0.0
2025-11-05 09:00,549.3,369.42,0.0
2025-11-05 10:00,545.6,438.87,0.0
2025-11-05 11:00,504.4,493.16,0.0
2025-11-05 12:00,534.3,485.28,0.0
2025-11-05 13:00,583.8,436.62,0.0
2025-11-05 14:00,539.2,374.16,0.0
2025-11-05 15:00,510.1,247.06,0.0
2025-11-05 16:00,539.4,81.95,0.0
2025-11-05 17:00,491.8,0.0,0.0
2025-11-05 18:00,399.0,0.0,0.0
2025-11-05 19:00,337.7,0.0,0.0
2025-11-05 20:00,369.5,0.0,0.0
2025-11-05 21:00,281.3,0.0,0.0
2025-11-05 22:00,239.1,0.0,0.0
2025-11-05 23:00,269.5,0.0,0.0
2025-11-06 00:00,256.7,0.0,0.0
2025-11-06 01:00,257.2,0.0,0.0
2025-11-06 02:00,260.7,0.0,0.0
2025-11-06 03:00,263.7,0.0,0.0
2025-11-06 04:00,236.8,0.0,0.0
2025-11-06 05:00,270.2,0.0,0.0
2025-11-06 06:00,407.7,0.0,0.0
2025-11-06 07:00,505.8,129.45,0.0
2025-11-06 08:00,580.0,310.53,0.0
2025-11-06 09:00,536.6,460.36,0.0
2025-11-06 10:00,537.2,612.57,-75.37
2025-11-06 11:00,521.2,661.37,-140.17
2025-11-06 12:00,582.0,664.58,-82.58
2025-11-06 13:00,547.4,591.6,-44.2
2025-11-06 14:00,586.6,497.69,0.0
2025-11-06 15:00,594.0,309.61,0.0
2025-11-06 16:00,566.3,127.02,95.87
2025-11-06 17:00,496.4,0.0,152.99
2025-11-06 18:00,370.3,0.0,26.89
2025-11-06 19:00,355.3,0.0,11.89
2025-11-06 20:00,357.0,0.0,13.59
2025-11-06 21:00,315.3,0.0,0.0
2025-11-06 22:00,244.0,0.0,0.0
2025-11-06 23:00,264.3,0.0,0.0
2025-11-07 00:00,270.5,0.0,0.0
2025-11-07 01:00,262.5,0.0,0.0
2025-11-07 02:00,257.4,0.0,0.0
2025-11-07 03:00,264.6,0.0,0.0
2025-11-07 04:00,260.8,0.0,0.0
2025-11-07 05:00,261.8,0.0,0.0
2025-11-07 06:00,411.1,0.0,0.0
2025-11-07 07:00,548.8,129.56,0.0
2025-11-07 08:00,534.9,318.6,0.0
2025-11-07 09:00,563.5,463.61,0.0
2025-11-07 10:00,512.2,569.78,-57.58
2025-11-07 11:00,584.4,573.6,0.0
2025-11-07 12:00,537.3,609.59,-72.29
2025-11-07 13:00,554.7,565.13,-10.43
2025-11-07 14:00,588.6,462.03,0.0
2025-11-07 15:00,622.8,304.9,0.0
2025-11-07 16:00,570.6,112.58,20.64
2025-11-07 17:00,540.2,0.0,102.82
2025-11-07 18:00,392.5,0.0,0.0
2025-11-07 19:00,359.8,0.0,0.0
2025-11-07 20:00,336.5,0.0,0.0
2025-11-07 21:00,299.0,0.0,0.0
2025-11-07 22:00,237.3,0.0,0.0
2025-11-07 23:00,257.4,0.0,0.0
2025-11-08 00:00,269.8,0.0,0.0
2025-11-08 01:00,269.7,0.0,0.0
2025-11-08 02:00,264.8,0.0,0.0
2025-11-08 03:00,255.4,0.0,0.0
2025-11-08 04:00,259.6,0.0,0.0
2025-11-08 05:00,236.7,0.0,0.0
2025-11-08 06:00,393.3,0.0,0.0
2025-11-08 07:00,360.9,166.73,0.0
2025-11-08 08:00,377.7,420.83,-43.13
2025-11-08 09:00,353.9,628.05,-274.15
2025-11-08 10:00,377.9,775.83,-397.93
2025-11-08 11:00,402.1,791.69,-389.59
2025-11-08 12:00,369.2,819.08,-449.88
2025-11-08 13:00,374.0,790.42,-416.42
2025-11-08 14:00,370.0,624.3,-54.31
2025-11-08 15:00,252.8,428.49,-0.0
2025-11-08 16:00,256.1,160.81,95.29
2025-11-08 17:00,259.3,0.0,259.3
2025-11-08 18:00,248.7,0.0,248.7
2025-11-08 19:00,265.4,0.0,265.4
2025-11-08 20:00,269.7,0.0,269.7
2025-11-08 21:00,249.6,0.0,0.0
2025-11-08 22:00,264.2,0.0,0.0
2025-11-08 23:00,272.3,0.0,0.0
2025-11-09 00:00,264.9,0.0,0.0
2025-11-09 01:00,260.3,0.0,0.0
2025-11-09 02:00,274.3,0.0,0.0
2025-11-09 03:00,261.1,0.0,0.0
2025-11-09 04:00,254.3,0.0,0.0
2025-11-09 05:00,268.9,0.0,0.0
2025-11-09 06:00,268.8,0.0,0.0
2025-11-09 07:00,248.3,114.2,0.0
2025-11-09 08:00,270.1,302.33,-32.23
2025-11-09 09:00,261.1,488.9,-227.8
2025-11-09 10:00,259.6,579.04,-319.44
2025-11-09 11:00,273.4,630.34,-356.94
2025-11-09 12:00,282.2,583.44,-301.24
2025-11-09 13:00,297.7,567.82,-55.97
2025-11-09 14:00,313.7,431.23,-0.0
2025-11-09 15:00,281.4,296.18,-0.0
2025-11-09 16:00,281.8,113.55,168.25
2025-11-09 17:00,301.5,0.0,301.5
2025-11-09 18:00,288.8,0.0,288.8
2025-11-09 19:00,271.7,0.0,271.7
2025-11-09 20:00,246.1,0.0,246.1
2025-11-09 21:00,264.6,0.0,0.0
2025-11-09 22:00,279.4,0.0,0.0
2025-11-09 23:00,264.2,0.0,0.0
2025-11-10 00:00,260.6,0.0,0.0
2025-11-10 01:00,274.8,0.0,0.0
2025-11-10 02:00,257.2,0.0,0.0
2025-11-10 03:00,263.8,0.0,0.0
2025-11-10 04:00,257.2,0.0,0.0
2025-11-10 05:00,269.4,0.0,0.0
2025-11-10 06:00,382.6,0.0,0.0
2025-11-10 07:00,571.9,43.0,0.0
2025-11-10 08:00,551.1,139.81,0.0
2025-11-10 09:00,575.6,211.52,0.0
2025-11-10 10:00,536.4,241.87,0.0
2025-11-10 11:00,593.8,301.19,0.0
2025-11-10 12:00,548.3,285.66,0.0
2025-11-10 13:00,570.1,260.48,0.0
2025-11-10 14:00,550.4,208.91,0.0
2025-11-10 15:00,608.4,124.45,0.0
2025-11-10 16:00,523.8,39.06,170.37
2025-11-10 17:00,501.2,0.0,186.83
2025-11-10 18:00,386.6,0.0,72.23
2025-11-10 19:00,358.9,0.0,44.53
2025-11-10 20:00,346.4,0.0,32.03
2025-11-10 21:00,293.0,0.0,0.0
2025-11-10 22:00,252.2,0.0,0.0
2025-11-10 23:00,227.0,0.0,0.0
2025-11-11 00:00,271.4,0.0,0.0
2025-11-11 01:00,260.6,0.0,0.0
2025-11-11 02:00,254.9,0.0,0.0
2025-11-11 03:00,253.9,0.0,0.0
2025-11-11 04:00,246.4,0.0,0.0
2025-11-11 05:00,243.2,0.0,0.0
2025-11-11 06:00,432.0,0.0,0.0
2025-11-11 07:00,553.9,147.43,0.0
2025-11-11 08:00,554.2,437.87,0.0
2025-11-11 09:00,568.5,610.79,-42.29
2025-11-11 10:00,508.1,789.2,-281.1
2025-11-11 11:00,546.8,759.09,-212.29
2025-11-11 12:00,514.5,749.34,-234.84
2025-11-11 13:00,546.1,763.53,-217.43
2025-11-11 14:00,623.1,585.0,0.0
2025-11-11 15:00,605.5,420.62,0.0
2025-11-11 16:00,525.0,148.5,150.4
2025-11-11 17:00,525.6,0.0,299.5
2025-11-11 18:00,396.3,0.0,170.2
2025-11-11 19:00,362.2,0.0,136.1
2025-11-11 20:00,339.3,0.0,113.2
2025-11-11 21:00,294.1,0.0,0.0
2025-11-11 22:00,256.6,0.0,0.0
2025-11-11 23:00,261.1,0.0,0.0
2025-11-12 00:00,252.0,0.0,0.0
2025-11-12 01:00,236.9,0.0,0.0
2025-11-12 02:00,258.8,0.0,0.0
2025-11-12 03:00,253.5,0.0,0.0
2025-11-12 04:00,255.7,0.0,0.0
2025-11-12 05:00,253.0,0.0,0.0
2025-11-12 06:00,400.8,0.0,0.0
2025-11-12 07:00,544.1,65.57,0.0
2025-11-12 08:00,548.3,206.11,0.0
2025-11-12 09:00,530.4,308.03,0.0
2025-11-12 10:00,554.4,396.5,0.0
2025-11-12 11:00,531.0,414.71,0.0
2025-11-12 12:00,552.3,432.93,0.0
2025-11-12 13:00,481.1,374.44,0.0
2025-11-12 14:00,546.4,304.98,0.0
2025-11-12 15:00,554.2,214.36,0.0
2025-11-12 16:00,564.7,63.69,0.0
2025-11-12 17:00,504.2,0.0,0.0
2025-11-12 18:00,394.4,0.0,0.0
2025-11-12 19:00,320.4,0.0,0.0
2025-11-12 20:00,345.4,0.0,0.0
2025-11-12 21:00,303.2,0.0,0.0
2025-11-12 22:00,254.6,0.0,0.0
2025-11-12 23:00,258.5,0.0,0.0
2025-11-13 00:00,267.4,0.0,0.0
2025-11-13 01:00,260.4,0.0,0.0
2025-11-13 02:00,256.8,0.0,0.0
2025-11-13 03:00,251.7,0.0,0.0
2025-11-13 04:00,268.7,0.0,0.0
2025-11-13 05:00,257.2,0.0,0.0
2025-11-13 06:00,412.6,0.0,0.0
2025-11-13 07:00,561.3,140.07,0.0
2025-11-13 08:00,551.8,405.38,0.0
2025-11-13 09:00,527.9,572.83,-44.93
2025-11-13 10:00,511.5,677.52,-166.02
2025-11-13 11:00,578.8,756.35,-177.55
2025-11-13 12:00,593.1,723.98,-130.88
2025-11-13 13:00,546.2,683.49,-137.29
2025-11-13 14:00,601.5,538.1,0.0
2025-11-13 15:00,567.2,365.15,0.0
2025-11-13 16:00,556.9,137.4,130.75
2025-11-13 17:00,489.7,0.0,200.95
2025-11-13 18:00,389.4,0.0,100.65
2025-11-13 19:00,378.5,0.0,89.75
2025-11-13 20:00,344.5,0.0,55.75
2025-11-13 21:00,316.6,0.0,0.0
2025-11-13 22:00,264.6,0.0,0.0
2025-11-13 23:00,247.4,0.0,0.0
2025-11-14 00:00,254.7,0.0,0.0
2025-11-14 01:00,273.2,0.0,0.0
2025-11-14 02:00,247.1,0.0,0.0
2025-11-14 03:00,253.5,0.0,0.0
2025-11-14 04:00,245.3,0.0,0.0
2025-11-14 05:00,250.3,0.0,0.0
2025-11-14 06:00,438.0,0.0,0.0
2025-11-14 07:00,547.4,102.52,0.0
2025-11-14 08:00,539.2,298.65,0.0
2025-11-14 09:00,555.1,449.27,0.0
2025-11-14 10:00,586.0,574.05,0.0
2025-11-14 11:00,588.9,612.55,-23.65
2025-11-14 12:00,612.1,626.88,-14.78
2025-11-14 13:00,604.3,578.23,0.0
2025-11-14 14:00,573.5,459.6,0.0
2025-11-14 15:00,627.9,291.65,0.0
2025-11-14 16:00,613.1,103.51,4.9
2025-11-14 17:00,533.6,0.0,28.91
2025-11-14 18:00,393.6,0.0,0.0
2025-11-14 19:00,371.4,0.0,0.0
2025-11-14 20:00,359.2,0.0,0.0
2025-11-14 21:00,282.7,0.0,0.0
2025-11-14 22:00,278.6,0.0,0.0
2025-11-14 23:00,261.7,0.0,0.0
2025-11-15 00:00,248.0,0.0,0.0
2025-11-15 01:00,259.5,0.0,0.0
2025-11-15 02:00,257.1,0.0,0.0
2025-11-15 03:00,276.6,0.0,0.0
2025-11-15 04:00,276.1,0.0,0.0
2025-11-15 05:00,269.7,0.0,0.0
2025-11-15 06:00,384.7,0.0,0.0
2025-11-15 07:00,375.9,107.13,0.0
2025-11-15 08:00,401.8,344.74,0.0
2025-11-15 09:00,423.3,530.13,-106.83
2025-11-15 10:00,373.4,636.4,-263.0
2025-11-15 11:00,400.6,634.73,-234.13
2025-11-15 12:00,381.6,675.12,-293.52
2025-11-15 13:00,425.9,633.98,-208.08
2025-11-15 14:00,429.6,472.87,-43.27
2025-11-15 15:00,303.8,322.36,-18.56
2025-11-15 16:00,301.9,106.63,141.92
2025-11-15 17:00,304.1,0.0,250.75
2025-11-15 18:00,289.6,0.0,236.25
2025-11-15 19:00,247.0,0.0,193.65
2025-11-15 20:00,258.1,0.0,204.75
2025-11-15 21:00,250.5,0.0,0.0
2025-11-15 22:00,258.3,0.0,0.0
2025-11-15 23:00,254.2,0.0,0.0
2025-11-16 00:00,264.1,0.0,0.0
2025-11-16 01:00,265.4,0.0,0.0
2025-11-16 02:00,264.7,0.0,0.0
2025-11-16 03:00,258.6,0.0,0.0
2025-11-16 04:00,228.8,0.0,0.0
2025-11-16 05:00,252.6,0.0,0.0
2025-11-16 06:00,235.6,0.0,0.0
2025-11-16 07:00,265.8,115.62,0.0
2025-11-16 08:00,261.8,310.06,-48.26
2025-11-16 09:00,286.4,510.58,-224.18
2025-11-16 10:00,265.1,594.81,-329.71
2025-11-16 11:00,290.1,696.04,-405.94
2025-11-16 12:00,290.2,639.69,-349.49
2025-11-16 13:00,308.0,645.81,-337.81
2025-11-16 14:00,279.3,512.72,-233.42
2025-11-16 15:00,292.7,329.81,-37.11
2025-11-16 16:00,286.5,101.66,184.84
2025-11-16 17:00,305.0,0.0,305.0
2025-11-16 18:00,267.1,0.0,267.1
2025-11-16 19:00,272.7,0.0,272.7
2025-11-16 20:00,269.0,0.0,269.0
2025-11-16 21:00,273.2,0.0,0.0
2025-11-16 22:00,252.9,0.0,0.0
2025-11-16 23:00,265.8,0.0,0.0
2025-11-17 00:00,256.6,0.0,0.0
2025-11-17 01:00,264.7,0.0,0.0
2025-11-17 02:00,274.2,0.0,0.0
2025-11-17 03:00,258.8,0.0,0.0
2025-11-17 04:00,277.1,0.0,0.0
2025-11-17 05:00,276.8,0.0,0.0
2025-11-17 06:00,408.7,0.0,0.0
2025-11-17 07:00,524.6,57.09,0.0
2025-11-17 08:00,584.9,220.16,0.0
2025-11-17 09:00,552.8,312.06,0.0
2025-11-17 10:00,591.0,375.99,0.0
2025-11-17 11:00,572.4,423.01,0.0
2025-11-17 12:00,603.1,440.4,0.0
2025-11-17 13:00,608.4,370.11,0.0
2025-11-17 14:00,613.4,324.0,0.0
2025-11-17 15:00,593.7,199.55,0.0
2025-11-17 16:00,615.8,60.62,170.34
2025-11-17 17:00,555.2,0.0,170.36
2025-11-17 18:00,414.3,0.0,29.46
2025-11-17 19:00,426.8,0.0,41.96
2025-11-17 20:00,404.1,0.0,19.26
2025-11-17 21:00,329.6,0.0,0.0
2025-11-17 22:00,276.4,0.0,0.0
2025-11-17 23:00,258.0,0.0,0.0
2025-11-18 00:00,257.7,0.0,0.0
2025-11-18 01:00,252.3,0.0,0.0
2025-11-18 02:00,257.3,0.0,0.0
2025-11-18 03:00,275.1,0.0,0.0
2025-11-18 04:00,250.5,0.0,0.0
2025-11-18 05:00,252.4,0.0,0.0
2025-11-18 06:00,416.0,0.0,0.0
2025-11-18 07:00,519.9,95.44,0.0
2025-11-18 08:00,590.9,320.7,0.0
2025-11-18 09:00,529.2,485.21,0.0
2025-11-18 10:00,593.9,573.62,0.0
2025-11-18 11:00,524.0,659.92,-135.92
2025-11-18 12:00,526.5,634.97,-108.47
2025-11-18 13:00,582.1,605.82,-23.72
2025-11-18 14:00,563.0,490.76,0.0
2025-11-18 15:00,560.8,294.99,0.0
2025-11-18 16:00,549.0,99.36,81.47
2025-11-18 17:00,516.6,0.0,148.43
2025-11-18 18:00,374.2,0.0,6.03
2025-11-18 19:00,359.6,0.0,0.0
2025-11-18 20:00,344.1,0.0,0.0
2025-11-18 21:00,294.4,0.0,0.0
2025-11-18 22:00,259.8,0.0,0.0
2025-11-18 23:00,254.4,0.0,0.0
2025-11-19 00:00,256.0,0.0,0.0
2025-11-19 01:00,251.9,0.0,0.0
2025-11-19 02:00,249.5,0.0,0.0
2025-11-19 03:00,276.1,0.0,0.0
2025-11-19 04:00,247.6,0.0,0.0
2025-11-19 05:00,269.2,0.0,0.0
2025-11-19 06:00,425.8,0.0,0.0
2025-11-19 07:00,519.2,101.09,0.0
2025-11-19 08:00,542.6,328.64,0.0
2025-11-19 09:00,563.2,481.29,0.0
2025-11-19 10:00,566.9,645.3,-78.4
2025-11-19 11:00,562.8,687.35,-124.55
2025-11-19 12:00,536.3,699.61,-163.31
2025-11-19 13:00,542.3,580.19,-37.89
2025-11-19 14:00,558.5,469.93,0.0
2025-11-19 15:00,596.3,315.79,0.0
2025-11-19 16:00,572.1,99.49,124.18
2025-11-19 17:00,502.9,0.0,154.47
2025-11-19 18:00,389.4,0.0,40.97
2025-11-19 19:00,359.4,0.0,10.97
2025-11-19 20:00,373.5,0.0,25.07
2025-11-19 21:00,312.2,0.0,0.0
2025-11-19 22:00,252.3,0.0,0.0
2025-11-19 23:00,250.5,0.0,0.0
2025-11-20 00:00,255.5,0.0,0.0
2025-11-20 01:00,271.1,0.0,0.0
2025-11-20 02:00,260.1,0.0,0.0
2025-11-20 03:00,252.8,0.0,0.0
2025-11-20 04:00,251.0,0.0,0.0
2025-11-20 05:00,263.6,0.0,0.0
2025-11-20 06:00,401.0,0.0,0.0
2025-11-20 07:00,549.4,113.43,0.0
2025-11-20 08:00,503.5,392.17,0.0
2025-11-20 09:00,560.1,563.19,-3.09
2025-11-20 10:00,619.7,727.32,-107.62
2025-11-20 11:00,525.6,755.84,-230.24
2025-11-20 12:00,501.8,782.39,-280.59
2025-11-20 13:00,589.3,722.24,-132.94
2025-11-20 14:00,563.0,556.04,0.0
2025-11-20 15:00,578.7,374.0,0.0
2025-11-20 16:00,532.9,116.8,143.53
2025-11-20 17:00,554.8,0.0,282.23
2025-11-20 18:00,379.1,0.0,106.53
2025-11-20 19:00,347.3,0.0,74.73
2025-11-20 20:00,329.5,0.0,56.93
2025-11-20 21:00,307.6,0.0,0.0
2025-11-20 22:00,255.1,0.0,0.0
2025-11-20 23:00,263.9,0.0,0.0
2025-11-21 00:00,261.0,0.0,0.0
2025-11-21 01:00,241.3,0.0,0.0
2025-11-21 02:00,245.2,0.0,0.0
2025-11-21 03:00,267.5,0.0,0.0
2025-11-21 04:00,255.2,0.0,0.0
2025-11-21 05:00,227.6,0.0,0.0
2025-11-21 06:00,412.1,0.0,0.0
2025-11-21 07:00,559.8,104.44,0.0
2025-11-21 08:00,544.7,351.79,0.0
2025-11-21 09:00,545.7,507.09,0.0
2025-11-21 10:00,552.3,647.79,-95.49
2025-11-21 11:00,522.3,717.99,-195.69
2025-11-21 12:00,511.3,720.46,-209.16
2025-11-21 13:00,563.7,641.86,-78.16
2025-11-21 14:00,551.2,502.86,0.0
2025-11-21 15:00,555.3,349.24,0.0
2025-11-21 16:00,546.9,104.14,138.48
2025-11-21 17:00,522.1,0.0,217.82
2025-11-21 18:00,374.6,0.0,70.32
2025-11-21 19:00,359.6,0.0,55.32
2025-11-21 20:00,331.4,0.0,27.12
2025-11-21 21:00,329.1,0.0,0.0
2025-11-21 22:00,248.3,0.0,0.0
2025-11-21 23:00,260.6,0.0,0.0
2025-11-22 00:00,262.0,0.0,0.0
2025-11-22 01:00,267.7,0.0,0.0
2025-11-22 02:00,256.7,0.0,0.0
2025-11-22 03:00,251.4,0.0,0.0
2025-11-22 04:00,261.7,0.0,0.0
2025-11-22 05:00,260.1,0.0,0.0
2025-11-22 06:00,390.1,0.0,0.0
2025-11-22 07:00,372.7,110.46,0.0
2025-11-22 08:00,366.1,363.93,0.0
2025-11-22 09:00,394.0,574.09,-180.09
2025-11-22 10:00,389.5,687.12,-297.62
2025-11-22 11:00,373.8,761.51,-387.71
2025-11-22 12:00,383.7,786.43,-402.73
2025-11-22 13:00,434.4,683.33,-248.93
2025-11-22 14:00,415.6,577.23,-161.63
2025-11-22 15:00,294.0,379.73,-85.73
2025-11-22 16:00,274.1,113.96,160.14
2025-11-22 17:00,269.6,0.0,269.6
2025-11-22 18:00,282.4,0.0,282.4
2025-11-22 19:00,267.9,0.0,267.9
2025-11-22 20:00,274.1,0.0,274.1
2025-11-22 21:00,252.8,0.0,0.0
2025-11-22 22:00,292.2,0.0,0.0
2025-11-22 23:00,271.9,0.0,0.0
2025-11-23 00:00,256.5,0.0,0.0
2025-11-23 01:00,260.5,0.0,0.0
2025-11-23 02:00,250.4,0.0,0.0
2025-11-23 03:00,254.7,0.0,0.0
2025-11-23 04:00,248.3,0.0,0.0
2025-11-23 05:00,272.0,0.0,0.0
2025-11-23 06:00,252.3,0.0,0.0
2025-11-23 07:00,255.5,54.68,0.0
2025-11-23 08:00,263.4,217.77,0.0
2025-11-23 09:00,271.5,331.7,-60.2
2025-11-23 10:00,243.8,415.87,-172.07
2025-11-23 11:00,268.5,482.92,-214.42
2025-11-23 12:00,258.0,501.42,-243.42
2025-11-23 13:00,275.1,447.78,-172.68
2025-11-23 14:00,251.1,340.11,-89.01
2025-11-23 15:00,258.1,205.98,0.0
2025-11-23 16:00,267.3,51.77,190.43
2025-11-23 17:00,255.2,0.0,230.1
2025-11-23 18:00,266.7,0.0,241.6
2025-11-23 19:00,263.9,0.0,238.8
2025-11-23 20:00,260.3,0.0,235.2
2025-11-23 21:00,266.3,0.0,0.0
2025-11-23 22:00,250.3,0.0,0.0
2025-11-23 23:00,281.5,0.0,0.0
2025-11-24 00:00,247.6,0.0,0.0
2025-11-24 01:00,245.0,0.0,0.0
2025-11-24 02:00,249.4,0.0,0.0
2025-11-24 03:00,254.5,0.0,0.0
2025-11-24 04:00,262.7,0.0,0.0
2025-11-24 05:00,266.3,0.0,0.0
2025-11-24 06:00,434.2,0.0,0.0
2025-11-24 07:00,521.6,72.65,0.0
2025-11-24 08:00,581.8,269.81,0.0
2025-11-24 09:00,541.8,397.48,0.0
2025-11-24 10:00,521.9,540.86,-18.96
2025-11-24 11:00,555.7,600.78,-45.08
2025-11-24 12:00,519.1,564.84,-45.74
2025-11-24 13:00,580.4,534.06,0.0
2025-11-24 14:00,537.3,417.52,0.0
2025-11-24 15:00,530.9,254.31,0.0
2025-11-24 16:00,567.4,77.3,61.7
2025-11-24 17:00,463.3,0.0,34.9
2025-11-24 18:00,373.0,0.0,0.0
2025-11-24 19:00,354.4,0.0,0.0
2025-11-24 20:00,356.5,0.0,0.0
2025-11-24 21:00,290.9,0.0,0.0
2025-11-24 22:00,253.9,0.0,0.0
2025-11-24 23:00,247.6,0.0,0.0
2025-11-25 00:00,252.3,0.0,0.0
2025-11-25 01:00,246.9,0.0,0.0
2025-11-25 02:00,278.9,0.0,0.0
2025-11-25 03:00,258.3,0.0,0.0
2025-11-25 04:00,254.2,0.0,0.0
2025-11-25 05:00,261.4,0.0,0.0
2025-11-25 06:00,415.9,0.0,0.0
2025-11-25 07:00,549.1,116.42,0.0
2025-11-25 08:00,518.3,391.65,0.0
2025-11-25 09:00,588.8,597.08,-8.28
2025-11-25 10:00,531.9,801.39,-269.49
2025-11-25 11:00,516.8,828.09,-311.29
2025-11-25 12:00,563.1,742.04,-178.94
2025-11-25 13:00,611.9,795.07,-183.17
2025-11-25 14:00,552.5,628.59,-76.09
2025-11-25 15:00,571.4,393.67,0.0
2025-11-25 16:00,597.4,119.61,245.19
2025-11-25 17:00,508.7,0.0,276.1
2025-11-25 18:00,379.5,0.0,146.9
2025-11-25 19:00,370.6,0.0,138.0
2025-11-25 20:00,330.4,0.0,97.8
2025-11-25 21:00,298.4,0.0,0.0
2025-11-25 22:00,232.4,0.0,0.0
2025-11-25 23:00,264.6,0.0,0.0
2025-11-26 00:00,249.7,0.0,0.0
2025-11-26 01:00,259.6,0.0,0.0
2025-11-26 02:00,256.6,0.0,0.0
2025-11-26 03:00,257.1,0.0,0.0
2025-11-26 04:00,263.0,0.0,0.0
2025-11-26 05:00,256.2,0.0,0.0
2025-11-26 06:00,413.2,0.0,0.0
2025-11-26 07:00,537.7,26.62,0.0
2025-11-26 08:00,551.1,141.03,0.0
2025-11-26 09:00,553.0,221.32,0.0
2025-11-26 10:00,542.6,276.42,0.0
2025-11-26 11:00,527.5,326.29,0.0
2025-11-26 12:00,496.0,309.42,0.0
2025-11-26 13:00,551.5,273.28,0.0
2025-11-26 14:00,542.9,209.45,0.0
2025-11-26 15:00,563.2,129.6,0.0
2025-11-26 16:00,586.8,27.21,0.0
2025-11-26 17:00,516.9,0.0,0.0
2025-11-26 18:00,379.9,0.0,0.0
2025-11-26 19:00,367.4,0.0,0.0
2025-11-26 20:00,324.7,0.0,0.0
2025-11-26 21:00,304.9,0.0,0.0
2025-11-26 22:00,258.7,0.0,0.0
2025-11-26 23:00,262.6,0.0,0.0
2025-11-27 00:00,263.2,0.0,0.0
2025-11-27 01:00,257.6,0.0,0.0
2025-11-27 02:00,272.1,0.0,0.0
2025-11-27 03:00,246.9,0.0,0.0
2025-11-27 04:00,246.4,0.0,0.0
2025-11-27 05:00,247.1,0.0,0.0
2025-11-27 06:00,442.4,0.0,0.0
2025-11-27 07:00,564.1,130.82,0.0
2025-11-27 08:00,566.9,429.46,0.0
2025-11-27 09:00,559.9,687.57,-127.67
2025-11-27 10:00,626.3,835.39,-209.09
2025-11-27 11:00,553.4,907.7,-354.3
2025-11-27 12:00,582.0,835.79,-253.79
2025-11-27 13:00,535.6,810.25,-274.65
2025-11-27 14:00,595.9,647.86,-51.96
2025-11-27 15:00,615.4,447.86,0.0
2025-11-27 16:00,563.7,127.06,246.43
2025-11-27 17:00,491.0,0.0,300.79
2025-11-27 18:00,418.7,0.0,228.49
2025-11-27 19:00,361.5,0.0,171.29
2025-11-27 20:00,362.1,0.0,171.89
2025-11-27 21:00,285.2,0.0,0.0
2025-11-27 22:00,261.2,0.0,0.0
2025-11-27 23:00,268.3,0.0,0.0
2025-11-28 00:00,240.4,0.0,0.0
2025-11-28 01:00,241.2,0.0,0.0
2025-11-28 02:00,261.5,0.0,0.0
2025-11-28 03:00,262.7,0.0,0.0
2025-11-28 04:00,255.8,0.0,0.0
2025-11-28 05:00,270.7,0.0,0.0
2025-11-28 06:00,391.5,0.0,0.0
2025-11-28 07:00,524.5,107.72,0.0
2025-11-28 08:00,510.6,441.22,0.0
2025-11-28 09:00,559.0,603.09,-44.09
2025-11-28 10:00,557.7,794.52,-236.82
2025-11-28 11:00,565.5,828.33,-262.83
2025-11-28 12:00,532.4,797.44,-265.04
2025-11-28 13:00,536.1,727.37,-191.27
2025-11-28 14:00,594.4,625.72,-31.32
2025-11-28 15:00,515.5,427.48,0.0
2025-11-28 16:00,538.4,99.19,226.47
2025-11-28 17:00,472.5,0.0,259.76
2025-11-28 18:00,382.5,0.0,169.76
2025-11-28 19:00,352.2,0.0,139.46
2025-11-28 20:00,324.9,0.0,112.16
2025-11-28 21:00,297.8,0.0,0.0
2025-11-28 22:00,265.0,0.0,0.0
2025-11-28 23:00,285.6,0.0,0.0
2025-11-29 00:00,264.7,0.0,0.0
2025-11-29 01:00,253.4,0.0,0.0
2025-11-29 02:00,243.2,0.0,0.0
2025-11-29 03:00,255.2,0.0,0.0
2025-11-29 04:00,284.3,0.0,0.0
2025-11-29 05:00,251.5,0.0,0.0
2025-11-29 06:00,362.5,0.0,0.0
2025-11-29 07:00,394.5,111.96,0.0
2025-11-29 08:00,366.8,396.99,-30.19
2025-11-29 09:00,369.2,613.82,-244.62
2025-11-29 10:00,375.1,744.31,-369.21
2025-11-29 11:00,413.4,776.02,-362.62
2025-11-29 12:00,373.2,747.19,-373.99
2025-11-29 13:00,394.0,671.9,-277.9
2025-11-29 14:00,385.4,572.75,-187.35
2025-11-29 15:00,266.4,414.55,-148.15
2025-11-29 16:00,272.2,102.09,170.11
2025-11-29 17:00,281.6,0.0,281.6
2025-11-29 18:00,285.4,0.0,285.4
2025-11-29 19:00,269.8,0.0,269.8
2025-11-29 20:00,248.4,0.0,248.4
2025-11-29 21:00,288.6,0.0,0.0
2025-11-29 22:00,267.4,0.0,0.0
2025-11-29 23:00,260.9,0.0,0.0
2025-11-30 00:00,272.1,0.0,0.0
2025-11-30 01:00,252.8,0.0,0.0
2025-11-30 02:00,262.6,0.0,0.0
2025-11-30 03:00,263.8,0.0,0.0
2025-11-30 04:00,261.5,0.0,0.0
2025-11-30 05:00,266.4,0.0,0.0
2025-11-30 06:00,257.5,0.0,0.0
2025-11-30 07:00,272.2,42.05,0.0
2025-11-30 08:00,246.9,198.39,0.0
2025-11-30 09:00,286.5,316.21,-29.71
2025-11-30 10:00,254.0,409.39,-155.39
2025-11-30 11:00,266.4,448.9,-182.5
2025-11-30 12:00,244.1,443.43,-199.33
2025-11-30 13:00,254.1,406.77,-152.67
2025-11-30 14:00,285.4,317.76,-32.36
2025-11-30 15:00,264.4,201.64,0.0
2025-11-30 16:00,264.3,39.49,200.04
2025-11-30 17:00,264.6,0.0,239.83
2025-11-30 18:00,268.1,0.0,243.33
2025-11-30 19:00,272.1,0.0,247.33
2025-11-30 20:00,255.4,0.0,230.63
2025-11-30 21:00,250.6,0.0,0.0
2025-11-30 22:00,262.7,0.0,0.0
2025-11-30 23:00,273.7,0.0,0.0
2025-12-01 00:00,248.1,0.0,0.0
2025-12-01 01:00,267.1,0.0,0.0
2025-12-01 02:00,252.4,0.0,0.0
2025-12-01 03:00,246.9,0.0,0.0
2025-12-01 04:00,240.1,0.0,0.0
2025-12-01 05:00,272.9,0.0,0.0
2025-12-01 06:00,413.0,0.0,0.0
2025-12-01 07:00,527.8,21.27,0.0
2025-12-01 08:00,584.7,133.07,0.0
2025-12-01 09:00,542.5,216.28,0.0
2025-12-01 10:00,557.1,293.84,0.0
2025-12-01 11:00,525.5,329.83,0.0
2025-12-01 12:00,521.1,316.92,0.0
2025-12-01 13:00,500.6,281.68,0.0
2025-12-01 14:00,536.4,221.24,0.0
2025-12-01 15:00,579.9,133.12,0.0
2025-12-01 16:00,561.9,20.77,0.0
2025-12-01 17:00,483.8,0.0,0.0
2025-12-01 18:00,385.3,0.0,0.0
2025-12-01 19:00,354.3,0.0,0.0
2025-12-01 20:00,345.8,0.0,0.0
2025-12-01 21:00,308.9,0.0,0.0
2025-12-01 22:00,262.1,0.0,0.0
2025-12-01 23:00,284.1,0.0,0.0
2025-12-02 00:00,259.7,0.0,0.0
2025-12-02 01:00,266.0,0.0,0.0
2025-12-02 02:00,248.7,0.0,0.0
2025-12-02 03:00,248.9,0.0,0.0
2025-12-02 04:00,255.1,0.0,0.0
2025-12-02 05:00,266.8,0.0,0.0
2025-12-02 06:00,427.2,0.0,0.0
2025-12-02 07:00,538.8,4.21,0.0
2025-12-02 08:00,559.9,32.12,0.0
2025-12-02 09:00,577.8,56.89,0.0
2025-12-02 10:00,523.3,74.52,0.0
2025-12-02 11:00,559.7,83.8,0.0
2025-12-02 12:00,572.8,75.35,0.0
2025-12-02 13:00,545.1,68.34,0.0
2025-12-02 14:00,520.8,55.98,0.0
2025-12-02 15:00,537.6,30.08,0.0
2025-12-02 16:00,533.9,4.11,0.0
2025-12-02 17:00,476.3,0.0,0.0
2025-12-02 18:00,366.0,0.0,0.0
2025-12-02 19:00,340.0,0.0,0.0
2025-12-02 20:00,339.4,0.0,0.0
2025-12-02 21:00,308.0,0.0,0.0
2025-12-02 22:00,272.6,0.0,0.0
2025-12-02 23:00,243.1,0.0,0.0
2025-12-03 00:00,269.3,0.0,0.0
2025-12-03 01:00,270.0,0.0,0.0
2025-12-03 02:00,252.7,0.0,0.0
2025-12-03 03:00,219.8,0.0,0.0
2025-12-03 04:00,247.4,0.0,0.0
2025-12-03 05:00,270.6,0.0,0.0
2025-12-03 06:00,396.0,0.0,0.0
2025-12-03 07:00,540.3,26.79,0.0
2025-12-03 08:00,526.6,158.48,0.0
2025-12-03 09:00,541.5,270.48,0.0
2025-12-03 10:00,547.7,359.92,0.0
2025-12-03 11:00,593.5,373.13,0.0
2025-12-03 12:00,537.5,355.19,0.0
2025-12-03 13:00,535.2,360.21,0.0
2025-12-03 14:00,539.0,261.19,0.0
2025-12-03 15:00,558.5,158.16,0.0
2025-12-03 16:00,504.3,30.27,0.0
2025-12-03 17:00,457.6,0.0,0.0
2025-12-03 18:00,381.4,0.0,0.0
2025-12-03 19:00,370.0,0.0,0.0
2025-12-03 20:00,336.1,0.0,0.0
2025-12-03 21:00,308.6,0.0,0.0
2025-12-03 22:00,250.0,0.0,0.0
2025-12-03 23:00,244.8,0.0,0.0
2025-12-04 00:00,268.6,0.0,0.0
2025-12-04 01:00,262.5,0.0,0.0
2025-12-04 02:00,247.9,0.0,0.0
2025-12-04 03:00,256.7,0.0,0.0
2025-12-04 04:00,264.3,0.0,0.0
2025-12-04 05:00,250.1,0.0,0.0
2025-12-04 06:00,421.9,0.0,0.0
2025-12-04 07:00,500.0,8.49,0.0
2025-12-04 08:00,562.4,74.37,0.0
2025-12-04 09:00,577.2,132.16,0.0
2025-12-04 10:00,532.4,175.43,0.0
2025-12-04 11:00,566.7,182.97,0.0
2025-12-04 12:00,488.1,182.34,0.0
2025-12-04 13:00,538.9,169.55,0.0
2025-12-04 14:00,566.2,131.53,0.0
2025-12-04 15:00,573.5,70.1,0.0
2025-12-04 16:00,503.7,8.29,0.0
2025-12-04 17:00,479.3,0.0,0.0
2025-12-04 18:00,366.2,0.0,0.0
2025-12-04 19:00,338.6,0.0,0.0
2025-12-04 20:00,355.2,0.0,0.0
2025-12-04 21:00,313.9,0.0,0.0
2025-12-04 22:00,255.3,0.0,0.0
2025-12-04 23:00,263.0,0.0,0.0
2025-12-05 00:00,266.0,0.0,0.0
2025-12-05 01:00,267.6,0.0,0.0
2025-12-05 02:00,250.8,0.0,0.0
2025-12-05 03:00,258.9,0.0,0.0
2025-12-05 04:00,281.8,0.0,0.0
2025-12-05 05:00,287.1,0.0,0.0
2025-12-05 06:00,404.8,0.0,0.0
2025-12-05 07:00,532.7,8.44,0.0
2025-12-05 08:00,579.6,76.67,0.0
2025-12-05 09:00,549.8,147.7,0.0
2025-12-05 10:00,544.5,172.91,0.0
2025-12-05 11:00,592.2,201.78,0.0
2025-12-05 12:00,537.9,194.66,0.0
2025-12-05 13:00,578.2,190.06,0.0
2025-12-05 14:00,562.9,134.74,0.0
2025-12-05 15:00,566.9,81.88,0.0
2025-12-05 16:00,533.8,8.24,0.0
2025-12-05 17:00,484.6,0.0,0.0
2025-12-05 18:00,380.0,0.0,0.0
2025-12-05 19:00,345.3,0.0,0.0
2025-12-05 20:00,311.8,0.0,0.0
2025-12-05 21:00,296.0,0.0,0.0
2025-12-05 22:00,259.3,0.0,0.0
2025-12-05 23:00,250.8,0.0,0.0
2025-12-06 00:00,260.1,0.0,0.0
2025-12-06 01:00,251.3,0.0,0.0
2025-12-06 02:00,272.1,0.0,0.0
2025-12-06 03:00,256.1,0.0,0.0
2025-12-06 04:00,268.6,0.0,0.0
2025-12-06 05:00,264.2,0.0,0.0
2025-12-06 06:00,378.4,0.0,0.0
2025-12-06 07:00,352.2,79.27,0.0
2025-12-06 08:00,402.7,380.6,0.0
2025-12-06 09:00,402.7,605.49,-202.79
2025-12-06 10:00,363.1,764.48,-401.38
2025-12-06 11:00,388.0,740.99,-352.99
2025-12-06 12:00,395.2,763.89,-368.69
2025-12-06 13:00,399.3,703.09,-303.79
2025-12-06 14:00,374.8,580.2,-205.4
2025-12-06 15:00,255.8,354.67,-98.87
2025-12-06 16:00,246.9,80.15,166.75
2025-12-06 17:00,252.9,0.0,252.9
2025-12-06 18:00,235.1,0.0,235.1
2025-12-06 19:00,272.0,0.0,272.0
2025-12-06 20:00,254.5,0.0,254.5
2025-12-06 21:00,252.2,0.0,0.0
2025-12-06 22:00,262.4,0.0,0.0
2025-12-06 23:00,263.5,0.0,0.0
2025-12-07 00:00,256.6,0.0,0.0
2025-12-07 01:00,257.3,0.0,0.0
2025-12-07 02:00,254.6,0.0,0.0
2025-12-07 03:00,258.1,0.0,0.0
2025-12-07 04:00,267.5,0.0,0.0
2025-12-07 05:00,248.4,0.0,0.0
2025-12-07 06:00,271.4,0.0,0.0
2025-12-07 07:00,250.0,78.59,0.0
2025-12-07 08:00,260.1,333.61,-73.51
2025-12-07 09:00,254.8,576.0,-321.2
2025-12-07 10:00,257.7,722.8,-465.1
2025-12-07 11:00,263.7,785.54,-500.0
2025-12-07 12:00,273.5,788.23,-74.02
2025-12-07 13:00,263.5,690.2,-0.0
2025-12-07 14:00,256.3,566.65,-0.0
2025-12-07 15:00,259.3,342.77,-0.0
2025-12-07 16:00,260.4,69.91,190.49
2025-12-07 17:00,266.6,0.0,266.6
2025-12-07 18:00,256.9,0.0,256.9
2025-12-07 19:00,252.9,0.0,252.9
2025-12-07 20:00,259.4,0.0,259.4
2025-12-07 21:00,266.1,0.0,0.0
2025-12-07 22:00,255.2,0.0,0.0
2025-12-07 23:00,244.8,0.0,0.0
2025-12-08 00:00,255.6,0.0,0.0
2025-12-08 01:00,250.1,0.0,0.0
2025-12-08 02:00,234.5,0.0,0.0
2025-12-08 03:00,288.9,0.0,0.0
2025-12-08 04:00,258.4,0.0,0.0
2025-12-08 05:00,247.0,0.0,0.0
2025-12-08 06:00,398.0,0.0,0.0
2025-12-08 07:00,568.5,23.97,0.0
2025-12-08 08:00,530.6,173.64,0.0
2025-12-08 09:00,549.2,279.63,0.0
2025-12-08 10:00,513.2,346.59,0.0
2025-12-08 11:00,558.5,364.27,0.0
2025-12-08 12:00,540.4,390.62,0.0
2025-12-08 13:00,571.8,353.23,0.0
2025-12-08 14:00,560.9,266.01,0.0
2025-12-08 15:00,547.5,152.76,0.0
2025-12-08 16:00,509.2,24.76,191.31
2025-12-08 17:00,505.6,0.0,212.47
2025-12-08 18:00,365.9,0.0,72.77
2025-12-08 19:00,340.3,0.0,47.17
2025-12-08 20:00,325.5,0.0,32.37
2025-12-08 21:00,311.2,0.0,0.0
2025-12-08 22:00,254.8,0.0,0.0
2025-12-08 23:00,267.5,0.0,0.0
2025-12-09 00:00,252.9,0.0,0.0
2025-12-09 01:00,266.6,0.0,0.0
2025-12-09 02:00,263.9,0.0,0.0
2025-12-09 03:00,267.9,0.0,0.0
2025-12-09 04:00,263.1,0.0,0.0
2025-12-09 05:00,265.4,0.0,0.0
2025-12-09 06:00,407.2,0.0,0.0
2025-12-09 07:00,544.0,8.52,0.0
2025-12-09 08:00,556.4,102.5,0.0
2025-12-09 09:00,518.2,180.89,0.0
2025-12-09 10:00,516.5,229.11,0.0
2025-12-09 11:00,563.2,261.96,0.0
2025-12-09 12:00,531.8,251.99,0.0
2025-12-09 13:00,555.8,234.67,0.0
2025-12-09 14:00,557.1,180.75,0.0
2025-12-09 15:00,538.7,94.96,0.0
2025-12-09 16:00,549.7,8.31,0.0
2025-12-09 17:00,506.2,0.0,0.0
2025-12-09 18:00,388.4,0.0,0.0
2025-12-09 19:00,343.0,0.0,0.0
2025-12-09 20:00,330.0,0.0,0.0
2025-12-09 21:00,312.0,0.0,0.0
2025-12-09 22:00,260.7,0.0,0.0
2025-12-09 23:00,265.4,0.0,0.0
2025-12-10 00:00,253.3,0.0,0.0
2025-12-10 01:00,250.1,0.0,0.0
2025-12-10 02:00,256.8,0.0,0.0
2025-12-10 03:00,270.6,0.0,0.0
2025-12-10 04:00,266.4,0.0,0.0
2025-12-10 05:00,255.3,0.0,0.0
2025-12-10 06:00,401.4,0.0,0.0
2025-12-10 07:00,535.2,12.59,0.0
2025-12-10 08:00,521.3,174.85,0.0
2025-12-10 09:00,485.5,298.78,0.0
2025-12-10 10:00,550.2,361.73,0.0
2025-12-10 11:00,534.4,442.56,0.0
2025-12-10 12:00,530.2,381.36,0.0
2025-12-10 13:00,519.7,363.49,0.0
2025-12-10 14:00,539.6,283.5,0.0
2025-12-10 15:00,549.6,170.03,0.0
2025-12-10 16:00,552.2,12.28,0.0
2025-12-10 17:00,493.8,0.0,0.0
2025-12-10 18:00,372.5,0.0,0.0
2025-12-10 19:00,344.5,0.0,0.0
2025-12-10 20:00,336.6,0.0,0.0
2025-12-10 21:00,314.2,0.0,0.0
2025-12-10 22:00,261.2,0.0,0.0
2025-12-10 23:00,260.9,0.0,0.0
2025-12-11 00:00,255.2,0.0,0.0
2025-12-11 01:00,244.7,0.0,0.0
2025-12-11 02:00,256.2,0.0,0.0
2025-12-11 03:00,265.3,0.0,0.0
2025-12-11 04:00,262.3,0.0,0.0
2025-12-11 05:00,260.7,0.0,0.0
2025-12-11 06:00,380.7,0.0,0.0
2025-12-11 07:00,528.7,14.36,0.0
2025-12-11 08:00,542.8,225.31,0.0
2025-12-11 09:00,520.6,369.19,0.0
2025-12-11 10:00,569.4,478.05,0.0
2025-12-11 11:00,534.7,540.66,-5.96
2025-12-11 12:00,516.3,512.26,0.0
2025-12-11 13:00,586.1,440.87,0.0
2025-12-11 14:00,565.5,381.83,0.0
2025-12-11 15:00,550.6,237.58,0.0
2025-12-11 16:00,569.4,14.02,5.24
2025-12-11 17:00,443.6,0.0,0.0
2025-12-11 18:00,391.1,0.0,0.0
2025-12-11 19:00,339.0,0.0,0.0
2025-12-11 20:00,347.9,0.0,0.0
2025-12-11 21:00,308.9,0.0,0.0
2025-12-11 22:00,255.0,0.0,0.0
2025-12-11 23:00,245.7,0.0,0.0
2025-12-12 00:00,264.6,0.0,0.0
2025-12-12 01:00,248.4,0.0,0.0
2025-12-12 02:00,269.8,0.0,0.0
2025-12-12 03:00,281.4,0.0,0.0
2025-12-12 04:00,238.2,0.0,0.0
2025-12-12 05:00,261.3,0.0,0.0
2025-12-12 06:00,409.8,0.0,0.0
2025-12-12 07:00,528.2,19.99,0.0
2025-12-12 08:00,536.6,400.0,0.0
2025-12-12 09:00,558.0,589.29,-31.29
2025-12-12 10:00,536.4,808.75,-272.35
2025-12-12 11:00,554.2,849.01,-294.81
2025-12-12 12:00,527.9,811.34,-283.44
2025-12-12 13:00,559.2,746.76,-187.56
2025-12-12 14:00,562.8,651.84,-89.04
2025-12-12 15:00,578.6,375.16,0.0
2025-12-12 16:00,570.5,19.52,335.36
2025-12-12 17:00,457.7,0.0,242.08
2025-12-12 18:00,383.8,0.0,168.18
2025-12-12 19:00,350.7,0.0,135.08
2025-12-12 20:00,354.4,0.0,138.78
2025-12-12 21:00,290.9,0.0,0.0
2025-12-12 22:00,262.8,0.0,0.0
2025-12-12 23:00,272.4,0.0,0.0
2025-12-13 00:00,253.3,0.0,0.0
2025-12-13 01:00,256.2,0.0,0.0
2025-12-13 02:00,265.3,0.0,0.0
2025-12-13 03:00,255.4,0.0,0.0
2025-12-13 04:00,256.9,0.0,0.0
2025-12-13 05:00,247.2,0.0,0.0
2025-12-13 06:00,379.0,0.0,0.0
2025-12-13 07:00,358.8,11.29,0.0
2025-12-13 08:00,389.7,177.7,0.0
2025-12-13 09:00,401.4,297.3,0.0
2025-12-13 10:00,385.3,368.81,0.0
2025-12-13 11:00,373.4,415.05,-41.65
2025-12-13 12:00,352.4,412.65,-60.25
2025-12-13 13:00,411.4,368.4,0.0
2025-12-13 14:00,393.4,285.22,0.0
2025-12-13 15:00,274.5,175.39,0.0
2025-12-13 16:00,245.9,11.02,4.4
2025-12-13 17:00,258.1,0.0,27.62
2025-12-13 18:00,247.3,0.0,16.82
2025-12-13 19:00,249.9,0.0,19.42
2025-12-13 20:00,251.9,0.0,21.42
2025-12-13 21:00,266.2,0.0,0.0
2025-12-13 22:00,263.1,0.0,0.0
2025-12-13 23:00,266.5,0.0,0.0
2025-12-14 00:00,267.6,0.0,0.0
2025-12-14 01:00,257.2,0.0,0.0
2025-12-14 02:00,258.4,0.0,0.0
2025-12-14 03:00,254.9,0.0,0.0
2025-12-14 04:00,285.1,0.0,0.0
2025-12-14 05:00,265.6,0.0,0.0
2025-12-14 06:00,268.7,0.0,0.0
2025-12-14 07:00,237.9,18.32,0.0
2025-12-14 08:00,260.9,306.68,-45.78
2025-12-14 09:00,258.6,584.65,-326.05
2025-12-14 10:00,273.6,735.23,-461.63
2025-12-14 11:00,253.6,848.8,-500.0
2025-12-14 12:00,270.2,821.33,-500.0
2025-12-14 13:00,279.3,725.02,-191.95
2025-12-14 14:00,272.2,584.6,-0.0
2025-12-14 15:00,275.8,383.31,-0.0
2025-12-14 16:00,249.9,17.89,232.01
2025-12-14 17:00,259.4,0.0,259.4
2025-12-14 18:00,255.3,0.0,255.3
2025-12-14 19:00,270.3,0.0,270.3
2025-12-14 20:00,264.6,0.0,264.6
2025-12-14 21:00,245.3,0.0,0.0
2025-12-14 22:00,257.4,0.0,0.0
2025-12-14 23:00,269.0,0.0,0.0
2025-12-15 00:00,255.7,0.0,0.0
2025-12-15 01:00,227.6,0.0,0.0
2025-12-15 02:00,272.5,0.0,0.0
2025-12-15 03:00,255.0,0.0,0.0
2025-12-15 04:00,239.4,0.0,0.0
2025-12-15 05:00,276.1,0.0,0.0
2025-12-15 06:00,406.9,0.0,0.0
2025-12-15 07:00,521.6,2.83,0.0
2025-12-15 08:00,556.1,28.1,0.0
2025-12-15 09:00,537.6,54.46,0.0
2025-12-15 10:00,567.1,69.43,0.0
2025-12-15 11:00,566.4,78.79,0.0
2025-12-15 12:00,540.4,75.81,0.0
2025-12-15 13:00,503.5,71.51,0.0
2025-12-15 14:00,587.7,52.24,0.0
2025-12-15 15:00,561.7,28.89,0.0
2025-12-15 16:00,540.5,2.76,215.18
2025-12-15 17:00,511.8,0.0,189.24
2025-12-15 18:00,385.9,0.0,63.34
2025-12-15 19:00,344.0,0.0,21.44
2025-12-15 20:00,334.1,0.0,11.54
2025-12-15 21:00,316.3,0.0,0.0
2025-12-15 22:00,256.4,0.0,0.0
2025-12-15 23:00,280.9,0.0,0.0
2025-12-16 00:00,244.7,0.0,0.0
2025-12-16 01:00,257.5,0.0,0.0
2025-12-16 02:00,262.6,0.0,0.0
2025-12-16 03:00,267.8,0.0,0.0
2025-12-16 04:00,250.5,0.0,0.0
2025-12-16 05:00,263.9,0.0,0.0
2025-12-16 06:00,424.7,0.0,0.0
2025-12-16 07:00,574.9,12.55,0.0
2025-12-16 08:00,540.1,264.03,0.0
2025-12-16 09:00,554.7,417.21,0.0
2025-12-16 10:00,572.0,495.35,0.0
2025-12-16 11:00,528.1,536.33,-8.23
2025-12-16 12:00,552.8,543.32,0.0
2025-12-16 13:00,537.4,460.17,0.0
2025-12-16 14:00,554.7,410.4,0.0
2025-12-16 15:00,563.1,247.31,0.0
2025-12-16 16:00,505.5,12.24,0.0
2025-12-16 17:00,500.9,0.0,7.24
2025-12-16 18:00,396.0,0.0,0.0
2025-12-16 19:00,352.4,0.0,0.0
2025-12-16 20:00,338.3,0.0,0.0
2025-12-16 21:00,319.4,0.0,0.0
2025-12-16 22:00,256.5,0.0,0.0
2025-12-16 23:00,247.5,0.0,0.0
2025-12-17 00:00,270.6,0.0,0.0
2025-12-17 01:00,261.2,0.0,0.0
2025-12-17 02:00,267.3,0.0,0.0
2025-12-17 03:00,274.9,0.0,0.0
2025-12-17 04:00,269.4,0.0,0.0
2025-12-17 05:00,269.1,0.0,0.0
2025-12-17 06:00,426.1,0.0,0.0
2025-12-17 07:00,531.9,14.09,0.0
2025-12-17 08:00,511.1,275.43,0.0
2025-12-17 09:00,570.7,422.66,0.0
2025-12-17 10:00,543.2,557.66,-14.46
2025-12-17 11:00,534.1,576.46,-42.36
2025-12-17 12:00,520.5,538.79,-18.29
2025-12-17 13:00,572.4,519.42,0.0
2025-12-17 14:00,561.1,415.58,0.0
2025-12-17 15:00,566.1,240.75,0.0
2025-12-17 16:00,550.0,12.38,41.96
2025-12-17 17:00,519.8,0.0,24.14
2025-12-17 18:00,391.5,0.0,0.0
2025-12-17 19:00,352.5,0.0,0.0
2025-12-17 20:00,354.8,0.0,0.0
2025-12-17 21:00,302.2,0.0,0.0
2025-12-17 22:00,253.8,0.0,0.0
2025-12-17 23:00,259.6,0.0,0.0
2025-12-18 00:00,242.9,0.0,0.0
2025-12-18 01:00,260.4,0.0,0.0
2025-12-18 02:00,264.4,0.0,0.0
2025-12-18 03:00,268.9,0.0,0.0
2025-12-18 04:00,263.9,0.0,0.0
2025-12-18 05:00,263.9,0.0,0.0
2025-12-18 06:00,411.7,0.0,0.0
2025-12-18 07:00,521.3,4.2,0.0
2025-12-18 08:00,557.9,45.93,0.0
2025-12-18 09:00,569.6,84.28,0.0
2025-12-18 10:00,541.3,114.0,0.0
2025-12-18 11:00,537.5,120.3,0.0
2025-12-18 12:00,532.6,117.12,0.0
2025-12-18 13:00,550.3,112.81,0.0
2025-12-18 14:00,552.6,82.95,0.0
2025-12-18 15:00,527.0,42.25,0.0
2025-12-18 16:00,582.9,2.74,0.0
2025-12-18 17:00,479.8,0.0,0.0
2025-12-18 18:00,396.7,0.0,0.0
2025-12-18 19:00,350.9,0.0,0.0
2025-12-18 20:00,355.7,0.0,0.0
2025-12-18 21:00,300.0,0.0,0.0
2025-12-18 22:00,269.1,0.0,0.0
2025-12-18 23:00,254.0,0.0,0.0
2025-12-19 00:00,261.9,0.0,0.0
2025-12-19 01:00,255.8,0.0,0.0
2025-12-19 02:00,248.0,0.0,0.0
2025-12-19 03:00,267.9,0.0,0.0
2025-12-19 04:00,265.9,0.0,0.0
2025-12-19 05:00,269.0,0.0,0.0
2025-12-19 06:00,429.8,0.0,0.0
2025-12-19 07:00,535.1,13.97,0.0
2025-12-19 08:00,569.2,274.63,0.0
2025-12-19 09:00,510.3,447.15,0.0
2025-12-19 10:00,534.4,553.82,-19.42
2025-12-19 11:00,563.7,652.95,-89.25
2025-12-19 12:00,540.7,615.54,-74.84
2025-12-19 13:00,572.5,519.85,0.0
2025-12-19 14:00,554.3,459.36,0.0
2025-12-19 15:00,597.7,284.35,0.0
2025-12-19 16:00,549.4,13.63,126.58
2025-12-19 17:00,444.1,0.0,34.91
2025-12-19 18:00,369.9,0.0,0.0
2025-12-19 19:00,356.3,0.0,0.0
2025-12-19 20:00,360.2,0.0,0.0
2025-12-19 21:00,318.2,0.0,0.0
2025-12-19 22:00,262.7,0.0,0.0
2025-12-19 23:00,255.6,0.0,0.0
2025-12-20 00:00,259.5,0.0,0.0
2025-12-20 01:00,271.5,0.0,0.0
2025-12-20 02:00,245.9,0.0,0.0
2025-12-20 03:00,263.3,0.0,0.0
2025-12-20 04:00,268.1,0.0,0.0
2025-12-20 05:00,269.7,0.0,0.0
2025-12-20 06:00,400.5,0.0,0.0
2025-12-20 07:00,379.5,12.71,0.0
2025-12-20 08:00,374.7,289.34,0.0
2025-12-20 09:00,396.9,434.53,-37.63
2025-12-20 10:00,356.0,544.25,-188.25
2025-12-20 11:00,380.6,581.26,-200.66
2025-12-20 12:00,368.7,556.55,-187.85
2025-12-20 13:00,405.2,546.94,-141.74
2025-12-20 14:00,371.9,409.73,-37.83
2025-12-20 15:00,281.2,269.18,0.0
2025-12-20 16:00,259.0,12.4,128.6
2025-12-20 17:00,257.0,0.0,139.0
2025-12-20 18:00,249.6,0.0,131.6
2025-12-20 19:00,257.9,0.0,139.9
2025-12-20 20:00,277.6,0.0,159.6
2025-12-20 21:00,255.0,0.0,0.0
2025-12-20 22:00,265.8,0.0,0.0
2025-12-20 23:00,243.1,0.0,0.0
2025-12-21 00:00,262.5,0.0,0.0
2025-12-21 01:00,253.3,0.0,0.0
2025-12-21 02:00,268.3,0.0,0.0
2025-12-21 03:00,261.0,0.0,0.0
2025-12-21 04:00,265.0,0.0,0.0
2025-12-21 05:00,272.3,0.0,0.0
2025-12-21 06:00,251.4,0.0,0.0
2025-12-21 07:00,265.6,14.13,0.0
2025-12-21 08:00,244.8,323.41,-78.61
2025-12-21 09:00,253.8,474.19,-220.39
2025-12-21 10:00,247.9,589.9,-342.0
2025-12-21 11:00,258.8,679.58,-420.78
2025-12-21 12:00,240.3,703.61,-463.31
2025-12-21 13:00,249.3,625.64,-376.34
2025-12-21 14:00,282.2,498.95,-123.98
2025-12-21 15:00,267.5,303.61,-0.0
2025-12-21 16:00,268.3,13.79,254.51
2025-12-21 17:00,266.1,0.0,266.1
2025-12-21 18:00,254.0,0.0,254.0
2025-12-21 19:00,259.2,0.0,259.2
2025-12-21 20:00,252.0,0.0,252.0
2025-12-21 21:00,236.8,0.0,0.0
2025-12-21 22:00,264.3,0.0,0.0
2025-12-21 23:00,246.4,0.0,0.0
2025-12-22 00:00,256.0,0.0,0.0
2025-12-22 01:00,245.7,0.0,0.0
2025-12-22 02:00,245.2,0.0,0.0
2025-12-22 03:00,263.3,0.0,0.0
2025-12-22 04:00,263.8,0.0,0.0
2025-12-22 05:00,271.6,0.0,0.0
2025-12-22 06:00,417.1,0.0,0.0
2025-12-22 07:00,550.9,9.91,0.0
2025-12-22 08:00,553.7,200.44,0.0
2025-12-22 09:00,564.2,314.52,0.0
2025-12-22 10:00,563.3,419.98,0.0
2025-12-22 11:00,577.6,430.55,0.0
2025-12-22 12:00,513.8,462.23,0.0
2025-12-22 13:00,530.0,420.56,0.0
2025-12-22 14:00,554.1,333.83,0.0
2025-12-22 15:00,555.5,191.07,0.0
2025-12-22 16:00,538.5,9.68,215.39
2025-12-22 17:00,466.1,0.0,152.67
2025-12-22 18:00,373.3,0.0,59.87
2025-12-22 19:00,368.8,0.0,55.37
2025-12-22 20:00,326.7,0.0,13.27
2025-12-22 21:00,298.3,0.0,0.0
2025-12-22 22:00,246.9,0.0,0.0
2025-12-22 23:00,276.9,0.0,0.0
2025-12-23 00:00,251.6,0.0,0.0
2025-12-23 01:00,262.5,0.0,0.0
2025-12-23 02:00,271.8,0.0,0.0
2025-12-23 03:00,255.9,0.0,0.0
2025-12-23 04:00,265.9,0.0,0.0
2025-12-23 05:00,257.1,0.0,0.0
2025-12-23 06:00,433.1,0.0,0.0
2025-12-23 07:00,505.5,11.29,0.0
2025-12-23 08:00,534.5,184.67,0.0
2025-12-23 09:00,559.8,317.04,0.0
2025-12-23 10:00,601.1,405.16,0.0
2025-12-23 11:00,512.2,467.32,0.0
2025-12-23 12:00,561.5,468.96,0.0
2025-12-23 13:00,547.5,402.87,0.0
2025-12-23 14:00,561.8,347.17,0.0
2025-12-23 15:00,557.1,193.02,0.0
2025-12-23 16:00,556.8,11.02,0.0
2025-12-23 17:00,484.4,0.0,0.0
2025-12-23 18:00,385.9,0.0,0.0
2025-12-23 19:00,344.5,0.0,0.0
2025-12-23 20:00,350.7,0.0,0.0
2025-12-23 21:00,308.1,0.0,0.0
2025-12-23 22:00,256.4,0.0,0.0
2025-12-23 23:00,259.5,0.0,0.0
2025-12-24 00:00,262.7,0.0,0.0
2025-12-24 01:00,246.3,0.0,0.0
2025-12-24 02:00,257.9,0.0,0.0
2025-12-24 03:00,255.6,0.0,0.0
2025-12-24 04:00,263.7,0.0,0.0
2025-12-24 05:00,262.3,0.0,0.0
2025-12-24 06:00,424.8,0.0,0.0
2025-12-24 07:00,608.0,7.07,0.0
2025-12-24 08:00,585.9,107.65,0.0
2025-12-24 09:00,527.7,181.35,0.0
2025-12-24 10:00,499.7,225.31,0.0
2025-12-24 11:00,544.7,274.26,0.0
2025-12-24 12:00,533.1,269.59,0.0
2025-12-24 13:00,594.4,241.87,0.0
2025-12-24 14:00,556.8,179.83,0.0
2025-12-24 15:00,563.5,108.13,0.0
2025-12-24 16:00,529.2,6.9,0.0
2025-12-24 17:00,479.6,0.0,0.0
2025-12-24 18:00,398.7,0.0,0.0
2025-12-24 19:00,352.5,0.0,0.0
2025-12-24 20:00,347.1,0.0,0.0
2025-12-24 21:00,298.0,0.0,0.0
2025-12-24 22:00,275.9,0.0,0.0
2025-12-24 23:00,275.8,0.0,0.0
2025-12-25 00:00,246.0,0.0,0.0
2025-12-25 01:00,263.6,0.0,0.0
2025-12-25 02:00,251.0,0.0,0.0
2025-12-25 03:00,250.6,0.0,0.0
2025-12-25 04:00,258.2,0.0,0.0
2025-12-25 05:00,250.5,0.0,0.0
2025-12-25 06:00,394.1,0.0,0.0
2025-12-25 07:00,545.7,15.58,0.0
2025-12-25 08:00,482.4,295.67,0.0
2025-12-25 09:00,519.1,454.3,0.0
2025-12-25 10:00,567.6,541.73,0.0
2025-12-25 11:00,567.1,658.56,-91.46
2025-12-25 12:00,527.7,600.94,-73.24
2025-12-25 13:00,561.8,569.7,-7.9
2025-12-25 14:00,566.9,481.12,0.0
2025-12-25 15:00,586.0,278.49,0.0
2025-12-25 16:00,530.7,13.83,90.63
2025-12-25 17:00,487.5,0.0,61.26
2025-12-25 18:00,369.3,0.0,0.0
2025-12-25 19:00,352.3,0.0,0.0
2025-12-25 20:00,358.6,0.0,0.0
2025-12-25 21:00,296.6,0.0,0.0
2025-12-25 22:00,266.5,0.0,0.0
2025-12-25 23:00,274.3,0.0,0.0
2025-12-26 00:00,258.6,0.0,0.0
2025-12-26 01:00,255.5,0.0,0.0
2025-12-26 02:00,258.2,0.0,0.0
2025-12-26 03:00,268.4,0.0,0.0
2025-12-26 04:00,241.1,0.0,0.0
2025-12-26 05:00,249.8,0.0,0.0
2025-12-26 06:00,401.8,0.0,0.0
2025-12-26 07:00,578.4,11.24,0.0
2025-12-26 08:00,511.2,217.75,0.0
2025-12-26 09:00,532.2,354.32,0.0
2025-12-26 10:00,553.0,437.82,0.0
2025-12-26 11:00,554.2,443.26,0.0
2025-12-26 12:00,506.1,473.74,0.0
2025-12-26 13:00,554.0,431.78,0.0
2025-12-26 14:00,544.8,355.02,0.0
2025-12-26 15:00,553.5,212.25,0.0
2025-12-26 16:00,528.1,12.34,0.0
2025-12-26 17:00,472.5,0.0,0.0
2025-12-26 18:00,397.7,0.0,0.0
2025-12-26 19:00,331.0,0.0,0.0
2025-12-26 20:00,305.6,0.0,0.0
2025-12-26 21:00,291.4,0.0,0.0
2025-12-26 22:00,251.3,0.0,0.0
2025-12-26 23:00,255.6,0.0,0.0
2025-12-27 00:00,266.2,0.0,0.0
2025-12-27 01:00,262.6,0.0,0.0
2025-12-27 02:00,270.0,0.0,0.0
2025-12-27 03:00,259.9,0.0,0.0
2025-12-27 04:00,269.2,0.0,0.0
2025-12-27 05:00,267.7,0.0,0.0
2025-12-27 06:00,371.3,0.0,0.0
2025-12-27 07:00,371.0,16.88,0.0
2025-12-27 08:00,397.6,354.39,0.0
2025-12-27 09:00,376.2,506.71,-130.51
2025-12-27 10:00,396.1,643.96,-247.86
2025-12-27 11:00,381.2,716.11,-334.91
2025-12-27 12:00,392.5,717.19,-324.69
2025-12-27 13:00,377.1,662.42,-285.32
2025-12-27 14:00,370.1,558.77,-188.67
2025-12-27 15:00,252.2,327.45,-75.25
2025-12-27 16:00,248.4,16.48,231.92
2025-12-27 17:00,263.0,0.0,263.0
2025-12-27 18:00,262.3,0.0,262.3
2025-12-27 19:00,258.9,0.0,258.9
2025-12-27 20:00,269.3,0.0,269.3
2025-12-27 21:00,242.7,0.0,0.0
2025-12-27 22:00,256.6,0.0,0.0
2025-12-27 23:00,248.4,0.0,0.0
2025-12-28 00:00,272.7,0.0,0.0
2025-12-28 01:00,264.8,0.0,0.0
2025-12-28 02:00,251.3,0.0,0.0
2025-12-28 03:00,255.8,0.0,0.0
2025-12-28 04:00,256.5,0.0,0.0
2025-12-28 05:00,291.2,0.0,0.0
2025-12-28 06:00,259.2,0.0,0.0
2025-12-28 07:00,249.6,7.1,0.0
2025-12-28 08:00,246.8,110.82,0.0
2025-12-28 09:00,267.5,183.42,0.0
2025-12-28 10:00,255.1,234.54,0.0
2025-12-28 11:00,246.6,263.04,-16.44
2025-12-28 12:00,246.0,266.46,-20.46
2025-12-28 13:00,254.9,230.68,0.0
2025-12-28 14:00,243.9,182.06,0.0
2025-12-28 15:00,264.4,104.5,0.0
2025-12-28 16:00,258.6,8.31,20.05
2025-12-28 17:00,273.4,0.0,43.16
2025-12-28 18:00,243.6,0.0,13.36
2025-12-28 19:00,253.4,0.0,23.16
2025-12-28 20:00,274.3,0.0,44.06
2025-12-28 21:00,259.8,0.0,0.0
2025-12-28 22:00,267.3,0.0,0.0
2025-12-28 23:00,251.7,0.0,0.0
2025-12-29 00:00,263.0,0.0,0.0
2025-12-29 01:00,247.3,0.0,0.0
2025-12-29 02:00,253.4,0.0,0.0
2025-12-29 03:00,261.5,0.0,0.0
2025-12-29 04:00,261.7,0.0,0.0
2025-12-29 05:00,273.4,0.0,0.0
2025-12-29 06:00,422.9,0.0,0.0
2025-12-29 07:00,547.6,15.41,0.0
2025-12-29 08:00,558.4,246.83,0.0
2025-12-29 09:00,510.6,436.8,0.0
2025-12-29 10:00,507.2,504.92,0.0
2025-12-29 11:00,524.9,542.68,-17.78
2025-12-29 12:00,545.3,598.58,-53.28
2025-12-29 13:00,525.8,514.23,0.0
2025-12-29 14:00,544.2,403.08,0.0
2025-12-29 15:00,535.5,229.77,0.0
2025-12-29 16:00,543.2,15.03,53.45
2025-12-29 17:00,483.8,0.0,9.08
2025-12-29 18:00,379.9,0.0,0.0
2025-12-29 19:00,365.6,0.0,0.0
2025-12-29 20:00,332.4,0.0,0.0
2025-12-29 21:00,279.4,0.0,0.0
2025-12-29 22:00,273.0,0.0,0.0
2025-12-29 23:00,267.3,0.0,0.0
2025-12-30 00:00,249.8,0.0,0.0
2025-12-30 01:00,262.7,0.0,0.0
2025-12-30 02:00,262.1,0.0,0.0
2025-12-30 03:00,258.1,0.0,0.0
2025-12-30 04:00,245.7,0.0,0.0
2025-12-30 05:00,253.0,0.0,0.0
2025-12-30 06:00,407.2,0.0,0.0
2025-12-30 07:00,546.8,7.08,0.0
2025-12-30 08:00,547.1,99.46,0.0
2025-12-30 09:00,559.9,170.8,0.0
2025-12-30 10:00,538.7,221.76,0.0
2025-12-30 11:00,543.1,244.98,0.0
2025-12-30 12:00,548.2,256.64,0.0
2025-12-30 13:00,555.7,219.6,0.0
2025-12-30 14:00,584.6,177.56,0.0
2025-12-30 15:00,528.2,94.75,0.0
2025-12-30 16:00,516.1,6.91,0.0
2025-12-30 17:00,500.8,0.0,0.0
2025-12-30 18:00,380.5,0.0,0.0
2025-12-30 19:00,330.6,0.0,0.0
2025-12-30 20:00,327.4,0.0,0.0
2025-12-30 21:00,301.7,0.0,0.0
2025-12-30 22:00,268.9,0.0,0.0
2025-12-30 23:00,263.1,0.0,0.0
2025-12-31 00:00,243.3,0.0,0.0
2025-12-31 01:00,256.7,0.0,0.0
2025-12-31 02:00,272.6,0.0,0.0
2025-12-31 03:00,242.5,0.0,0.0
2025-12-31 04:00,261.0,0.0,0.0
2025-12-31 05:00,270.6,0.0,0.0
2025-12-31 06:00,401.7,0.0,0.0
2025-12-31 07:00,548.1,9.84,0.0
2025-12-31 08:00,552.4,149.77,0.0
2025-12-31 09:00,483.8,233.28,0.0
2025-12-31 10:00,563.4,308.26,0.0
2025-12-31 11:00,526.7,343.97,0.0
2025-12-31 12:00,544.7,352.29,0.0
2025-12-31 13:00,561.6,300.18,0.0
2025-12-31 14:00,606.6,228.46,0.0
2025-12-31 15:00,549.4,141.41,0.0
2025-12-31 16:00,519.8,9.61,0.0
2025-12-31 17:00,468.5,0.0,0.0
2025-12-31 18:00,379.9,0.0,0.0
2025-12-31 19:00,334.9,0.0,0.0
2025-12-31 20:00,337.5,0.0,0.0
2025-12-31 21:00,307.6,0.0,0.0
2025-12-31 22:00,247.5,0.0,0.0
2025-12-31 23:00,267.0,0.0,0.0
